target_index,mean,variance,df,VaR,ES,loglikelihood,persistence,converged_starts,parameters
1509,0.25390258839047175,1.3985504753019438,5.7187964602113235,1.6156540657659761,2.371405155521134,-1927.2860649702197,0.99999958068779371,2,"{""alpha[1]"": 0.18071991310730195, ""ar[1]"": -1.7389897173867834, ""ar[2]"": -0.8490145006469664, ""beta[1]"": 0.8192796675804918, ""ma[1]"": 1.6987627555053726, ""ma[2]"": 0.8030831553655196, ""mu"": 0.10648148528081118, ""nu"": 5.7187964602113235, ""omega"": 0.016889003666390574}"
1510,0.018302252091078275,1.2447612421035008,5.7141246666388561,1.7453553019942425,2.4585860449091177,-1928.4822841898017,0.99999957056789235,2,"{""alpha[1]"": 0.18086396430241156, ""ar[1]"": -1.7404354101361672, ""ar[2]"": -0.8504905582393314, ""beta[1]"": 0.8191356062654808, ""ma[1]"": 1.7008843435242866, ""ma[2]"": 0.8052855844140222, ""mu"": 0.10627547358139358, ""nu"": 5.714124666638856, ""omega"": 0.016915307665888998}"
1511,0.13593268807832659,1.1383790737351367,5.7153220896470511,1.5507055936883742,2.2327186645985226,-1929.7273763891535,0.99999973947753351,2,"{""alpha[1]"": 0.18104049828075652, ""ar[1]"": -1.7394965239562385, ""ar[2]"": -0.849447808818515, ""beta[1]"": 0.818959241196777, ""ma[1]"": 1.7001921947341803, ""ma[2]"": 0.8044543067623607, ""mu"": 0.10651177248865862, ""nu"": 5.715322089647051, ""omega"": 0.016932871222294258}"
1512,0.14682316110875582,1.2436163815258201,5.7347164985618937,1.616527531027546,2.3283678515739163,-1931.6331648076675,0.99999972970507944,2,"{""alpha[1]"": 0.18062892987690016, ""ar[1]"": -1.7356537847374154, ""ar[2]"": -0.8455694576967494, ""beta[1]"": 0.8193707998281793, ""ma[1]"": 1.695874997355721, ""ma[2]"": 0.8000255095853516, ""mu"": 0.10614352139058712, ""nu"": 5.734716498561894, ""omega"": 0.016851035770821587}"
1513,-0.019369002316687478,1.8645265301273963,5.7609827620949376,2.179280770827297,3.0492496893754968,-1934.8071359790422,0.99999971994240933,2,"{""alpha[1]"": 0.18018567184683335, ""ar[1]"": -1.7314455210650328, ""ar[2]"": -0.8417023439874614, ""beta[1]"": 0.819814048095576, ""ma[1]"": 1.6904453674431528, ""ma[2]"": 0.7949579345027575, ""mu"": 0.10664341648088559, ""nu"": 5.760982762094938, ""omega"": 0.016787549152120065}"
1514,0.18985830058471787,1.5443820764883573,5.7424185284869385,1.7753967724478323,2.5682186053518823,-1935.8675110504962,0.99999971028756485,2,"{""alpha[1]"": 0.1796316122173759, ""ar[1]"": -1.7292376326808077, ""ar[2]"": -0.8394007878048593, ""beta[1]"": 0.820368098070189, ""ma[1]"": 1.6879230102313638, ""ma[2]"": 0.7922672758378856, ""mu"": 0.10662958632647858, ""nu"": 5.7424185284869385, ""omega"": 0.01672017112687615}"
1515,0.048808154828890116,1.330166074841612,5.7335997542734489,1.7748427686010917,2.511096170122622,-1936.9816336149761,0.99999970032519958,2,"{""alpha[1]"": 0.17957168724679637, ""ar[1]"": -1.7284483203698215, ""ar[2]"": -0.8390668461989718, ""beta[1]"": 0.8204280130784032, ""ma[1]"": 1.6867009234566246, ""ma[2]"": 0.791589356589747, ""mu"": 0.1067784640315, ""nu"": 5.733599754273449, ""omega"": 0.016721325367168888}"
1516,0.055565682820210682,1.3698560067523913,5.7494373503892806,1.7954956546720489,2.5418008304110353,-1938.7460123024277,0.99999969030608238,2,"{""alpha[1]"": 0.17960536284267287, ""ar[1]"": -1.7234972930982346, ""ar[2]"": -0.8323281070956317, ""beta[1]"": 0.8203943274634096, ""ma[1]"": 1.6817419412248231, ""ma[2]"": 0.7843549193941622, ""mu"": 0.10706966692923772, ""nu"": 5.749437350389281, ""omega"": 0.01669888302172007}"
1517,0.16735732587075258,1.1581928540309196,5.7356027030131251,1.5343749200408907,2.221288387038864,-1939.7132898969992,0.99999968029499176,2,"{""alpha[1]"": 0.17962661893078408, ""ar[1]"": -1.725620077402474, ""ar[2]"": -0.834958264059996, ""beta[1]"": 0.8203730613642076, ""ma[1]"": 1.6842040776323481, ""ma[2]"": 0.7874553187959951, ""mu"": 0.10722987986274321, ""nu"": 5.735602703013125, ""omega"": 0.01671394396878339}"
1518,0.018651623943767071,0.97327674053980751,5.7229681644049446,1.5410551344110823,2.1713249702330306,-1940.5711227299059,0.99999967008322144,2,"{""alpha[1]"": 0.1799371967582615, ""ar[1]"": -1.7204800044396098, ""ar[2]"": -0.8290808307714764, ""beta[1]"": 0.82006247332496, ""ma[1]"": 1.6784285500412506, ""ma[2]"": 0.780699315687067, ""mu"": 0.107388395002396, ""nu"": 5.722968164404945, ""omega"": 0.016757740756174665}"
1519,0.20761885778267536,0.81896141407610434,5.7116083915822351,1.2228804949650347,1.8015068148716511,-1941.3410808545391,0.99999965966692927,2,"{""alpha[1]"": 0.1805183354888227, ""ar[1]"": -1.714395760345421, ""ar[2]"": -0.8219724224879853, ""beta[1]"": 0.8194813241781066, ""ma[1]"": 1.6715520787858447, ""ma[2]"": 0.7725062865955276, ""mu"": 0.1074051601950658, ""nu"": 5.711608391582235, ""omega"": 0.016832362828997548}"
1520,0.095049169855262683,1.2628625119114973,5.7238879145492101,1.6816273791670462,2.399516626784028,-1944.380424971343,0.99999965151644055,2,"{""alpha[1]"": 0.17825442753494558, ""ar[1]"": -1.7317359273004946, ""ar[2]"": -0.841665188729035, ""beta[1]"": 0.821745223981495, ""ma[1]"": 1.6916878300614633, ""ma[2]"": 0.7957677211023771, ""mu"": 0.10666710323877691, ""nu"": 5.72388791454921, ""omega"": 0.016570559345184085}"
1521,0.1624996890678525,1.1747392031742441,5.7270771820364175,1.5511430903044428,2.2433722171128911,-1945.6966330308344,0.99999964154933341,2,"{""alpha[1]"": 0.17822766401424214, ""ar[1]"": -1.733651438379816, ""ar[2]"": -0.8437206745987736, ""beta[1]"": 0.8217719775350912, ""ma[1]"": 1.6939545917461236, ""ma[2]"": 0.7981587965604396, ""mu"": 0.10641262977087426, ""nu"": 5.7270771820364175, ""omega"": 0.01655849492007246}"
1522,-0.011975032074034164,1.4972168256738656,5.7558873456549797,1.9473448241633209,2.7272114169073807,-1948.2281123120874,0.99999963149774074,2,"{""alpha[1]"": 0.17830694812575665, ""ar[1]"": -1.7318880882239247, ""ar[2]"": -0.8417151974738074, ""beta[1]"": 0.8216926833719841, ""ma[1]"": 1.691482379387684, ""ma[2]"": 0.7953254467992847, ""mu"": 0.10689105977223244, ""nu"": 5.75588734565498, ""omega"": 0.016554321657194768}"
1523,0.13761845123857785,1.5074952736638445,5.7690130451160355,1.8047292963225321,2.5865337571942097,-1949.9604420314556,0.99999962131113418,2,"{""alpha[1]"": 0.17854850957287682, ""ar[1]"": -1.7362469199629553, ""ar[2]"": -0.8465033300553417, ""beta[1]"": 0.8214511117382574, ""ma[1]"": 1.6970744028518625, ""ma[2]"": 0.8014801301021424, ""mu"": 0.10719637276508699, ""nu"": 5.7690130451160355, ""omega"": 0.016576499796759705}"
1524,0.10789724419001412,1.2655279493758107,5.7527121126386023,1.6713596772529979,2.3885142107316133,-1950.9500258891851,0.99999961161345063,2,"{""alpha[1]"": 0.1781852620747053, ""ar[1]"": -1.7362010204449552, ""ar[2]"": -0.8464551699681231, ""beta[1]"": 0.8218143495387453, ""ma[1]"": 1.6971827816287726, ""ma[2]"": 0.8015558962229538, ""mu"": 0.10714335460620596, ""nu"": 5.752712112638602, ""omega"": 0.016537250243042305}"
1525,0.093952651866447412,1.0574711613159444,5.7361753511813571,1.5321145316092197,2.1884530797946429,-1951.8195453650501,0.99999960168206714,2,"{""alpha[1]"": 0.17810533448885563, ""ar[1]"": -1.7362068301688658, ""ar[2]"": -0.8464531522062297, ""beta[1]"": 0.8218942671932115, ""ma[1]"": 1.6973012360971147, ""ma[2]"": 0.8016571517097673, ""mu"": 0.10715160267123935, ""nu"": 5.736175351181357, ""omega"": 0.016533603318713123}"
1526,0.093777104612150719,1.0650819447530342,5.7494362074633987,1.5384284640983517,2.1964961132864764,-1953.3614943442026,0.99999959167806407,2,"{""alpha[1]"": 0.17812459712877335, ""ar[1]"": -1.7386796338195805, ""ar[2]"": -0.8488679256995972, ""beta[1]"": 0.8218749945492907, ""ma[1]"": 1.7000511594095151, ""ma[2]"": 0.8044591390284643, ""mu"": 0.10747881267130026, ""nu"": 5.749436207463399, ""omega"": 0.01652573101054467}"
1527,0.092252469974715479,0.89468207797386323,5.7343999636508904,1.4033905424316075,2.0071774045978188,-1954.156661798504,0.99999958151764612,2,"{""alpha[1]"": 0.1782985946792362, ""ar[1]"": -1.7397604508143076, ""ar[2]"": -0.8500327706419212, ""beta[1]"": 0.82170098683841, ""ma[1]"": 1.7014257405062954, ""ma[2]"": 0.805931140235502, ""mu"": 0.10760955646735323, ""nu"": 5.73439996365089, ""omega"": 0.0165561481224822}"
1528,0.19124632172242695,1.0751089591874683,5.7565935982836258,1.4487845725902224,2.1096031159793118,-1956.3071461254897,0.9999995722154682,2,"{""alpha[1]"": 0.1775548038225412, ""ar[1]"": -1.7404879344213646, ""ar[2]"": -0.8511589189382471, ""beta[1]"": 0.822444768392927, ""ma[1]"": 1.702233597618005, ""ma[2]"": 0.8070624088327852, ""mu"": 0.10704484111587495, ""nu"": 5.756593598283626, ""omega"": 0.01644624443654499}"
1529,-0.017295142238196837,1.1906816127212434,5.7798168373225707,1.7437692966991005,2.4380476310159898,-1958.238901151522,0.9999995621856328,2,"{""alpha[1]"": 0.17759061891419645, ""ar[1]"": -1.7370733461323407, ""ar[2]"": -0.8477294832436735, ""beta[1]"": 0.8224089432714363, ""ma[1]"": 1.6977906088169465, ""ma[2]"": 0.8024796361270651, ""mu"": 0.10742671775260135, ""nu"": 5.779816837322571, ""omega"": 0.016430187234452734}"
1530,0.15142028245623562,1.2018014299538458,5.7927885153967011,1.583398123537862,2.2802688237904918,-1959.855112539416,0.99999973848084722,2,"{""alpha[1]"": 0.17777925902478925, ""ar[1]"": -1.739818302332218, ""ar[2]"": -0.8503858143122863, ""beta[1]"": 0.822220479456058, ""ma[1]"": 1.7016508978120457, ""ma[2]"": 0.8063008430462038, ""mu"": 0.10774362978976912, ""nu"": 5.792788515396701, ""omega"": 0.016447453586787942}"
1531,0.037443350272977405,1.3061825385234012,5.8149069380807852,1.771674420093762,2.4970445195491835,-1961.7724237561001,0.99999972835792594,2,"{""alpha[1]"": 0.17799108167186783, ""ar[1]"": -1.744268467132673, ""ar[2]"": -0.8554320345501334, ""beta[1]"": 0.8220086466860581, ""ma[1]"": 1.7063196832650385, ""ma[2]"": 0.8117890108018162, ""mu"": 0.10804665299230574, ""nu"": 5.814906938080785, ""omega"": 0.01646347255462663}"
1532,0.17861410260584276,1.3054264244739695,5.8296152190637258,1.6303285306540733,2.3547404948334103,-1963.396921587977,0.99999971830739198,2,"{""alpha[1]"": 0.1780775695119234, ""ar[1]"": -1.7444366838762217, ""ar[2]"": -0.8557329747079985, ""beta[1]"": 0.8219221487954685, ""ma[1]"": 1.705964893796172, ""ma[2]"": 0.8116837448401865, ""mu"": 0.10771518077771902, ""nu"": 5.829615219063726, ""omega"": 0.01645372705975755}"
1533,0.1247903512024755,1.2001529896572485,5.8301213643711609,1.6096915296765404,2.3042556275289763,-1964.6823076732908,0.9999997331002255,2,"{""alpha[1]"": 0.1779965439630879, ""ar[1]"": -1.745251031921978, ""ar[2]"": -0.8565387029472288, ""beta[1]"": 0.8220031891371377, ""ma[1]"": 1.7073923744748336, ""ma[2]"": 0.8129949021541099, ""mu"": 0.10748775093440466, ""nu"": 5.830121364371161, ""omega"": 0.016436886592026367}"
1534,0.0044839526024227361,1.2511269011155175,5.8473100199571615,1.7668441060889122,2.475154394551021,-1966.4302525114813,0.9999997230358445,2,"{""alpha[1]"": 0.17811289016311152, ""ar[1]"": -1.7394903454976771, ""ar[2]"": -0.8503410257712419, ""beta[1]"": 0.821886832872733, ""ma[1]"": 1.7009850600388008, ""ma[2]"": 0.805796104905634, ""mu"": 0.10781781382447421, ""nu"": 5.8473100199571615, ""omega"": 0.016433365231704116}"
1535,0.26354173634989342,1.2574073509702239,5.8623419301071138,1.5125697575262622,2.2219146301543589,-1968.0567158591884,0.99999971302353774,2,"{""alpha[1]"": 0.17813382700089822, ""ar[1]"": -1.7330169978144245, ""ar[2]"": -0.843559728256863, ""beta[1]"": 0.8218658860226395, ""ma[1]"": 1.6932370409535362, ""ma[2]"": 0.7974283778398488, ""mu"": 0.10748623097245566, ""nu"": 5.862341930107114, ""omega"": 0.01641098877383598}"
1536,0.02317677681916841,1.2770365965792425,5.8755484630457842,1.7670457100922121,2.4812533975711104,-1969.7221789781699,0.99999970293841522,2,"{""alpha[1]"": 0.17827144158261876, ""ar[1]"": -1.7384962107463198, ""ar[2]"": -0.8490286292383779, ""beta[1]"": 0.8217282613557965, ""ma[1]"": 1.7002051685540123, ""ma[2]"": 0.8046109856622002, ""mu"": 0.10718489099540839, ""nu"": 5.875548463045784, ""omega"": 0.01641893095842653}"
1537,0.16602735029248283,1.0736186287446041,5.8597154792345751,1.4751013455135262,2.1306780691894431,-1970.6278576389991,0.99999969306543113,2,"{""alpha[1]"": 0.17809516331211056, ""ar[1]"": -1.737692722021227, ""ar[2]"": -0.8480395268595302, ""beta[1]"": 0.8219045297533206, ""ma[1]"": 1.6994770990060584, ""ma[2]"": 0.8036400826939132, ""mu"": 0.1072084604927415, ""nu"": 5.859715479234575, ""omega"": 0.016400977128964746}"
1538,0.026819324460226612,1.0791446844471237,5.8732560428356191,1.6188119198665503,2.2754580787964924,-1972.1660037556371,0.99999968306694154,2,"{""alpha[1]"": 0.17808621465036742, ""ar[1]"": -1.7436066437131967, ""ar[2]"": -0.8547110144487736, ""beta[1]"": 0.8219134684165741, ""ma[1]"": 1.7058877684857818, ""ma[2]"": 0.8110097467925957, ""mu"": 0.10755640258146808, ""nu"": 5.873256042835619, ""omega"": 0.016391994871932547}"
1539,0.15509958462462581,0.90417956410150424,5.8572658379680203,1.3509224272411036,1.9526496450250712,-1972.9612730992535,0.99999973748950399,2,"{""alpha[1]"": 0.1781265852999862, ""ar[1]"": -1.7444617766122827, ""ar[2]"": -0.8556348492195458, ""beta[1]"": 0.8218731521895177, ""ma[1]"": 1.7068761161761998, ""ma[2]"": 0.8120733238637131, ""mu"": 0.10754684484921263, ""nu"": 5.85726583796802, ""omega"": 0.016402458420566972}"
1540,0.090312372666748186,0.76389115332511304,5.8446196260801457,1.2937286586269683,1.8472954045786332,-1973.691188751251,0.9999997272976574,2,"{""alpha[1]"": 0.17846988298694996, ""ar[1]"": -1.7459683609675545, ""ar[2]"": -0.857227848848549, ""beta[1]"": 0.8215298443107074, ""ma[1]"": 1.7085461345513917, ""ma[2]"": 0.8138753524310008, ""mu"": 0.10765858106579053, ""nu"": 5.844619626080146, ""omega"": 0.01644788760186459}"
1541,0.14540517065124403,1.0269337482534442,5.866578441811571,1.4597867114016059,2.1006468323564826,-1976.1856285703454,0.99999971802190046,2,"{""alpha[1]"": 0.17724538828048383, ""ar[1]"": -1.7499842938387844, ""ar[2]"": -0.8612955013218384, ""beta[1]"": 0.8227543297414166, ""ma[1]"": 1.7126600295631846, ""ma[2]"": 0.8183254433284841, ""mu"": 0.10707473515358017, ""nu"": 5.866578441811571, ""omega"": 0.016299449143895747}"
1542,0.13467504303446343,0.88868431264737846,5.8560288440278079,1.3583628686822684,1.9549630232893722,-1977.083778782051,0.99999973828174538,2,"{""alpha[1]"": 0.17715068754996297, ""ar[1]"": -1.7514626610171273, ""ar[2]"": -0.8629624057156977, ""beta[1]"": 0.8228490507317824, ""ma[1]"": 1.7146023844172351, ""ma[2]"": 0.8204308354351539, ""mu"": 0.10687357167843231, ""nu"": 5.856028844027808, ""omega"": 0.016285409985518865}"
1543,0.12403765908717856,1.5565362607555935,5.8702814446049407,1.8522759808171811,2.6410642396374997,-1980.6850095372515,0.99999972853678765,2,"{""alpha[1]"": 0.17662118510668562, ""ar[1]"": -1.7496916186416795, ""ar[2]"": -0.8607960516074963, ""beta[1]"": 0.823378543430102, ""ma[1]"": 1.7123088465475589, ""ma[2]"": 0.8179208146615355, ""mu"": 0.10658357146088031, ""nu"": 5.870281444604941, ""omega"": 0.016268431543565037}"
1544,0.15535792359592904,1.3087458776012124,5.8526620970882011,1.6564240905058485,2.3805912737148227,-1981.6973171642735,0.99999971891698691,2,"{""alpha[1]"": 0.17595947784251526, ""ar[1]"": -1.7517958431139689, ""ar[2]"": -0.8630626257227267, ""beta[1]"": 0.8240402410744717, ""ma[1]"": 1.7148357134272327, ""ma[2]"": 0.8206387006112718, ""mu"": 0.10639538885011293, ""nu"": 5.852662097088201, ""omega"": 0.016187825925601}"
1545,0.0030190482279056075,1.1195252632906589,5.8391004351199438,1.6723833434815241,2.342790088162082,-1982.6788317473661,0.99999970912114766,2,"{""alpha[1]"": 0.17563597612800722, ""ar[1]"": -1.7533162489430527, ""ar[2]"": -0.8646725267637854, ""beta[1]"": 0.8243637329931405, ""ma[1]"": 1.7166569922664836, ""ma[2]"": 0.8225108418866117, ""mu"": 0.10641904588872414, ""nu"": 5.839100435119944, ""omega"": 0.016147816172668104}"
1546,0.2701189814761189,1.1396529177677193,5.8543178099869637,1.4206093618944917,2.0962993983639731,-1984.2943971871614,0.99999969917760634,2,"{""alpha[1]"": 0.17554994476482272, ""ar[1]"": -1.7533675502584836, ""ar[2]"": -0.8647108775995002, ""beta[1]"": 0.8244497544127837, ""ma[1]"": 1.7165718486376886, ""ma[2]"": 0.8221593556015607, ""mu"": 0.10612402198126263, ""nu"": 5.854317809986964, ""omega"": 0.016117605214101858}"
1547,-0.047543313197228598,0.95657268245741078,5.8377300933676892,1.5961939153683584,2.2159516638361936,-1985.1157164950653,0.99999968927177418,2,"{""alpha[1]"": 0.17540990955564267, ""ar[1]"": -1.7534131554928927, ""ar[2]"": -0.8647177822567065, ""beta[1]"": 0.8245897797161315, ""ma[1]"": 1.7165668607206188, ""ma[2]"": 0.8220741306359604, ""mu"": 0.10604165713168526, ""nu"": 5.837730093367689, ""omega"": 0.016106564399678027}"
1548,0.24286143713721559,0.82236822704293644,5.8274405169969521,1.1928574957054174,1.7679116256563836,-1985.9399234009388,0.99999973778977447,2,"{""alpha[1]"": 0.17552012937792386, ""ar[1]"": -1.7534166909323443, ""ar[2]"": -0.8645824202242806, ""beta[1]"": 0.8244796084118506, ""ma[1]"": 1.7162684726716098, ""ma[2]"": 0.8215634898920611, ""mu"": 0.1058175377753118, ""nu"": 5.827440516996952, ""omega"": 0.016114153670009127}"
1549,0.037351013553938772,0.76252531500704623,5.8283570791617159,1.345159992279402,1.8988603611009731,-1986.9933309123267,0.99999972771878598,2,"{""alpha[1]"": 0.17564155572487428, ""ar[1]"": -1.7530146748097892, ""ar[2]"": -0.864358253922159, ""beta[1]"": 0.8243581719939117, ""ma[1]"": 1.7164257373550842, ""ma[2]"": 0.8219231281286594, ""mu"": 0.1054967994719156, ""nu"": 5.828357079161716, ""omega"": 0.0161225956153188}"
1550,0.10626068411863088,0.7406677821051979,5.8359242775806237,1.2564259569611274,1.8018439862337083,-1988.1950405244609,0.9999997177040767,2,"{""alpha[1]"": 0.1756743491748345, ""ar[1]"": -1.749012358997796, ""ar[2]"": -0.8605376358231259, ""beta[1]"": 0.8243253685292422, ""ma[1]"": 1.7122645044995157, ""ma[2]"": 0.8178364384243233, ""mu"": 0.10587145119808658, ""nu"": 5.835924277580624, ""omega"": 0.016113432978686143}"
1551,0.075411579165714837,1.0190412047169517,5.8589403756076219,1.5234437820034639,2.1621743869832786,-1990.7794572614528,0.99999971955301126,2,"{""alpha[1]"": 0.1749523190153634, ""ar[1]"": -1.7562169520492255, ""ar[2]"": -0.8673074558800681, ""beta[1]"": 0.8250474005376478, ""ma[1]"": 1.7202431178098672, ""ma[2]"": 0.8256211142090202, ""mu"": 0.10648917867216007, ""nu"": 5.858940375607622, ""omega"": 0.016047741187755454}"
1552,0.095945924387339065,0.85685464232125874,5.8422490259403972,1.3698499023093977,1.9562305082104743,-1991.5411726119705,0.99999970972500918,2,"{""alpha[1]"": 0.17468262688167643, ""ar[1]"": -1.7564235851721972, ""ar[2]"": -0.8674214797076261, ""beta[1]"": 0.8253170828433327, ""ma[1]"": 1.7205157856834363, ""ma[2]"": 0.8257909186949529, ""mu"": 0.10648960595885028, ""nu"": 5.842249025940397, ""omega"": 0.016009981277303745}"
1553,0.21211194059834115,1.1839010820058473,5.8660988695500773,1.511386089598205,2.1995060509363906,-1994.2329249361687,0.99999969989488879,2,"{""alpha[1]"": 0.17438099226334997, ""ar[1]"": -1.7615218227889402, ""ar[2]"": -0.8738943139185632, ""beta[1]"": 0.8256187076315388, ""ma[1]"": 1.7266912251647133, ""ma[2]"": 0.833402773120198, ""mu"": 0.10598612499598697, ""nu"": 5.866098869550077, ""omega"": 0.015996170608677546}"
1554,-0.0014345623594256285,0.99343987749303109,5.8482783403948622,1.5798617140155542,2.2109852685889706,-1995.0714516235796,0.99999939293085183,2,"{""alpha[1]"": 0.1739224853149021, ""ar[1]"": -1.7628200224199362, ""ar[2]"": -0.8752999955090022, ""beta[1]"": 0.8260769076159498, ""ma[1]"": 1.7282852268225282, ""ma[2]"": 0.8351202887576514, ""mu"": 0.10589757080796235, ""nu"": 5.848278340394862, ""omega"": 0.01594256543967336}"
1555,0.27024348182318247,1.4262072055832313,5.8771195640482512,1.621687587776274,2.3763749768688407,-1997.9953541010227,0.99999963685451065,2,"{""alpha[1]"": 0.17409431876947642, ""ar[1]"": -1.7650608349616377, ""ar[2]"": -0.878088192596787, ""beta[1]"": 0.8259053180850342, ""ma[1]"": 1.7302766318290526, ""ma[2]"": 0.8377143821920779, ""mu"": 0.10556030490729933, ""nu"": 5.877119564048251, ""omega"": 0.015976793399778186}"
1556,0.047590830044618393,1.7077070052375563,5.9042877079841318,2.0233570847974347,2.8476322516654253,-2000.3857121409073,0.99999973764209638,2,"{""alpha[1]"": 0.17503736723448615, ""ar[1]"": -1.7624553796826146, ""ar[2]"": -0.8748445728270687, ""beta[1]"": 0.8249623704076102, ""ma[1]"": 1.7281126238876907, ""ma[2]"": 0.8348408230370907, ""mu"": 0.10541746156964547, ""nu"": 5.904287707984132, ""omega"": 0.016087889488390798}"
1557,0.14252784944070163,1.4291910028617907,5.8851744588794936,1.7515743408971991,2.5066317361593344,-2001.4252385896768,0.99999972804094484,2,"{""alpha[1]"": 0.17431635904570472, ""ar[1]"": -1.7650868277169727, ""ar[2]"": -0.8776867416940696, ""beta[1]"": 0.8256833689952401, ""ma[1]"": 1.7312412057431648, ""ma[2]"": 0.8382408535448936, ""mu"": 0.10522652675798445, ""nu"": 5.885174458879494, ""omega"": 0.016005239870012462}"
1558,0.075061445102750923,1.5629277878998264,5.8895183873916279,1.9057882175505223,2.6951472767169027,-2002.0087277836997,0.99999973465654202,2,"{""alpha[1]"": 0.17643750972364006, ""ar[1]"": -1.8647996592645493, ""ar[2]"": -0.9886646351781208, ""beta[1]"": 0.823562224932902, ""ma[1]"": 1.857875142186198, ""ma[2]"": 0.9815707606870695, ""mu"": 0.10580536179915892, ""nu"": 5.889518387391628, ""omega"": 0.016454317856623428}"
1559,0.10596532878563249,1.3894705625837598,5.8848671535228547,1.7616234650916394,2.5061302932816552,-2003.2527396979096,0.99999972481938137,2,"{""alpha[1]"": 0.17616108803034267, ""ar[1]"": -1.8647931031859355, ""ar[2]"": -0.9886638427336036, ""beta[1]"": 0.8238386367890387, ""ma[1]"": 1.8578368966237655, ""ma[2]"": 0.9815584345240659, ""mu"": 0.10558704727148317, ""nu"": 5.884867153522855, ""omega"": 0.01640870862855664}"
1560,0.12796849303861979,1.6395766419339013,5.9123480892567262,1.9014516462227604,2.7086724507282596,-2005.5719089538759,0.99999973815058407,2,"{""alpha[1]"": 0.17669962289144997, ""ar[1]"": -1.864618561460341, ""ar[2]"": -0.9885249946730913, ""beta[1]"": 0.8233001152591342, ""ma[1]"": 1.8575839251174546, ""ma[2]"": 0.9813944344879779, ""mu"": 0.10603855737364647, ""nu"": 5.912348089256726, ""omega"": 0.01647019409033787}"
1561,0.062019535770213685,1.6622017371490381,5.9279829291716881,1.9817502732945624,2.7936574708089581,-2007.3774647091068,0.99999973823074129,2,"{""alpha[1]"": 0.1769616582207503, ""ar[1]"": -1.8644348231083758, ""ar[2]"": -0.9883799121913739, ""beta[1]"": 0.823038080009991, ""ma[1]"": 1.8573330424095562, ""ma[2]"": 0.9812327593801865, ""mu"": 0.10577362903361213, ""nu"": 5.927982929171688, ""omega"": 0.016488260720141486}"
1562,0.16848995352418272,1.5260559700078953,5.9291353634134838,1.789820340354523,2.5677060547415325,-2008.7904655797026,0.99999972822632444,2,"{""alpha[1]"": 0.17696931972597882, ""ar[1]"": -1.864332781253305, ""ar[2]"": -0.9883618761778569, ""beta[1]"": 0.8230304085003456, ""ma[1]"": 1.8572346184141089, ""ma[2]"": 0.9812818890952523, ""mu"": 0.10598220575470475, ""nu"": 5.929135363413484, ""omega"": 0.016480136804345378}"
1563,0.013687313219929109,1.5047213474464898,5.9416222419045335,1.9311837909359855,2.7029600653865073,-2010.4396606954776,0.99999971820556843,2,"{""alpha[1]"": 0.17700397114496802, ""ar[1]"": -1.8644876345665304, ""ar[2]"": -0.9883892297022033, ""beta[1]"": 0.8229957470606004, ""ma[1]"": 1.8573654951738523, ""ma[2]"": 0.9811978387836287, ""mu"": 0.10625298888378193, ""nu"": 5.9416222419045335, ""omega"": 0.016476000494264932}"
1564,0.22592240846963696,1.7717946713593391,5.9716609847346067,1.885268591684822,2.7210499075291379,-2012.7962801309661,0.99999814059756043,2,"{""alpha[1]"": 0.17696559111918045, ""ar[1]"": -1.8642921359314655, ""ar[2]"": -0.9878135124559098, ""beta[1]"": 0.82303254947838, ""ma[1]"": 1.8568546976504117, ""ma[2]"": 0.9801095107245453, ""mu"": 0.1058618112917025, ""nu"": 5.971660984734607, ""omega"": 0.016443727184290515}"
1565,-0.006881553697699383,1.4746896870580515,5.9535961479654818,1.9325274627737099,2.6959464517678402,-2013.8394369609089,0.99999813257441827,2,"{""alpha[1]"": 0.17649304170843694, ""ar[1]"": -1.8643278086798851, ""ar[2]"": -0.987820909066619, ""beta[1]"": 0.8235050908659813, ""ma[1]"": 1.8568768168457663, ""ma[2]"": 0.9800904446095666, ""mu"": 0.10582683082830086, ""nu"": 5.953596147965482, ""omega"": 0.016389261489484257}"
1566,0.18922678576344287,1.3093118388945271,5.9476469874822993,1.62510307362616,2.3447314578707847,-2015.0413968317148,0.99999812314898828,2,"{""alpha[1]"": 0.17655860355842887, ""ar[1]"": -1.8644488964062267, ""ar[2]"": -0.9880876982289744, ""beta[1]"": 0.8234395195905594, ""ma[1]"": 1.8571645670274155, ""ma[2]"": 0.9805859621215085, ""mu"": 0.10600856693720438, ""nu"": 5.947646987482299, ""omega"": 0.01639957065470741}"
1567,0.0541260305490876,1.0944215212804993,5.9314798772819319,1.6043191164372625,2.2629677959317744,-2015.9316893386685,0.99999811297649555,2,"{""alpha[1]"": 0.1766014261621338, ""ar[1]"": -1.8644587185870631, ""ar[2]"": -0.9880885079807883, ""beta[1]"": 0.8233966868143617, ""ma[1]"": 1.8571724421857092, ""ma[2]"": 0.980582591772097, ""mu"": 0.10601349778158864, ""nu"": 5.931479877281932, ""omega"": 0.016405152871125227}"
1568,0.122854693354564,0.93005823732448134,5.9197193352016715,1.4057700255855934,2.013433980991028,-2016.7935034906677,0.99999810110311105,2,"{""alpha[1]"": 0.17705217605939585, ""ar[1]"": -1.864469388553589, ""ar[2]"": -0.9880908859481166, ""beta[1]"": 0.8229459250437152, ""ma[1]"": 1.8571484993527063, ""ma[2]"": 0.9805580774257328, ""mu"": 0.10592894833956815, ""nu"": 5.9197193352016715, ""omega"": 0.01647694615015761}"
1569,0.11616861883618457,1.0937500606178558,5.9432209123655637,1.542006170784012,2.1999298570698724,-2018.877205105533,0.99999948768873093,2,"{""alpha[1]"": 0.17630567023536917, ""ar[1]"": -1.864113380550006, ""ar[2]"": -0.9876728904031931, ""beta[1]"": 0.8236938174533618, ""ma[1]"": 1.856545469613852, ""ma[2]"": 0.9799206224736222, ""mu"": 0.10633058694955645, ""nu"": 5.943220912365564, ""omega"": 0.016366753724950053}"
1570,0.053359367919481482,0.95597664144869321,5.9356671218439052,1.4967229597415246,2.1121292850663425,-2019.8501425714337,0.99999947760476349,2,"{""alpha[1]"": 0.1763793738787721, ""ar[1]"": -1.8641729511891578, ""ar[2]"": -0.987680830847405, ""beta[1]"": 0.8236201037259914, ""ma[1]"": 1.8566200027154145, ""ma[2]"": 0.9799001790519557, ""mu"": 0.10654579029196252, ""nu"": 5.935667121843905, ""omega"": 0.01637273162348483}"
1571,0.17615775644438747,1.1260604340072842,5.9575038476488071,1.5066229810244733,2.1735515250323267,-2021.9581010351239,0.99999946792708561,2,"{""alpha[1]"": 0.1761416731252356, ""ar[1]"": -1.8640963039845841, ""ar[2]"": -0.9878647818063186, ""beta[1]"": 0.82385779480185, ""ma[1]"": 1.8566574759952292, ""ma[2]"": 0.9803618327298576, ""mu"": 0.10688204140075348, ""nu"": 5.957503847648807, ""omega"": 0.016334266600672165}"
1572,0.014076041090103963,0.95134814241145249,5.9424715555932677,1.5323780298253613,2.1460103099474122,-2022.8059525884817,0.99999945795255296,2,"{""alpha[1]"": 0.17612055094449489, ""ar[1]"": -1.864114225906406, ""ar[2]"": -0.9878666455956155, ""beta[1]"": 0.8238789070080581, ""ma[1]"": 1.8566720946920174, ""ma[2]"": 0.9803547243509907, ""mu"": 0.10704994488207255, ""nu"": 5.942471555593268, ""omega"": 0.01633208229519089}"
1573,0.21939098076938202,0.8564301161773642,5.9426331808375146,1.2478927819169843,1.8301028130195078,-2023.8213251530776,0.99999944802983964,2,"{""alpha[1]"": 0.1760677681566963, ""ar[1]"": -1.8640221212397665, ""ar[2]"": -0.9875268695983587, ""beta[1]"": 0.8239316798731433, ""ma[1]"": 1.8563606081321442, ""ma[2]"": 0.9796728907878918, ""mu"": 0.10685319261573568, ""nu"": 5.942633180837515, ""omega"": 0.016313990350134984}"
1574,0.0037144256786523222,0.76170681676947882,5.9401618592578629,1.3800079069413798,1.9291695203143184,-2024.7283203181814,0.99999943755166742,2,"{""alpha[1]"": 0.17645783934724926, ""ar[1]"": -1.8638807801306003, ""ar[2]"": -0.987503812595572, ""beta[1]"": 0.8235415982044182, ""ma[1]"": 1.8562730982656008, ""ma[2]"": 0.9797754727154949, ""mu"": 0.10667768377362857, ""nu"": 5.940161859257863, ""omega"": 0.01635738997712818}"
1575,0.18630227468434585,0.66816757820440931,5.9291098459964298,1.1095002998126748,1.6242238224756114,-2025.5117818842,0.99999942686231413,2,"{""alpha[1]"": 0.17703999785221944, ""ar[1]"": -1.8642046612574292, ""ar[2]"": -0.9881144855493865, ""beta[1]"": 0.8229594290100947, ""ma[1]"": 1.8569379232205887, ""ma[2]"": 0.9808433857368485, ""mu"": 0.10694475848457347, ""nu"": 5.92910984599643, ""omega"": 0.016435572500660058}"
1576,0.053210671734807341,0.56571447047107704,5.9171104486947694,1.1389379967909288,1.6129443635498619,-2026.0736961228608,0.99999941586542063,2,"{""alpha[1]"": 0.17782875691262176, ""ar[1]"": -1.8641611632768096, ""ar[2]"": -0.9881061087541149, ""beta[1]"": 0.8221706589527988, ""ma[1]"": 1.8569135921266784, ""ma[2]"": 0.98087525065771, ""mu"": 0.10698135211761434, ""nu"": 5.917110448694769, ""omega"": 0.016535193176472923}"
1577,0.13031595963788534,0.47934296556371614,5.9066916480084934,0.96691664090465967,1.4035504459363199,-2026.5434522293338,0.99999940453451919,2,"{""alpha[1]"": 0.1788665423596604, ""ar[1]"": -1.8641301463718656, ""ar[2]"": -0.9881016263214826, ""beta[1]"": 0.8211328621748588, ""ma[1]"": 1.8568906965015128, ""ma[2]"": 0.9808995924666157, ""mu"": 0.1070564777842494, ""nu"": 5.9066916480084934, ""omega"": 0.016657664237320197}"
1578,0.12254968513901687,0.46131665134033428,5.910176054411421,0.95390050535205839,1.3821436385223194,-2027.4229630629138,0.99999939450140551,2,"{""alpha[1]"": 0.17893520078291222, ""ar[1]"": -1.8644852417897853, ""ar[2]"": -0.9885631768818672, ""beta[1]"": 0.8210641937184933, ""ma[1]"": 1.857503943459415, ""ma[2]"": 0.9816106609336828, ""mu"": 0.10663613763690842, ""nu"": 5.910176054411421, ""omega"": 0.016651461772514954}"
1579,0.048868738793713673,0.65544302786152042,5.9247454751828776,1.2344668983133209,1.7444167491120426,-2029.8222201101769,0.99999938761798168,2,"{""alpha[1]"": 0.17659524527990259, ""ar[1]"": -1.8646977140456789, ""ar[2]"": -0.988603460639298, ""beta[1]"": 0.8234041423380791, ""ma[1]"": 1.8577187938818662, ""ma[2]"": 0.9815091788929184, ""mu"": 0.10719308334498617, ""nu"": 5.924745475182878, ""omega"": 0.016406196657960587}"
1580,0.19193347108285003,0.57071413802400928,5.9156776321697944,1.0054503183569496,1.4815931302077481,-2030.4789147722786,0.99999937763904256,2,"{""alpha[1]"": 0.17658276842813384, ""ar[1]"": -1.8647818547956045, ""ar[2]"": -0.9886194752042254, ""beta[1]"": 0.8234166092109088, ""ma[1]"": 1.8578020161334896, ""ma[2]"": 0.9814685615590223, ""mu"": 0.10705491493435909, ""nu"": 5.915677632169794, ""omega"": 0.016387943735578874}"
1581,0.0078836210481458835,0.49044365065176043,5.9048688430290817,1.1019559502004646,1.5436716533114743,-2030.9951889380441,0.99999936732182715,2,"{""alpha[1]"": 0.176812672772363, ""ar[1]"": -1.8648537239378273, ""ar[2]"": -0.988632260915972, ""beta[1]"": 0.8231866945494641, ""ma[1]"": 1.8578711832200758, ""ma[2]"": 0.9814329942305345, ""mu"": 0.10722937104351016, ""nu"": 5.904868843029082, ""omega"": 0.016398586762143192}"
1582,0.20582257836184353,0.41989979059886962,5.8926022625205103,0.82094404099785101,1.2300030949901839,-2031.3985842501477,0.99999935676004448,2,"{""alpha[1]"": 0.17721365790473156, ""ar[1]"": -1.8648567281416584, ""ar[2]"": -0.9886315984122218, ""beta[1]"": 0.8227856988553129, ""ma[1]"": 1.857888933321486, ""ma[2]"": 0.9814381489276147, ""mu"": 0.10736202091587271, ""nu"": 5.89260226252051, ""omega"": 0.016415297812137547}"
1583,0.025756852022750132,0.36928165282691688,5.8857146243609151,0.93705204887990967,1.3208454983031821,-2031.8191492492833,0.99999934584148731,2,"{""alpha[1]"": 0.17800511622401746, ""ar[1]"": -1.8650239331697591, ""ar[2]"": -0.9889751130690932, ""beta[1]"": 0.8219942296174698, ""ma[1]"": 1.8582665523520434, ""ma[2]"": 0.9820605469198869, ""mu"": 0.10722119735839464, ""nu"": 5.885714624360915, ""omega"": 0.016498727628495066}"
1584,0.17385822846653354,0.37798959173188268,5.8974118784500531,0.80037975051002253,1.1883602148688683,-2032.7741541137157,0.99999933668061569,2,"{""alpha[1]"": 0.17754317165780337, ""ar[1]"": -1.8647945746458923, ""ar[2]"": -0.9884336905681135, ""beta[1]"": 0.8224561650228123, ""ma[1]"": 1.8576757569401527, ""ma[2]"": 0.9810400955606776, ""mu"": 0.10662809414268479, ""nu"": 5.897411878450053, ""omega"": 0.016432214183786823}"
1585,0.071815318898132752,0.32808424356113314,5.8894152932086357,0.835742248537101,1.1974026031658775,-2033.0625630114057,0.99999932587280804,2,"{""alpha[1]"": 0.1780977375543135, ""ar[1]"": -1.8647956718216383, ""ar[2]"": -0.9884326309332064, ""beta[1]"": 0.8219015883184946, ""ma[1]"": 1.8577039392744776, ""ma[2]"": 0.9810543676058113, ""mu"": 0.10650054832104636, ""nu"": 5.889415293208636, ""omega"": 0.016460291527990712}"
1586,0.10506067556537196,0.28518684761323904,5.880955186118122,0.74099676812854964,1.0783817230193278,-2033.2607113748204,0.9999997388045142,2,"{""alpha[1]"": 0.17883733181736047, ""ar[1]"": -1.8648924568565546, ""ar[2]"": -0.988553480613374, ""beta[1]"": 0.8211624069871537, ""ma[1]"": 1.8578600893345079, ""ma[2]"": 0.9812350971740207, ""mu"": 0.10651744123734472, ""nu"": 5.880955186118122, ""omega"": 0.01650138689214561}"
1587,0.15562210578770097,0.75623425895039353,5.8198411864595734,1.2210205888151604,1.7727615911235008,-2037.7567191071082,0.99999953755822202,2,"{""alpha[1]"": 0.17494009584109602, ""ar[1]"": -1.8649656873618188, ""ar[2]"": -0.9885813925704828, ""beta[1]"": 0.825059441717126, ""ma[1]"": 1.8580182342735014, ""ma[2]"": 0.9812733571298117, ""mu"": 0.10579975887710408, ""nu"": 5.819841186459573, ""omega"": 0.016403339715474304}"
1588,0.034005809843169033,0.6985661619180753,5.8174918298113916,1.2890660614848768,1.8194404534281772,-2038.7410422083517,0.99999952780204571,2,"{""alpha[1]"": 0.1747437781318904, ""ar[1]"": -1.865066081652076, ""ar[2]"": -0.9888399430528303, ""beta[1]"": 0.8252557496701552, ""ma[1]"": 1.8582207523897565, ""ma[2]"": 0.981731571656312, ""mu"": 0.10546672728463834, ""nu"": 5.817491829811392, ""omega"": 0.01635664593766728}"
1589,0.17922064906172963,1.2692245695544115,5.831357098248434,1.6045035048855452,2.3187131286948026,-2042.3374580959953,0.99999956137814472,2,"{""alpha[1]"": 0.17673041467743347, ""ar[1]"": -1.8649410058949383, ""ar[2]"": -0.9889251800854019, ""beta[1]"": 0.8232691467007113, ""ma[1]"": 1.8581669251962676, ""ma[2]"": 0.9820440530240477, ""mu"": 0.10649329974782881, ""nu"": 5.831357098248434, ""omega"": 0.016749937449117482}"
1590,0.018777861108381977,1.1408449993146321,5.8294521283870777,1.6722898300278128,2.3495065867853584,-2043.5127892545056,0.99999949087527606,2,"{""alpha[1]"": 0.17624415710891939, ""ar[1]"": -1.8649287351810733, ""ar[2]"": -0.9888149994757144, ""beta[1]"": 0.8237553337663567, ""ma[1]"": 1.8580809071061815, ""ma[2]"": 0.9818081222270606, ""mu"": 0.10668622443694778, ""nu"": 5.829452128387078, ""omega"": 0.01667136906667398}"
1591,0.19376738062629001,0.95790225717083854,5.811256580325999,1.3554223764536171,1.9767632131528734,-2044.3405384541372,0.99999948179215459,2,"{""alpha[1]"": 0.17543926849693267, ""ar[1]"": -1.8649463656752159, ""ar[2]"": -0.9888175348033471, ""beta[1]"": 0.8245602132952219, ""ma[1]"": 1.8580986386323322, ""ma[2]"": 0.9818012567099069, ""mu"": 0.10662693051775518, ""nu"": 5.811256580325999, ""omega"": 0.01655871062273791}"
1592,0.043222103328377504,1.1105793538312363,5.8341186918387358,1.6253649610566776,2.2933202145576468,-2046.3912393932469,0.99999947102951736,2,"{""alpha[1]"": 0.17616487270841064, ""ar[1]"": -1.8650205994385045, ""ar[2]"": -0.9891043307487611, ""beta[1]"": 0.8238345983211067, ""ma[1]"": 1.8583736928694827, ""ma[2]"": 0.9823779367738529, ""mu"": 0.10622963410727973, ""nu"": 5.834118691838736, ""omega"": 0.01665816895933913}"
1593,0.15509115742138979,1.0251639447692407,5.8385850486495494,1.448139244220954,2.0896939771572134,-2047.5970814364196,0.99999918572716973,2,"{""alpha[1]"": 0.17590861619871173, ""ar[1]"": -1.8650034200999601, ""ar[2]"": -0.9889900775144562, ""beta[1]"": 0.824090569528458, ""ma[1]"": 1.8582577052635587, ""ma[2]"": 0.9821292470397799, ""mu"": 0.1059490746758989, ""nu"": 5.838585048649549, ""omega"": 0.016597818007006413}"
1594,0.08892993505010427,0.99174511653923014,5.8437118267892973,1.4880572400148842,2.1188428317550452,-2048.9537364981306,0.99999941347610188,2,"{""alpha[1]"": 0.17590525521320752, ""ar[1]"": -1.8649531358123559, ""ar[2]"": -0.9890028447570997, ""beta[1]"": 0.8240941582628943, ""ma[1]"": 1.8582691239857043, ""ma[2]"": 0.9822188447997803, ""mu"": 0.10560495627342564, ""nu"": 5.843711826789297, ""omega"": 0.016584673288541147}"
1595,0.082790657762493947,1.3814701050803939,5.8716355713552284,1.7791013161427884,2.5221391437316245,-2051.73710020197,0.99999940231641071,2,"{""alpha[1]"": 0.176781732871965, ""ar[1]"": -1.8651743888857673, ""ar[2]"": -0.9893220968822565, ""beta[1]"": 0.8232176694444457, ""ma[1]"": 1.8586429208479849, ""ma[2]"": 0.9827006551365527, ""mu"": 0.10631094311826604, ""nu"": 5.871635571355228, ""omega"": 0.01673612098762502}"
1596,0.15405139177891858,1.1533792768958915,5.8536079820258662,1.546812798696946,2.2265932969064117,-2052.6530534107769,0.99999925161613834,2,"{""alpha[1]"": 0.1761095541626254, ""ar[1]"": -1.8652440361326512, ""ar[2]"": -0.9894280335760504, ""beta[1]"": 0.8238896974535129, ""ma[1]"": 1.8587632409427144, ""ma[2]"": 0.982865330684481, ""mu"": 0.10625546076708232, ""nu"": 5.853607982025866, ""omega"": 0.016650609222490797}"
1597,0.044998859453638573,1.0284759312550218,5.8485217276950809,1.5610256859560077,2.2031709800317461,-2053.7371004569291,0.9999992419225624,2,"{""alpha[1]"": 0.17592733278390926, ""ar[1]"": -1.8652147264542878, ""ar[2]"": -0.9894182574832214, ""beta[1]"": 0.8240719091386531, ""ma[1]"": 1.8587488175057614, ""ma[2]"": 0.9828888012260772, ""mu"": 0.10604281248350308, ""nu"": 5.848521727695081, ""omega"": 0.01661402040781879}"
1598,0.17378126995939081,0.89529282852408321,5.8392886922699798,1.3244739356489137,1.923986475493455,-2054.6538982782422,0.99999923201291596,2,"{""alpha[1]"": 0.1758746019157387, ""ar[1]"": -1.865172431679868, ""ar[2]"": -0.9894062397089473, ""beta[1]"": 0.8241246300971773, ""ma[1]"": 1.858731330719502, ""ma[2]"": 0.9829214262082534, ""mu"": 0.10619562912438606, ""nu"": 5.83928869226998, ""omega"": 0.01660349715376666}"
1599,0.040048374256648922,0.77517908836708171,5.8305462158003243,1.3539263266579338,1.9121164316626589,-2055.4685571225405,0.99999903141709823,2,"{""alpha[1]"": 0.17603103576342852, ""ar[1]"": -1.865165654379463, ""ar[2]"": -0.9894457805228779, ""beta[1]"": 0.8239679956536697, ""ma[1]"": 1.8587841318370137, ""ma[2]"": 0.9830432287925636, ""mu"": 0.1060465606900765, ""nu"": 5.830546215800324, ""omega"": 0.016623168080878454}"
1600,0.16597794674579014,0.66016675812281589,5.8167695876408025,1.12020387711505,1.6358213785275524,-2056.1259166005552,0.99999902111061489,2,"{""alpha[1]"": 0.17617317713571784, ""ar[1]"": -1.865159083689317, ""ar[2]"": -0.9894462289079484, ""beta[1]"": 0.823825843974897, ""ma[1]"": 1.8587745448311264, ""ma[2]"": 0.9830430796287608, ""mu"": 0.10592002249619271, ""nu"": 5.8167695876408025, ""omega"": 0.01662571973433925}"
1601,0.059174685042440986,0.56515747203623412,5.8060296038723243,1.1306932805533583,1.608128052278752,-2056.7118752101278,0.99999900983868761,2,"{""alpha[1]"": 0.1767599551580952, ""ar[1]"": -1.8651675054210415, ""ar[2]"": -0.9894479253220239, ""beta[1]"": 0.8232390546805924, ""ma[1]"": 1.858782168283198, ""ma[2]"": 0.983042795496662, ""mu"": 0.10603088020106001, ""nu"": 5.806029603872324, ""omega"": 0.0167032991974453}"
1602,0.13790750725918266,0.57574927776081752,5.817328173353367,1.0632374738579817,1.5447421079528254,-2057.9238888652408,0.99999973805670428,2,"{""alpha[1]"": 0.17639272740319661, ""ar[1]"": -1.8652444616771842, ""ar[2]"": -0.9894312883002144, ""beta[1]"": 0.8236070106535076, ""ma[1]"": 1.858790889540245, ""ma[2]"": 0.9829303611480654, ""mu"": 0.10556365324609632, ""nu"": 5.817328173353367, ""omega"": 0.016642739135637664}"
1603,0.08852274197359522,0.69441764774066539,5.8391271933109641,1.2309873231380957,1.7589837569082107,-2059.8354357317103,0.99999972854696362,2,"{""alpha[1]"": 0.17557851960168283, ""ar[1]"": -1.8649754165660297, ""ar[2]"": -0.9889092222622957, ""beta[1]"": 0.8244212089452808, ""ma[1]"": 1.8582227604044328, ""ma[2]"": 0.9820318460286845, ""mu"": 0.10616647166817779, ""nu"": 5.839127193310964, ""omega"": 0.016551682329908543}"
1604,0.090494418681577482,0.72319639546378611,5.853961365231795,1.2563383238634542,1.7946082209442296,-2061.2657548068082,0.99999973784133056,2,"{""alpha[1]"": 0.1756886674075969, ""ar[1]"": -1.8651395717860502, ""ar[2]"": -0.9892091243119846, ""beta[1]"": 0.8243110704337336, ""ma[1]"": 1.8585562738370847, ""ma[2]"": 0.982526797230814, ""mu"": 0.10659123292720996, ""nu"": 5.853961365231795, ""omega"": 0.016559569933004895}"
1605,0.14833078846255426,0.62241771833611004,5.8419072891015347,1.1009468189663267,1.6007250606316985,-2061.9236809100421,0.99999940969860868,2,"{""alpha[1]"": 0.1756376801300155, ""ar[1]"": -1.8652113397942913, ""ar[2]"": -0.9893082661566157, ""beta[1]"": 0.8243617295685932, ""ma[1]"": 1.858672359848055, ""ma[2]"": 0.9826718595051794, ""mu"": 0.10650544810396072, ""nu"": 5.841907289101535, ""omega"": 0.016539594444816494}"
1606,0.047076374773220853,0.53142139579731174,5.8295019847774281,1.1070874844960894,1.5692900756038994,-2062.4548509597194,0.99999939950931327,2,"{""alpha[1]"": 0.17578112862687817, ""ar[1]"": -1.8652130976746228, ""ar[2]"": -0.9893071795421439, ""beta[1]"": 0.8242182708824352, ""ma[1]"": 1.85867542354217, ""ma[2]"": 0.9826740905291395, ""mu"": 0.10647591019233706, ""nu"": 5.829501984777428, ""omega"": 0.01653812290460205}"
1607,0.18506099266964338,0.69420989368089381,5.8504166992157494,1.1344442568710005,1.6619465825094331,-2064.6414684457468,0.99999939072718824,2,"{""alpha[1]"": 0.17487907739719177, ""ar[1]"": -1.8653251578997028, ""ar[2]"": -0.9893364658159101, ""beta[1]"": 0.8251203133299965, ""ma[1]"": 1.8587406839514777, ""ma[2]"": 0.9825902173358854, ""mu"": 0.10579135230202635, ""nu"": 5.850416699215749, ""omega"": 0.01645578087872343}"
1608,0.032756992156060871,0.73375024182695647,5.8659982322536104,1.3240768064576278,1.8658076976228641,-2066.1328725607755,0.99999938050007819,2,"{""alpha[1]"": 0.17504646507835336, ""ar[1]"": -1.8652049683581668, ""ar[2]"": -0.9893071243463429, ""beta[1]"": 0.8249529154217248, ""ma[1]"": 1.8586802996135012, ""ma[2]"": 0.982676452480575, ""mu"": 0.10539908495828025, ""nu"": 5.86599823225361, ""omega"": 0.016474478892765574}"
1609,0.16374967590920081,0.74302191050850175,5.8771123616695045,1.2018228380709002,1.7465472087571665,-2067.4808309834543,0.99999952328341757,2,"{""alpha[1]"": 0.1753361632188736, ""ar[1]"": -1.8651995212902073, ""ar[2]"": -0.9894188277817255, ""beta[1]"": 0.824663360064544, ""ma[1]"": 1.8587831472084373, ""ma[2]"": 0.9829481968998895, ""mu"": 0.10584682761363391, ""nu"": 5.8771123616695045, ""omega"": 0.01650758396275233}"
1610,0.055274709330622951,0.85382498407260909,5.9007808948653935,1.4090179640578602,1.9919986392717344,-2069.3472051287536,0.99999951294122191,2,"{""alpha[1]"": 0.17565854101996037, ""ar[1]"": -1.865313830366787, ""ar[2]"": -0.989441614056763, ""beta[1]"": 0.8243409719212615, ""ma[1]"": 1.8588321864404689, ""ma[2]"": 0.9828718507844593, ""mu"": 0.106360243690403, ""nu"": 5.9007808948653935, ""omega"": 0.016568251285688583}"
1611,0.13597912336192719,0.72028887523082863,5.885001788504109,1.208675273325915,1.7447105122370041,-2070.0221597742448,0.99999950347846922,2,"{""alpha[1]"": 0.17516811531731397, ""ar[1]"": -1.8653208698174901, ""ar[2]"": -0.9894396278276707, ""beta[1]"": 0.8248313881611553, ""ma[1]"": 1.8588375521134552, ""ma[2]"": 0.9828648606291676, ""mu"": 0.10636302123743382, ""nu"": 5.885001788504109, ""omega"": 0.016483295340478397}"
1612,0.10640422076180833,0.69392391190770086,5.8920222121977366,1.2135281233870501,1.7394078122397243,-2071.1526076893902,0.99999949345789574,2,"{""alpha[1]"": 0.17518772660829654, ""ar[1]"": -1.865277113322857, ""ar[2]"": -0.9894325422249955, ""beta[1]"": 0.8248117668495992, ""ma[1]"": 1.858824651302271, ""ma[2]"": 0.9828876337253926, ""mu"": 0.1060054174392029, ""nu"": 5.892022212197737, ""omega"": 0.01647226053453352}"
1613,0.075303849881330542,0.71295448765583413,5.9051732479154797,1.262825821640424,1.7953877871536847,-2072.5284508136019,0.99999948339207234,2,"{""alpha[1]"": 0.17534022390842774, ""ar[1]"": -1.8654034089218074, ""ar[2]"": -0.9896497125367867, ""beta[1]"": 0.8246592594836446, ""ma[1]"": 1.859056071740976, ""ma[2]"": 0.9832221018925978, ""mu"": 0.1064456631521626, ""nu"": 5.90517324791548, ""omega"": 0.01649203857549598}"
1614,0.14850744446908903,0.93417956635200616,5.9313575970257375,1.3837203230845541,1.9922479434078793,-2074.8915802625629,0.99999947313451965,2,"{""alpha[1]"": 0.1756418104809903, ""ar[1]"": -1.865230090322589, ""ar[2]"": -0.9894059521598079, ""beta[1]"": 0.8243576626535293, ""ma[1]"": 1.858785174287152, ""ma[2]"": 0.9828904384019654, ""mu"": 0.10689115163521855, ""nu"": 5.9313575970257375, ""omega"": 0.01656112194777905}"
1615,0.052420691709720968,0.80670246434461257,5.9197314804576564,1.3712271153174751,1.9371597486553431,-2075.7199361182143,0.99999946361070968,2,"{""alpha[1]"": 0.1752409446167011, ""ar[1]"": -1.865215925599535, ""ar[2]"": -0.9893996223562825, ""beta[1]"": 0.8247585189940085, ""ma[1]"": 1.8587804647432753, ""ma[2]"": 0.9829047181859241, ""mu"": 0.10679123896058376, ""nu"": 5.919731480457656, ""omega"": 0.016495771160918098}"
1616,0.1682590462723369,0.68652137696090398,5.9044326059801362,1.144818317432351,1.6674410131444763,-2076.3967516153393,0.99999973764227557,2,"{""alpha[1]"": 0.17503795281662882, ""ar[1]"": -1.8651945324808747, ""ar[2]"": -0.9893861644464417, ""beta[1]"": 0.8249617848256467, ""ma[1]"": 1.8587700540714067, ""ma[2]"": 0.9829107891323243, ""mu"": 0.10689131586521487, ""nu"": 5.904432605980136, ""omega"": 0.0164606965021951}"
1617,0.048719717511082949,0.62872223174341735,5.9034698925571956,1.2078525455912181,1.708024381025361,-2077.2869625643948,0.99999972763156808,2,"{""alpha[1]"": 0.1750554410920524, ""ar[1]"": -1.8651180885024692, ""ar[2]"": -0.9893682352964915, ""beta[1]"": 0.8249442865395157, ""ma[1]"": 1.858724085068272, ""ma[2]"": 0.9829570116912777, ""mu"": 0.1066645703345046, ""nu"": 5.903469892557196, ""omega"": 0.016444224119212265}"
1618,0.15398233026870367,0.58855933414537898,5.9058811875695572,1.0618292047617395,1.5456821120425297,-2078.2179865500038,0.99999971751624228,2,"{""alpha[1]"": 0.17524404023416734, ""ar[1]"": -1.8650247059132772, ""ar[2]"": -0.989348903878705, ""beta[1]"": 0.8247556772820749, ""ma[1]"": 1.8586699570873946, ""ma[2]"": 0.9830123843428688, ""mu"": 0.1070219275133952, ""nu"": 5.905881187569557, ""omega"": 0.016460901626133513}"
1619,0.072524240404176044,0.50154051469199801,5.8923446679515425,1.0496247322857846,1.4966930246160173,-2078.7078511423215,0.99999970736201482,2,"{""alpha[1]"": 0.17548846664657353, ""ar[1]"": -1.8650023282509558, ""ar[2]"": -0.9893439487456944, ""beta[1]"": 0.8245112407154412, ""ma[1]"": 1.8586608235465876, ""ma[2]"": 0.9830315318120244, ""mu"": 0.10712205687194297, ""nu"": 5.8923446679515425, ""omega"": 0.01647733586845432}"
1620,0.11906579931031547,0.55137577846691221,5.9079306410205792,1.0577434484882708,1.5259971964864871,-2080.1655372029259,0.99999973773646755,2,"{""alpha[1]"": 0.1753458681981509, ""ar[1]"": -1.8650743332214248, ""ar[2]"": -0.9895863754612408, ""beta[1]"": 0.8246538695383167, ""ma[1]"": 1.858877255687539, ""ma[2]"": 0.9834685954832657, ""mu"": 0.10767417170692162, ""nu"": 5.907930641020579, ""omega"": 0.016473865869214042}"
1621,0.11007631700606813,0.5222413490618093,5.9128796699957764,1.035290510210285,1.490851332833623,-2081.0603512116522,0.99999938889196449,2,"{""alpha[1]"": 0.17534753896306104, ""ar[1]"": -1.8650163205946488, ""ar[2]"": -0.9894136778875227, ""beta[1]"": 0.8246518499289035, ""ma[1]"": 1.858726820524018, ""ma[2]"": 0.9831718029942847, ""mu"": 0.10800778374496307, ""nu"": 5.912879669995776, ""omega"": 0.01645741730161892}"
1622,0.088253655793711638,0.44662688722511595,5.8997511086313423,0.97078129890206899,1.3924513731654338,-2081.4897236557408,0.99999959765638269,2,"{""alpha[1]"": 0.1755560484582738, ""ar[1]"": -1.8650840913100197, ""ar[2]"": -0.9895502578263614, ""beta[1]"": 0.8244435491981089, ""ma[1]"": 1.8588736470545746, ""ma[2]"": 0.983414032069445, ""mu"": 0.10815345223782631, ""nu"": 5.899751108631342, ""omega"": 0.01646081061965252}"
1623,0.1342856555839691,0.61682532093220421,5.9178670453109383,1.1105641118325444,1.6054946529223479,-2083.7887632815255,0.99999958848153614,2,"{""alpha[1]"": 0.17466153360064027, ""ar[1]"": -1.8648265097834449, ""ar[2]"": -0.9890451066471668, ""beta[1]"": 0.8253380548808958, ""ma[1]"": 1.8583674742619276, ""ma[2]"": 0.9825879477270617, ""mu"": 0.10848113498405872, ""nu"": 5.917867045310938, ""omega"": 0.016416875363832985}"
1624,0.074300221474975559,0.56446463931003243,5.918529043840838,1.1165517427400713,1.5899884809371156,-2084.6098343159138,0.99999957864522748,2,"{""alpha[1]"": 0.1745379189043713, ""ar[1]"": -1.8646620244236574, ""ar[2]"": -0.9888040241625634, ""beta[1]"": 0.8254616597408562, ""ma[1]"": 1.8581132324529688, ""ma[2]"": 0.9822426545235599, ""mu"": 0.10823315020545893, ""nu"": 5.918529043840838, ""omega"": 0.016375720689630984}"
1625,0.1538584877167235,0.54385152185092711,5.9248302544807663,1.0151385448967605,1.4796513256059232,-2085.5884078809586,0.99999973746916415,2,"{""alpha[1]"": 0.17447204858166435, ""ar[1]"": -1.8647980082067521, ""ar[2]"": -0.9889526915441847, ""beta[1]"": 0.8255276888874998, ""ma[1]"": 1.85829602181583, ""ma[2]"": 0.9824271274598861, ""mu"": 0.10783647066554068, ""nu"": 5.924830254480766, ""omega"": 0.016348361664290562}"
1626,0.064676811400379286,0.54249874731741321,5.9331126997582437,1.1029844748945214,1.5666585586910382,-2086.6919674230262,0.99999972743575882,2,"{""alpha[1]"": 0.17452910383964151, ""ar[1]"": -1.8647008896642845, ""ar[2]"": -0.9889336798784043, ""beta[1]"": 0.8254706235961173, ""ma[1]"": 1.8582233404548447, ""ma[2]"": 0.9824759375712989, ""mu"": 0.1074006095750462, ""nu"": 5.933112699758244, ""omega"": 0.01635027303116262}"
1627,0.14418301134816452,0.47914939608447693,5.9254689170748893,0.95308351080918974,1.3890710986327492,-2087.280727673512,0.99999971742485405,2,"{""alpha[1]"": 0.1745483098327743, ""ar[1]"": -1.8646258907265172, ""ar[2]"": -0.9889189037313807, ""beta[1]"": 0.8254514075920797, ""ma[1]"": 1.8581702831216307, ""ma[2]"": 0.9825147495573774, ""mu"": 0.10761981599728192, ""nu"": 5.925468917074889, ""omega"": 0.016330059301562023}"
1628,0.086074915827394349,0.55259297865271961,5.9432712642204351,1.0925461825551155,1.5601926748467971,-2088.9053753857679,0.99999973748070525,2,"{""alpha[1]"": 0.1745097765975103, ""ar[1]"": -1.8645749508719658, ""ar[2]"": -0.9890500498075855, ""beta[1]"": 0.8254899608831949, ""ma[1]"": 1.8582170919720253, ""ma[2]"": 0.9828139118469092, ""mu"": 0.10708262081578855, ""nu"": 5.943271264220435, ""omega"": 0.016349073773996255}"
1629,0.12062606718019886,0.51516682640961597,5.9433199584943477,1.017383027230756,1.4689139690303861,-2089.733095987287,0.99999972754988387,2,"{""alpha[1]"": 0.17439195465347057, ""ar[1]"": -1.8646681860460823, ""ar[2]"": -0.9890631594345981, ""beta[1]"": 0.8256077728964133, ""ma[1]"": 1.8582931530323932, ""ma[2]"": 0.9827772832869682, ""mu"": 0.10667203380544694, ""nu"": 5.943319958494348, ""omega"": 0.016319486445089577}"
1630,0.095841022085813021,0.60671856940009306,5.9694881024949513,1.1395462781517121,1.6286971117499112,-2091.4851109207739,0.99999971751696881,2,"{""alpha[1]"": 0.17437711979262022, ""ar[1]"": -1.8644721204410566, ""ar[2]"": -0.9884835575051122, ""beta[1]"": 0.8256225977243485, ""ma[1]"": 1.8578023698311044, ""ma[2]"": 0.9817585161538529, ""mu"": 0.10733928095420144, ""nu"": 5.969488102494951, ""omega"": 0.01634153422486884}"
1631,0.10518222301608249,0.51743898020489254,5.9542509489809206,1.0354854443058805,1.4876776425363394,-2091.994421818943,0.99999970774752445,2,"{""alpha[1]"": 0.17401624310151512, ""ar[1]"": -1.864492127747682, ""ar[2]"": -0.9884822274026983, ""beta[1]"": 0.8259834646460094, ""ma[1]"": 1.8578245671660532, ""ma[2]"": 0.9817533503635575, ""mu"": 0.1072877252364057, ""nu"": 5.9542509489809206, ""omega"": 0.016267936884471933}"
1632,0.11934575406372694,0.45717459858264636,5.9490063208444672,0.95277309866626092,1.3779679277383421,-2092.5580592985702,0.99999969791449483,2,"{""alpha[1]"": 0.1738830341550556, ""ar[1]"": -1.8642357323894987, ""ar[2]"": -0.9879838089688624, ""beta[1]"": 0.8261166637594393, ""ma[1]"": 1.857357468657816, ""ma[2]"": 0.9809577303865692, ""mu"": 0.10750148903186058, ""nu"": 5.949006320844467, ""omega"": 0.016223070268340748}"
1633,0.074560025474191605,0.58964887856802795,5.9675459192097513,1.1432963614616984,1.6255798702065754,-2094.5984002763453,0.99999968788020743,2,"{""alpha[1]"": 0.17395522366613406, ""ar[1]"": -1.864706096297476, ""ar[2]"": -0.9888089219212816, ""beta[1]"": 0.8260444642140734, ""ma[1]"": 1.8581698763237926, ""ma[2]"": 0.98223546343019, ""mu"": 0.10809070196227182, ""nu"": 5.967545919209751, ""omega"": 0.016297496534889086}"
1634,0.14855121875072319,0.50357680058657606,5.9502148694321715,0.97667833005418481,1.4228935773747908,-2095.0928750273742,0.99999967804267609,2,"{""alpha[1]"": 0.173725894858342, ""ar[1]"": -1.8647133218951266, ""ar[2]"": -0.988808586362265, ""beta[1]"": 0.8262737831843341, ""ma[1]"": 1.8581803282298002, ""ma[2]"": 0.9822361952982954, ""mu"": 0.10819755373186873, ""nu"": 5.9502148694321715, ""omega"": 0.016260246910070466}"
1635,0.068009528249627915,0.44750908968116598,5.9455647346281575,0.99267103917234334,1.4134448308900276,-2095.656429999889,0.99999966816709274,2,"{""alpha[1]"": 0.17355734035147952, ""ar[1]"": -1.8646614289466776, ""ar[2]"": -0.9887978392518499, ""beta[1]"": 0.8264423278156132, ""ma[1]"": 1.8581411929291187, ""ma[2]"": 0.9822609285445956, ""mu"": 0.10801154784247502, ""nu"": 5.9455647346281575, ""omega"": 0.016190068404807956}"
1636,0.15148220748364949,0.51140880551879997,5.9639804262754534,0.98265285957771176,1.4319085870090045,-2097.2008648230521,0.99999965832650251,2,"{""alpha[1]"": 0.17334784226274313, ""ar[1]"": -1.8648408956112057, ""ar[2]"": -0.9888265009873856, ""beta[1]"": 0.8266518160637594, ""ma[1]"": 1.8582839720735627, ""ma[2]"": 0.9821763719800557, ""mu"": 0.10736874947025565, ""nu"": 5.963980426275453, ""omega"": 0.016191354872153254}"
1637,0.074842027489888441,0.46704196459771097,5.961798916618128,1.0089530988324682,1.4383422523496763,-2097.890740055168,0.99999964840465017,2,"{""alpha[1]"": 0.173248146623983, ""ar[1]"": -1.8647430768753699, ""ar[2]"": -0.9888108823800358, ""beta[1]"": 0.8267515017806671, ""ma[1]"": 1.8582066549566587, ""ma[2]"": 0.9822187755223849, ""mu"": 0.1070305533443309, ""nu"": 5.961798916618128, ""omega"": 0.016147970585602505}"
1638,0.12563801041262096,0.40765201202422791,5.9487827064040406,0.8867465195272799,1.2882582803220135,-2098.3253213727071,0.9999996383901919,2,"{""alpha[1]"": 0.1732662848906541, ""ar[1]"": -1.8647086623684206, ""ar[2]"": -0.9888079908124728, ""beta[1]"": 0.8267333534995378, ""ma[1]"": 1.8581749513125394, ""ma[2]"": 0.9822309015931617, ""mu"": 0.1071407767358497, ""nu"": 5.948782706404041, ""omega"": 0.01612694372453282}"
1639,0.09943111204984989,0.39817392619857916,5.9577809850325938,0.90122429994193909,1.2978006140526162,-2099.154012235454,0.99999962839980605,2,"{""alpha[1]"": 0.17325583570693812, ""ar[1]"": -1.8648239554742871, ""ar[2]"": -0.9888163784183899, ""beta[1]"": 0.8267437926928679, ""ma[1]"": 1.8582770347003925, ""ma[2]"": 0.982185946584578, ""mu"": 0.10759602475411754, ""nu"": 5.957780985032594, ""omega"": 0.016112253097882865}"
1640,0.094685049256486797,0.43110571479052001,5.9721613811535779,0.94670957155036994,1.3589620791985684,-2100.4008523765651,0.99999961819900496,2,"{""alpha[1]"": 0.17342045211725715, ""ar[1]"": -1.864909353200678, ""ar[2]"": -0.9891312038303918, ""beta[1]"": 0.8265791660817479, ""ma[1]"": 1.8585220808104883, ""ma[2]"": 0.9827379056492505, ""mu"": 0.10817223101290568, ""nu"": 5.972161381153578, ""omega"": 0.01615290854505375}"
1641,0.12937621154220835,0.45684241047466634,5.989676683790913,0.94287743117510492,1.3667613007887416,-2101.6091067620109,0.99999960817405575,2,"{""alpha[1]"": 0.1734082412253961, ""ar[1]"": -1.8646735751211845, ""ar[2]"": -0.988676268367691, ""beta[1]"": 0.8265913669486596, ""ma[1]"": 1.8580781736559087, ""ma[2]"": 0.9820073136058622, ""mu"": 0.1086656472779243, ""nu"": 5.989676683790913, ""omega"": 0.016152757602910718}"
1642,0.078249904289949046,0.39999832937585228,5.9784115517487617,0.92494441425452278,1.3218790583762567,-2102.0441393641786,0.99999959830874696,2,"{""alpha[1]"": 0.17326184514206008, ""ar[1]"": -1.864662260535284, ""ar[2]"": -0.9886668088445376, ""beta[1]"": 0.8267377531666869, ""ma[1]"": 1.858080901401129, ""ma[2]"": 0.9820202930497314, ""mu"": 0.10859343692643063, ""nu"": 5.978411551748762, ""omega"": 0.016102718270267782}"
1643,0.1441211303627799,0.35875662745568065,5.9767409169342294,0.80593060697379548,1.181887768469509,-2102.4970184359781,0.99999414834569711,2,"{""alpha[1]"": 0.17337793620716913, ""ar[1]"": -1.8644310361099843, ""ar[2]"": -0.988349667680374, ""beta[1]"": 0.826616212138528, ""ma[1]"": 1.8577381012149705, ""ma[2]"": 0.9815720449184637, ""mu"": 0.10894225931253586, ""nu"": 5.976740916934229, ""omega"": 0.016082897971486477}"
1644,0.066017649073589313,0.37451831156523857,5.9864649511733461,0.90479238063307221,1.2886702757332007,-2103.5219683346322,0.99999414020299604,2,"{""alpha[1]"": 0.1732471481907659, ""ar[1]"": -1.8645789619767064, ""ar[2]"": -0.9883780067908841, ""beta[1]"": 0.8267469920122301, ""ma[1]"": 1.8578642923838735, ""ma[2]"": 0.9815079500064041, ""mu"": 0.10945107026716534, ""nu"": 5.986464951173346, ""omega"": 0.016080020859432755}"
1645,0.1495127299617417,0.32951780502516048,5.9778454500745513,0.76101353130622251,1.1212982019208919,-2103.8442342861727,0.99999412997721671,2,"{""alpha[1]"": 0.17327219728120236, ""ar[1]"": -1.8645352720718256, ""ar[2]"": -0.9883719322624737, ""beta[1]"": 0.8267219326960143, ""ma[1]"": 1.8578313766098153, ""ma[2]"": 0.981533483021843, ""mu"": 0.1097680257897572, ""nu"": 5.977845450074551, ""omega"": 0.016033001136974635}"
1646,0.085051842352031004,0.40279513839690489,5.9922414315637091,0.92180949601192852,1.3197624013970723,-2105.462078308979,0.99999973709041046,2,"{""alpha[1]"": 0.17323389532606723, ""ar[1]"": -1.8645718748500837, ""ar[2]"": -0.988800172419518, ""beta[1]"": 0.8267658417643432, ""ma[1]"": 1.8580953440808934, ""ma[2]"": 0.9823516426076192, ""mu"": 0.10885396899583633, ""nu"": 5.992241431563709, ""omega"": 0.01610144060673258}"
1647,0.1228043754888809,0.3501441620958366,5.9796697712888562,0.8158073076673994,1.1871516973899756,-2105.7801084110401,0.99999972723938002,2,"{""alpha[1]"": 0.1729871575616139, ""ar[1]"": -1.8645803185163297, ""ar[2]"": -0.9888009124824007, ""beta[1]"": 0.8270125696777662, ""ma[1]"": 1.8581075545161618, ""ma[2]"": 0.9823541464192895, ""mu"": 0.10878198636469993, ""nu"": 5.979669771288856, ""omega"": 0.016022524496344878}"
1648,0.1032276476339819,0.32346546923612257,5.9795090024234643,0.7989158821323401,1.1558368377381885,-2106.2643057212204,0.99999968985351462,2,"{""alpha[1]"": 0.17291454042889767, ""ar[1]"": -1.8644822698772683, ""ar[2]"": -0.9884983738259528, ""beta[1]"": 0.827085149424617, ""ma[1]"": 1.8578665181497396, ""ma[2]"": 0.9818332738519014, ""mu"": 0.10914831884355998, ""nu"": 5.979509002423464, ""omega"": 0.015975648109406028}"
1649,0.10033636854977535,0.28804129113534788,5.9710232577382758,0.75088962603149079,1.0878911609496689,-2106.5330438126639,0.99999967979914395,2,"{""alpha[1]"": 0.17306735809673932, ""ar[1]"": -1.8645920994205065, ""ar[2]"": -0.9887569698010246, ""beta[1]"": 0.8269323217024046, ""ma[1]"": 1.8580986819437655, ""ma[2]"": 0.9822693251339389, ""mu"": 0.10942222288618725, ""nu"": 5.971023257738276, ""omega"": 0.01594684820822991}"
1650,0.13082908221927791,0.25483581162747754,5.9609323382888171,0.66973282924140143,0.98692950092744436,-2106.6886841494616,0.99999879112198953,2,"{""alpha[1]"": 0.17335590084175515, ""ar[1]"": -1.8646898825594242, ""ar[2]"": -0.9889534920811709, ""beta[1]"": 0.8266428902802344, ""ma[1]"": 1.8583067315906492, ""ma[2]"": 0.9826114813452357, ""mu"": 0.10938631589892094, ""nu"": 5.960932338288817, ""omega"": 0.015921361036253686}"
1651,0.085689280254008127,0.33570533990335699,5.9770169355666596,0.83333683025252014,1.1970085321929422,-2108.4410079493919,0.9999987840008957,2,"{""alpha[1]"": 0.17249415147641373, ""ar[1]"": -1.8642200070667672, ""ar[2]"": -0.9881330813455573, ""beta[1]"": 0.827504632524482, ""ma[1]"": 1.8574711726129354, ""ma[2]"": 0.9813132245855228, ""mu"": 0.10843325074147424, ""nu"": 5.97701693556666, ""omega"": 0.015929492404088513}"
1652,0.13161051325789874,0.4318440705217319,5.9962296184620278,0.91097472763534137,1.3229184809127834,-2110.2827914003183,0.9999996047494577,2,"{""alpha[1]"": 0.17303797225963818, ""ar[1]"": -1.863994368995944, ""ar[2]"": -0.9878675072111041, ""beta[1]"": 0.8269616324898195, ""ma[1]"": 1.857136810614729, ""ma[2]"": 0.9809401756148004, ""mu"": 0.10926170950743609, ""nu"": 5.996229618462028, ""omega"": 0.016111009478753168}"
1653,0.08253401411922312,0.37294336955568408,5.9853035291683589,0.88621921247380564,1.2693187577449727,-2110.6262657869552,0.99999959531054061,2,"{""alpha[1]"": 0.17237732629799407, ""ar[1]"": -1.8638219964725082, ""ar[2]"": -0.9875460631978571, ""beta[1]"": 0.8276222690125465, ""ma[1]"": 1.8568438100851001, ""ma[2]"": 0.9804436101775127, ""mu"": 0.10934035492443796, ""nu"": 5.985303529168359, ""omega"": 0.015965607982078973}"
1654,0.14052877702724409,0.34783169191457419,5.980625733799438,0.79498900715144638,1.1650815024832448,-2111.1948265152755,0.9999995855586572,2,"{""alpha[1]"": 0.17211103300923952, ""ar[1]"": -1.863953288515733, ""ar[2]"": -0.9875610207675742, ""beta[1]"": 0.8278885525494176, ""ma[1]"": 1.8569791330733256, ""ma[2]"": 0.9804024624635884, ""mu"": 0.10896184142599126, ""nu"": 5.980625733799438, ""omega"": 0.0159082340552101}"
1655,0.095303692090659808,0.70926246373696888,5.970649404317804,1.2404274151782049,1.7692608001490837,-2114.8699001603241,0.99999957476770407,2,"{""alpha[1]"": 0.1730215279703585, ""ar[1]"": -1.8641435401102648, ""ar[2]"": -0.988362075920229, ""beta[1]"": 0.8269780467973455, ""ma[1]"": 1.8575259307388783, ""ma[2]"": 0.9818113113133031, ""mu"": 0.10833314084660015, ""nu"": 5.970649404317804, ""omega"": 0.016304341566057434}"
1656,0.11899771155302608,0.62694879353378308,5.9616682303415551,1.1366985213861001,1.634198382989795,-2115.6297509098677,0.99999911581905654,2,"{""alpha[1]"": 0.172308658202617, ""ar[1]"": -1.8641448373162, ""ar[2]"": -0.9882733369945376, ""beta[1]"": 0.8276904576164396, ""ma[1]"": 1.8574834403333917, ""ma[2]"": 0.9816417265828419, ""mu"": 0.10805043150226266, ""nu"": 5.961668230341555, ""omega"": 0.016190280091965423}"
1657,0.10930399817356728,0.59034014392260981,5.9652962753967795,1.1092330222298437,1.591871943131155,-2116.5806733653681,0.99999856412597321,2,"{""alpha[1]"": 0.17235052699614223, ""ar[1]"": -1.8642171265256313, ""ar[2]"": -0.9885693464508338, ""beta[1]"": 0.827648037129831, ""ma[1]"": 1.8576964614221145, ""ma[2]"": 0.9821655790272823, ""mu"": 0.10764503061541458, ""nu"": 5.9652962753967795, ""omega"": 0.016179796069977676}"
1658,0.092934170632314683,0.60450217102820802,5.9752784540976709,1.1402803022592742,1.6283476873676954,-2117.8450054117202,0.99999855307004926,2,"{""alpha[1]"": 0.17273404766208694, ""ar[1]"": -1.8644441667307285, ""ar[2]"": -0.9890553145859058, ""beta[1]"": 0.8272645054079624, ""ma[1]"": 1.858154687485742, ""ma[2]"": 0.9829725204720177, ""mu"": 0.10817306353474572, ""nu"": 5.975278454097671, ""omega"": 0.01623314957578311}"
1659,0.13150394286811617,0.56349504829541996,5.9758667044700484,1.0591561401116338,1.530359985427135,-2118.7314822069125,0.99999972189804853,2,"{""alpha[1]"": 0.17264066984806958, ""ar[1]"": -1.864558053551348, ""ar[2]"": -0.9892846283049862, ""beta[1]"": 0.827359052049979, ""ma[1]"": 1.858372588885419, ""ma[2]"": 0.9833439025641763, ""mu"": 0.10784408664582958, ""nu"": 5.975866704470048, ""omega"": 0.016202698583250078}"
1660,0.088214720397147062,0.59315700236481039,5.9929324871012755,1.1336298065048378,1.6165267330689452,-2120.0764382825855,0.99999971178356695,2,"{""alpha[1]"": 0.17279360336815297, ""ar[1]"": -1.864361599490254, ""ar[2]"": -0.9889514163797374, ""beta[1]"": 0.827206108415414, ""ma[1]"": 1.8580348365278256, ""ma[2]"": 0.9828260141581568, ""mu"": 0.10741813589693908, ""nu"": 5.9929324871012755, ""omega"": 0.0162282086400798}"
1661,0.12577940525570896,0.50697624174934908,5.977230723467029,1.003609822653468,1.4505176729588829,-2120.5761652012316,0.99999970209501876,2,"{""alpha[1]"": 0.17232281023206966, ""ar[1]"": -1.8643445907479292, ""ar[2]"": -0.988949930229032, ""beta[1]"": 0.8276768918629491, ""ma[1]"": 1.8580202191636572, ""ma[2]"": 0.9828338075367271, ""mu"": 0.10722844139163014, ""nu"": 5.977230723467029, ""omega"": 0.016133859864926856}"
1662,0.093022022066086452,0.44120857149860587,5.9661827871061934,0.96042859077497122,1.377650717712108,-2121.0510651180148,0.99999969221106788,2,"{""alpha[1]"": 0.17215309238852033, ""ar[1]"": -1.8643068521610842, ""ar[2]"": -0.9889446088426674, ""beta[1]"": 0.8278465998225476, ""ma[1]"": 1.8579900766941733, ""ma[2]"": 0.9828502356874789, ""mu"": 0.10695343389553408, ""nu"": 5.966182787106193, ""omega"": 0.016079250223477913}"
1663,0.11280529055480215,0.4173230746708777,5.9728444927882789,0.91181558725987688,1.317406075030247,-2121.7937288106978,0.99999968210780188,2,"{""alpha[1]"": 0.17229951386869813, ""ar[1]"": -1.8642319433784833, ""ar[2]"": -0.9889357609464234, ""beta[1]"": 0.8277001682391038, ""ma[1]"": 1.85792017794291, ""ma[2]"": 0.9828730407412183, ""mu"": 0.10731567320420447, ""nu"": 5.972844492788279, ""omega"": 0.01607889998821513}"
1664,0.11591651417611892,0.64247150313548596,5.9837534693657544,1.1555666825431214,1.658443955077231,-2124.5009106591456,0.99999942592657309,2,"{""alpha[1]"": 0.17202549311867274, ""ar[1]"": -1.8642088134428265, ""ar[2]"": -0.9890072316308938, ""beta[1]"": 0.8279739328079003, ""ma[1]"": 1.8579337696768297, ""ma[2]"": 0.9830162327966221, ""mu"": 0.10684295628744653, ""nu"": 5.983753469365754, ""omega"": 0.016172217366107012}"
1665,0.098946900688534178,0.67253410572642847,5.9983059463958348,1.2021688148016607,1.7161789902270035,-2125.902976369865,0.9999985472419618,2,"{""alpha[1]"": 0.1721990471314081, ""ar[1]"": -1.8642487703863204, ""ar[2]"": -0.9888911373451639, ""beta[1]"": 0.8277995001105537, ""ma[1]"": 1.8579179640489252, ""ma[2]"": 0.9827823771610135, ""mu"": 0.10647991100940232, ""nu"": 5.998305946395835, ""omega"": 0.016198034145318497}"
1666,0.12360867451729884,0.70018875699960859,6.0151172124530081,1.2042513326880249,1.7281396526307244,-2127.3128526097171,0.9999985361005268,2,"{""alpha[1]"": 0.17254443916790418, ""ar[1]"": -1.864148388477063, ""ar[2]"": -0.9888855553885754, ""beta[1]"": 0.8274540969326226, ""ma[1]"": 1.8578124211056213, ""ma[2]"": 0.9828150324406028, ""mu"": 0.10616209691669193, ""nu"": 6.015117212453008, ""omega"": 0.016239835328166533}"
1667,0.087273515506008703,0.59599737926955265,5.9990727010085889,1.1375820484094394,1.62143637787762,-2127.899269336483,0.99999852800381861,2,"{""alpha[1]"": 0.17197647921009224, ""ar[1]"": -1.8641412359997378, ""ar[2]"": -0.9888876276102845, ""beta[1]"": 0.8280220487937264, ""ma[1]"": 1.8578093473146335, ""ma[2]"": 0.9828244590744301, ""mu"": 0.10591701832892662, ""nu"": 5.999072701008589, ""omega"": 0.01613828668034227}"
1668,0.12053353040764747,0.56439358940692197,6.0026585561914434,1.0714551640579697,1.5421941771410341,-2128.835254764012,0.99999973110193119,2,"{""alpha[1]"": 0.17198616333760317, ""ar[1]"": -1.8642086369217614, ""ar[2]"": -0.9889220558685531, ""beta[1]"": 0.828013567764328, ""ma[1]"": 1.8578953370960711, ""ma[2]"": 0.9828578283571524, ""mu"": 0.1062331522652215, ""nu"": 6.002658556191443, ""omega"": 0.01612710458597985}"
1669,0.098100588764210184,0.5092583401228441,5.9994243558328755,1.0341266142214394,1.4813776922205031,-2129.5350184850058,0.99999969850510606,2,"{""alpha[1]"": 0.17176992509899763, ""ar[1]"": -1.863944581227999, ""ar[2]"": -0.9884732619892586, ""beta[1]"": 0.8282297734061085, ""ma[1]"": 1.8574290432678269, ""ma[2]"": 0.9821423719279636, ""mu"": 0.10585942377292153, ""nu"": 5.9994243558328755, ""omega"": 0.01607854028462896}"
1670,0.10178698785093254,0.6134213345406363,6.0265143507007739,1.1412440528544552,1.6312307622264279,-2131.3836809400082,0.99999968883653312,2,"{""alpha[1]"": 0.17164045127110047, ""ar[1]"": -1.8634080947596288, ""ar[2]"": -0.9875433417178382, ""beta[1]"": 0.8283592375654326, ""ma[1]"": 1.8564575653619637, ""ma[2]"": 0.9806372121829571, ""mu"": 0.10661171824572564, ""nu"": 6.026514350700774, ""omega"": 0.016085175864061753}"
1671,0.1234036602109494,0.90481442768859299,6.0530312723531443,1.386729933776925,1.9807894178063365,-2134.1431250215537,0.99999937597630384,2,"{""alpha[1]"": 0.17226117784677464, ""ar[1]"": -1.8632534868424515, ""ar[2]"": -0.9873482809236656, ""beta[1]"": 0.8277381981295292, ""ma[1]"": 1.856186713376689, ""ma[2]"": 0.9803116802900248, ""mu"": 0.10620126643699626, ""nu"": 6.053031272353144, ""omega"": 0.016233805299350142}"
1672,0.085425744809851656,0.81982271425080644,6.0514630953225135,1.3520077783409983,1.9175364226229632,-2135.1614044136077,0.99999936675448398,2,"{""alpha[1]"": 0.1718266635434448, ""ar[1]"": -1.8626979319963208, ""ar[2]"": -0.9864957979690948, ""beta[1]"": 0.8281727032110392, ""ma[1]"": 1.8552393146915378, ""ma[2]"": 0.9789650794129268, ""mu"": 0.10634700024688937, ""nu"": 6.0514630953225135, ""omega"": 0.016162418070043413}"
1673,0.11677366901399133,0.74660774410914554,6.048374235274828,1.2549247176575589,1.7947192888379662,-2136.1268556690152,0.99999935706430099,2,"{""alpha[1]"": 0.17161523772243806, ""ar[1]"": -1.8627827260221768, ""ar[2]"": -0.9864986547577935, ""beta[1]"": 0.828384119341863, ""ma[1]"": 1.8553565712415017, ""ma[2]"": 0.9789556120669716, ""mu"": 0.10656257897662821, ""nu"": 6.048374235274828, ""omega"": 0.016123991762624777}"
1674,0.087537330627642795,0.93949366642267396,6.072241746658162,1.4516012152936206,2.0561818476013722,-2138.3531250652231,0.99999934585830652,2,"{""alpha[1]"": 0.17254933633715827, ""ar[1]"": -1.8632374147287183, ""ar[2]"": -0.9875651608048217, ""beta[1]"": 0.8274500095211482, ""ma[1]"": 1.8562405263822432, ""ma[2]"": 0.9807097426566154, ""mu"": 0.10711153273706069, ""nu"": 6.072241746658162, ""omega"": 0.01627748855483212}"
1675,0.11619328547051455,0.81115610221768519,6.0616404280026064,1.3137888436709362,1.8759472471587479,-2139.1771786062604,0.9999997367291471,2,"{""alpha[1]"": 0.1720529192381628, ""ar[1]"": -1.863157234998566, ""ar[2]"": -0.9873747107188152, ""beta[1]"": 0.8279468174909843, ""ma[1]"": 1.8560781646432518, ""ma[2]"": 0.9803909984515341, ""mu"": 0.10726494459128515, ""nu"": 6.061640428002606, ""omega"": 0.01619836684049494}"
1676,0.11390442102105136,0.69828279321925657,6.051602361666629,1.2127083081943031,1.7346312108975945,-2139.9032032140467,0.99999972713132967,2,"{""alpha[1]"": 0.1715530401786815, ""ar[1]"": -1.8627135586777839, ""ar[2]"": -0.986566554831478, ""beta[1]"": 0.8284466869526481, ""ma[1]"": 1.855285155357845, ""ma[2]"": 0.9790905284613356, ""mu"": 0.10716616484020254, ""nu"": 6.051602361666629, ""omega"": 0.016112988395859396}"
1677,0.091854091622592476,0.59544932750649426,6.037124386480591,1.1329832697831754,1.6154024339421165,-2140.4893516851462,0.99999971720347913,2,"{""alpha[1]"": 0.17144024345710857, ""ar[1]"": -1.8627296103612432, ""ar[2]"": -0.9865659001116455, ""beta[1]"": 0.8285594737463706, ""ma[1]"": 1.8552909030595264, ""ma[2]"": 0.9790700812373203, ""mu"": 0.10724544409953995, ""nu"": 6.037124386480591, ""omega"": 0.01608268424741367}"
1678,0.15000483030763223,0.54924907276238155,6.0396995996245391,1.0263913895591614,1.4896393231770018,-2141.3533935941605,0.99999972690837369,2,"{""alpha[1]"": 0.1708484472002281, ""ar[1]"": -1.8610598504557667, ""ar[2]"": -0.9836987939621559, ""beta[1]"": 0.8291512797081456, ""ma[1]"": 1.8525040227083955, ""ma[2]"": 0.9745743475464782, ""mu"": 0.10691290223371855, ""nu"": 6.039699599624539, ""omega"": 0.015980207038928523}"
1679,0.085618345637485493,0.58802071949234713,6.052611685943857,1.1317719477471258,1.610686885298636,-2142.724830383449,0.9999997162701979,2,"{""alpha[1]"": 0.17137912377236503, ""ar[1]"": -1.8628605921024586, ""ar[2]"": -0.986750222558715, ""beta[1]"": 0.8286205924978328, ""ma[1]"": 1.855536432474672, ""ma[2]"": 0.9793856590177082, ""mu"": 0.10645514915044335, ""nu"": 6.052611685943857, ""omega"": 0.016060889591427072}"
1680,0.13231047195408663,0.52880668107602191,6.0502682778711252,1.0221267035982631,1.4763579317542999,-2143.4377113905102,0.99999970648672454,2,"{""alpha[1]"": 0.17118041191414138, ""ar[1]"": -1.8623215673199627, ""ar[2]"": -0.9858733908590941, ""beta[1]"": 0.8288192945725832, ""ma[1]"": 1.8546066947259352, ""ma[2]"": 0.977987150114146, ""mu"": 0.1061563498678753, ""nu"": 6.050268277871125, ""omega"": 0.01601224616766868}"
1681,0.084450998263782273,0.45403712224650739,6.0376502244677974,0.98510701119074651,1.4063501613034461,-2143.8787688909429,0.99999969637649566,2,"{""alpha[1]"": 0.17134153511187847, ""ar[1]"": -1.8623215392928887, ""ar[2]"": -0.9858729233596978, ""beta[1]"": 0.8286581612646172, ""ma[1]"": 1.854605282543218, ""ma[2]"": 0.9779862536015825, ""mu"": 0.10609509514511302, ""nu"": 6.037650224467797, ""omega"": 0.01600589821518581}"
1682,0.11482431508899849,0.44829415147640411,6.0440259929926397,0.9480261739991358,1.3664219678262925,-2144.8213337360135,0.99999968636037506,2,"{""alpha[1]"": 0.17136423459850786, ""ar[1]"": -1.8624557452000083, ""ar[2]"": -0.9858737247041736, ""beta[1]"": 0.8286354517618673, ""ma[1]"": 1.8548117972225238, ""ma[2]"": 0.9779843240091418, ""mu"": 0.10654971014360587, ""nu"": 6.04402599299264, ""omega"": 0.01600617815362777}"
1683,0.11717597427573045,0.46127401938955082,6.0546593537730926,0.96108332779697003,1.3851982357272257,-2145.939622019423,0.99999967631501163,2,"{""alpha[1]"": 0.17092643495802642, ""ar[1]"": -1.8621869857974034, ""ar[2]"": -0.9850736460347785, ""beta[1]"": 0.8290732413569852, ""ma[1]"": 1.8543225643564163, ""ma[2]"": 0.9767089414355024, ""mu"": 0.1060408421478799, ""nu"": 6.054659353773093, ""omega"": 0.015941380085242155}"
1684,0.086329010057592859,0.39795177526153136,6.0409375996260142,0.91503133345574228,1.3093150301237397,-2146.3118436180725,0.99999966621791381,2,"{""alpha[1]"": 0.17105660527856473, ""ar[1]"": -1.8622294700690745, ""ar[2]"": -0.9850733131619945, ""beta[1]"": 0.8289430609393491, ""ma[1]"": 1.8543867417055828, ""ma[2]"": 0.9767076451185489, ""mu"": 0.10598960557242716, ""nu"": 6.040937599626014, ""omega"": 0.015929259321768467}"
1685,0.11178648426389337,0.44727285774954639,6.0580158015389882,0.95002318615386216,1.3675604852730801,-2147.7099953737629,0.99999965607945507,2,"{""alpha[1]"": 0.17145639258833678, ""ar[1]"": -1.86319625958158, ""ar[2]"": -0.9871516006898334, ""beta[1]"": 0.8285432634911183, ""ma[1]"": 1.8561010134952318, ""ma[2]"": 0.9800242325135584, ""mu"": 0.10664615441505719, ""nu"": 6.058015801538988, ""omega"": 0.016015209387930607}"
1686,0.11199907644073726,0.68007420194852919,6.0688370707583195,1.1974606419677083,1.7119559640498334,-2150.4208880487281,0.99999964611471759,2,"{""alpha[1]"": 0.17159518376703464, ""ar[1]"": -1.8638735112680613, ""ar[2]"": -0.9884876880937228, ""beta[1]"": 0.828404462347683, ""ma[1]"": 1.857369261271824, ""ma[2]"": 0.9822064513923808, ""mu"": 0.105982411041314, ""nu"": 6.0688370707583195, ""omega"": 0.01614923407662473}"
1687,0.10604752252427962,0.57957808515623588,6.0528836006708246,1.1025754719688394,1.5780314788946688,-2150.9912213106509,0.99999963656698276,2,"{""alpha[1]"": 0.171041300244757, ""ar[1]"": -1.86386239250227, ""ar[2]"": -0.9884858389470421, ""beta[1]"": 0.8289583363222258, ""ma[1]"": 1.8573639231467545, ""ma[2]"": 0.9822156896822732, ""mu"": 0.10585804815285431, ""nu"": 6.052883600670825, ""omega"": 0.016052606031010688}"
1688,0.10264365867578051,0.51206165471028653,6.0436869100617132,1.0332824196941313,1.480456414299899,-2151.6209910377465,0.99999832045829917,2,"{""alpha[1]"": 0.17105420225287077, ""ar[1]"": -1.8641797317846296, ""ar[2]"": -0.9889730122896601, ""beta[1]"": 0.8289441182054283, ""ma[1]"": 1.857917049254938, ""ma[2]"": 0.9829926454640203, ""mu"": 0.10559492250370939, ""nu"": 6.043686910061713, ""omega"": 0.016033817211526403}"
1689,0.12151873165410532,0.61962848771309353,6.0673830085675187,1.1283732997904654,1.6195185962279941,-2153.4797948861014,0.99999831246898196,2,"{""alpha[1]"": 0.1708605883699816, ""ar[1]"": -1.8636824154453029, ""ar[2]"": -0.9882425553911254, ""beta[1]"": 0.8291377240990003, ""ma[1]"": 1.857052389485125, ""ma[2]"": 0.9818200013394343, ""mu"": 0.10515697232995123, ""nu"": 6.067383008567519, ""omega"": 0.01604422703921946}"
1690,0.098201846128531223,1.0712366162644242,6.0829128868859472,1.5455108865128615,2.1906447534574518,-2156.8620253666968,0.99999960346282013,2,"{""alpha[1]"": 0.17183104921098147, ""ar[1]"": -1.8637828755807448, ""ar[2]"": -0.9882419944938975, ""beta[1]"": 0.8281685542518387, ""ma[1]"": 1.8571837018064645, ""ma[2]"": 0.9818056496563013, ""mu"": 0.10506523491267807, ""nu"": 6.082912886885947, ""omega"": 0.016283029008858474}"
1691,0.11565337290255107,0.91959869628802204,6.0690153066242285,1.4070455702555935,2.0053158467538621,-2157.7395992439979,0.99999959416860884,2,"{""alpha[1]"": 0.1710613226280196, ""ar[1]"": -1.8637652083653704, ""ar[2]"": -0.9882423422009723, ""beta[1]"": 0.8289382715405893, ""ma[1]"": 1.857165360940899, ""ma[2]"": 0.9818134632660696, ""mu"": 0.10478596007535587, ""nu"": 6.0690153066242285, ""omega"": 0.016167187565687455}"
1692,0.090179643818154187,0.79329704580291727,6.0550923185950563,1.3238671754598952,1.8800399108443973,-2158.5434485160936,0.99999905832485192,2,"{""alpha[1]"": 0.17063761229156235, ""ar[1]"": -1.8640057456146037, ""ar[2]"": -0.9886557011203314, ""beta[1]"": 0.8293614460332895, ""ma[1]"": 1.857592889510856, ""ma[2]"": 0.9824715103907473, ""mu"": 0.10478194955540614, ""nu"": 6.055092318595056, ""omega"": 0.01609445594540624}"
1693,0.12879474030630389,1.0904734180624138,6.0819074738923158,1.5295920515321899,2.1805349856210277,-2161.1709378132905,0.99999904663084338,2,"{""alpha[1]"": 0.17141599416483413, ""ar[1]"": -1.8639157829274686, ""ar[2]"": -0.9886514302358712, ""beta[1]"": 0.8285830524660093, ""ma[1]"": 1.8574852295950612, ""ma[2]"": 0.9824915021000264, ""mu"": 0.10459856092338307, ""nu"": 6.081907473892316, ""omega"": 0.016243701228859136}"
1694,0.084523287582969564,0.92007730297766288,6.064299373178625,1.4384900960213429,2.0370994710704355,-2161.9802160790532,0.99999903820907243,2,"{""alpha[1]"": 0.1707042444194331, ""ar[1]"": -1.8639094593901677, ""ar[2]"": -0.9886523208120328, ""beta[1]"": 0.8292947937896393, ""ma[1]"": 1.8574855190966906, ""ma[2]"": 0.9825028633928848, ""mu"": 0.10439980307485017, ""nu"": 6.064299373178625, ""omega"": 0.016136965206313535}"
1695,0.11491533997337045,0.82109273545595562,6.0567702169566155,1.3237186595413579,1.8894892478211978,-2162.9226674973106,0.99999902852086031,2,"{""alpha[1]"": 0.17056541714709564, ""ar[1]"": -1.863926399323741, ""ar[2]"": -0.9886534595282592, ""beta[1]"": 0.8294336113737647, ""ma[1]"": 1.8575112962936289, ""ma[2]"": 0.9825020771482814, ""mu"": 0.10453455571509063, ""nu"": 6.0567702169566155, ""omega"": 0.01611895979966434}"
1696,0.10373897036963919,0.71880702217017589,6.0472149538133362,1.2421608858550124,1.771850349768912,-2163.7163800729968,0.9999990189751462,2,"{""alpha[1]"": 0.17036531080441436, ""ar[1]"": -1.8639334356840305, ""ar[2]"": -0.9886547960712945, ""beta[1]"": 0.8296337081707318, ""ma[1]"": 1.8575199383874865, ""ma[2]"": 0.9824983714209314, ""mu"": 0.10426975675844641, ""nu"": 6.047214953813336, ""omega"": 0.016084298695462636}"
1697,0.097992140670530747,0.61571081883107337,6.0346637794477989,1.147474322399948,1.6381117268857648,-2164.3351573165523,0.99999900897022465,2,"{""alpha[1]"": 0.17036714492478558, ""ar[1]"": -1.8639332218090294, ""ar[2]"": -0.988654708907662, ""beta[1]"": 0.8296318640454391, ""ma[1]"": 1.8575194442061975, ""ma[2]"": 0.9824999948262628, ""mu"": 0.104082240160395, ""nu"": 6.034663779447799, ""omega"": 0.01606559840587056}"
1698,0.12625730392011114,0.87759989936571725,6.0573687136957295,1.3610663051761676,1.9459581985479755,-2166.97618833863,0.99999973599783476,2,"{""alpha[1]"": 0.16966224559464008, ""ar[1]"": -1.8638087876805087, ""ar[2]"": -0.9884695834373073, ""beta[1]"": 0.8303374904031947, ""ma[1]"": 1.8572770817215072, ""ma[2]"": 0.9821703071136713, ""mu"": 0.10377597249725833, ""nu"": 6.0573687136957295, ""omega"": 0.01600940068764403}"
1699,0.073102820338966923,0.80538691345952163,6.060304156695973,1.3517632597944114,1.9119677080780342,-2168.0111166153138,0.99999733762350163,2,"{""alpha[1]"": 0.16938660315409515, ""ar[1]"": -1.8632869640285827, ""ar[2]"": -0.9876674113576998, ""beta[1]"": 0.8306107344694065, ""ma[1]"": 1.8563606458009607, ""ma[2]"": 0.9808826740397641, ""mu"": 0.10397090138223358, ""nu"": 6.060304156695973, ""omega"": 0.015958119221877353}"
1700,0.13438950179278794,0.68681991153908006,6.0460031500539779,1.1812047637730532,1.6990154785288794,-2168.6754965587088,0.99999894145012791,2,"{""alpha[1]"": 0.16914043156226322, ""ar[1]"": -1.8632378373293599, ""ar[2]"": -0.9876161014451973, ""beta[1]"": 0.8308585098878647, ""ma[1]"": 1.856277896133927, ""ma[2]"": 0.9807999318089182, ""mu"": 0.10380728292701033, ""nu"": 6.046003150053978, ""omega"": 0.015909213947925535}"
1701,0.070389934166181556,0.7737149688689412,6.067383613526462,1.3262913501815734,1.8751174843496106,-2170.4276352889906,0.99999893113866134,2,"{""alpha[1]"": 0.1692703862650006, ""ar[1]"": -1.863142198190219, ""ar[2]"": -0.9876172487451101, ""beta[1]"": 0.8307285448736608, ""ma[1]"": 1.8561535167599634, ""ma[2]"": 0.9808265887114553, ""mu"": 0.10436740369302154, ""nu"": 6.067383613526462, ""omega"": 0.015937293203880765}"
1702,0.12492667844421979,0.71368218741157397,6.0667516334092211,1.2164665804458648,1.7435927133871696,-2171.4057969178548,0.99999892133167623,2,"{""alpha[1]"": 0.16919461506284073, ""ar[1]"": -1.8632120768886444, ""ar[2]"": -0.9876250419620737, ""beta[1]"": 0.8308043062688355, ""ma[1]"": 1.8562409753008113, ""ma[2]"": 0.9808137090839479, ""mu"": 0.10463310932852678, ""nu"": 6.066751633409221, ""omega"": 0.015913794364303024}"
1703,0.092686831453957064,0.63499144580883937,6.0591570108554516,1.1724864404195716,1.6699492893588306,-2172.1821324959569,0.99999891125810303,2,"{""alpha[1]"": 0.16922413267387768, ""ar[1]"": -1.8631562022495372, ""ar[2]"": -0.9876232004052271, ""beta[1]"": 0.8307747785842253, ""ma[1]"": 1.856168251989776, ""ma[2]"": 0.9808281344742908, ""mu"": 0.10486197164706532, ""nu"": 6.0591570108554516, ""omega"": 0.015904906727707953}"
1704,0.10202277093237444,0.56019311457700616,6.0537051436480747,1.0862273020184059,1.5536394124731829,-2172.849437062162,0.99999890095725796,2,"{""alpha[1]"": 0.16934218936594617, ""ar[1]"": -1.8631766791006146, ""ar[2]"": -0.9876249038840593, ""beta[1]"": 0.8306567115913118, ""ma[1]"": 1.8561995980984856, ""ma[2]"": 0.9808252462952778, ""mu"": 0.1051123983536136, ""nu"": 6.053705143648075, ""omega"": 0.01590186160554199}"
1705,0.13497832701442547,0.56400686897866525,6.0675683024239735,1.0574984310629691,1.5260757566314402,-2174.0211050084927,0.99999889298883904,2,"{""alpha[1]"": 0.16874624494724452, ""ar[1]"": -1.862152808653489, ""ar[2]"": -0.9857623154809599, ""beta[1]"": 0.8312526480415945, ""ma[1]"": 1.8543437255852835, ""ma[2]"": 0.9777874476445692, ""mu"": 0.1046184382333469, ""nu"": 6.0675683024239735, ""omega"": 0.0158104056154599}"
1706,0.078451390097490359,0.55254858710161259,6.0718881398608238,1.1019080564388823,1.5655711217023145,-2175.0542034804362,0.99999972523677105,2,"{""alpha[1]"": 0.16917552566650954, ""ar[1]"": -1.8631967833079142, ""ar[2]"": -0.9875815586490502, ""beta[1]"": 0.8308241995702615, ""ma[1]"": 1.8562106881059939, ""ma[2]"": 0.9807388773713179, ""mu"": 0.10425098878210051, ""nu"": 6.071888139860824, ""omega"": 0.015863755445980326}"
1707,0.12949884232373821,0.63514491275344875,6.0923320100969507,1.1363027719834446,1.632757238885427,-2176.7589576804207,0.99999964204097758,2,"{""alpha[1]"": 0.16913636127945292, ""ar[1]"": -1.8632344398557494, ""ar[2]"": -0.9876480811720731, ""beta[1]"": 0.8308632807615247, ""ma[1]"": 1.8563412138765898, ""ma[2]"": 0.9809229671290217, ""mu"": 0.10486114186810008, ""nu"": 6.092332010096951, ""omega"": 0.015873436473600826}"
1708,0.078111973651312283,0.54587040411641286,6.0740173394950672,1.0951211234107836,1.5559100803776917,-2177.3132050507934,0.99999963197326913,2,"{""alpha[1]"": 0.1692154371000551, ""ar[1]"": -1.863827715494459, ""ar[2]"": -0.9885684589521794, ""beta[1]"": 0.8307841948732141, ""ma[1]"": 1.8573628012314005, ""ma[2]"": 0.9823705722195607, ""mu"": 0.10476424447849784, ""nu"": 6.074017339495067, ""omega"": 0.015873725856486734}"
1709,0.14144072646392969,0.8056033485787657,6.093785344663452,1.2841568342790715,1.8432226742928195,-2180.0283918785813,0.99999962226110395,2,"{""alpha[1]"": 0.16888210342894563, ""ar[1]"": -1.8637617470314427, ""ar[2]"": -0.9885735379208241, ""beta[1]"": 0.8311175188321583, ""ma[1]"": 1.8572402847081866, ""ma[2]"": 0.9823507491588919, ""mu"": 0.10413974019915866, ""nu"": 6.093785344663452, ""omega"": 0.015902045316063596}"
1710,0.077919728118681419,0.86125648596653281,6.113729823807553,1.3964253218538112,1.9737393148092024,-2181.6521229293871,0.99999973582965485,2,"{""alpha[1]"": 0.16911246190677848, ""ar[1]"": -1.86368283156381, ""ar[2]"": -0.9883460763692381, ""beta[1]"": 0.8308872739228763, ""ma[1]"": 1.8570880383648465, ""ma[2]"": 0.981988199013982, ""mu"": 0.10379039963109309, ""nu"": 6.113729823807553, ""omega"": 0.015926646068859646}"
1711,0.13156610956407944,1.0212838783192175,6.1410428418490524,1.4744010182085114,2.101971490641124,-2183.736128395888,0.99999972538905468,2,"{""alpha[1]"": 0.1698225654704386, ""ar[1]"": -1.863599041119076, ""ar[2]"": -0.9883432877882972, ""beta[1]"": 0.8301771599186161, ""ma[1]"": 1.8569787969866203, ""ma[2]"": 0.9820077426686575, ""mu"": 0.10353295385063398, ""nu"": 6.141042841849052, ""omega"": 0.01603273237891567}"
1712,0.087814980810793752,0.87882192801075976,6.1271761910348337,1.4017101422357987,1.9843806229801522,-2184.586144287347,0.99999971576528279,2,"{""alpha[1]"": 0.1692385028285639, ""ar[1]"": -1.863613300718491, ""ar[2]"": -0.9883460840404888, ""beta[1]"": 0.8307612129367189, ""ma[1]"": 1.8570019611245958, ""ma[2]"": 0.9820110085550692, ""mu"": 0.10328580167750255, ""nu"": 6.127176191034834, ""omega"": 0.0159418365334411}"
1713,0.10082719071302804,0.82110463049323745,6.130902066255449,1.3390134593452485,1.902091604308332,-2185.6943337391403,0.99999896776587871,2,"{""alpha[1]"": 0.16911422333131537, ""ar[1]"": -1.8634666819920285, ""ar[2]"": -0.9880543663108242, ""beta[1]"": 0.8308847444345634, ""ma[1]"": 1.8567157379568722, ""ma[2]"": 0.9815178579507252, ""mu"": 0.10352736622390642, ""nu"": 6.130902066255449, ""omega"": 0.015915288430805037}"
1714,0.13179624811103352,1.0954693413520948,6.1608606618419683,1.5318347908182091,2.1809837796012093,-2188.2356522944051,0.99999950663802228,2,"{""alpha[1]"": 0.16929076512480523, ""ar[1]"": -1.8631192231664198, ""ar[2]"": -0.9873734114381256, ""beta[1]"": 0.830708741513217, ""ma[1]"": 1.8560101762279184, ""ma[2]"": 0.9803445458661091, ""mu"": 0.10325603172323808, ""nu"": 6.160860661841968, ""omega"": 0.01595557069090051}"
1715,0.078452940930858972,1.2267642910795789,6.1825310725367686,1.6824626305881434,2.3684761413305697,-2190.2136264642304,0.99999949600043891,2,"{""alpha[1]"": 0.17010207878153752, ""ar[1]"": -1.8635297119482988, ""ar[2]"": -0.9881144202995246, ""beta[1]"": 0.8298974172189014, ""ma[1]"": 1.8568241473757672, ""ma[2]"": 0.9816150559526234, ""mu"": 0.10302507766348369, ""nu"": 6.182531072536769, ""omega"": 0.01606723300926183}"
1716,0.13652557654098185,1.0812390942247303,6.1744260386199477,1.516506113770798,2.1608741582490225,-2191.2718215062732,0.9999979961945985,2,"{""alpha[1]"": 0.16966008735778396, ""ar[1]"": -1.8634777230719055, ""ar[2]"": -0.9880361856245531, ""beta[1]"": 0.8303379088368146, ""ma[1]"": 1.85672373579074, ""ma[2]"": 0.9814777054063274, ""mu"": 0.10275485519562523, ""nu"": 6.174426038619948, ""omega"": 0.015996182845878667}"
1717,0.060430622212796159,1.1037410155512637,6.1920994433319816,1.6100283314841057,2.2603458856719789,-2192.8689960048882,0.99999973461909553,2,"{""alpha[1]"": 0.16969099751191366, ""ar[1]"": -1.863157221242714, ""ar[2]"": -0.9875624201486817, ""beta[1]"": 0.8303087371071819, ""ma[1]"": 1.8561340961297494, ""ma[2]"": 0.9806859003842726, ""mu"": 0.10314380136312612, ""nu"": 6.192099443331982, ""omega"": 0.015978835595885248}"
1718,0.13679322295322183,0.98713519562891705,6.186588306843861,1.4428720809488622,2.0580914384056763,-2193.9242936706551,0.99999972467286025,2,"{""alpha[1]"": 0.1696048062953972, ""ar[1]"": -1.8631873185805894, ""ar[2]"": -0.9875602170972964, ""beta[1]"": 0.830394918377463, ""ma[1]"": 1.8561897953608484, ""ma[2]"": 0.9806917854420335, ""mu"": 0.10329004344658291, ""nu"": 6.186588306843861, ""omega"": 0.015973853241278955}"
1719,0.071742335902508003,0.98202005575088147,6.2009603796571708,1.5040651784009158,2.1171375733105369,-2195.3631887275897,0.99999971458148496,2,"{""alpha[1]"": 0.16974584478925653, ""ar[1]"": -1.8631155749211623, ""ar[2]"": -0.9875588687401362, ""beta[1]"": 0.8302538697922284, ""ma[1]"": 1.856083470255897, ""ma[2]"": 0.9806984525987494, ""mu"": 0.10362013895359334, ""nu"": 6.200960379657171, ""omega"": 0.015978825538875686}"
1720,0.10800177755098694,1.4086258205340569,6.2271981254945867,1.7798173840493183,2.5128809625661077,-2198.2814072000342,0.99999941744353393,2,"{""alpha[1]"": 0.17000944191805803, ""ar[1]"": -1.8631216270050193, ""ar[2]"": -0.9873755394165447, ""beta[1]"": 0.8299899755254759, ""ma[1]"": 1.8560355650044063, ""ma[2]"": 0.9803630709601219, ""mu"": 0.10404335545805302, ""nu"": 6.227198125494587, ""omega"": 0.01603896342116421}"
1721,0.1073311310616849,1.2948747996339101,6.2275038171718036,1.7026658067459857,2.4054945216284489,-2199.5901816454971,0.99999973608198012,2,"{""alpha[1]"": 0.1699373182942791, ""ar[1]"": -1.8630502555791635, ""ar[2]"": -0.9873580158698226, ""beta[1]"": 0.830062417787701, ""ma[1]"": 1.8559817260641847, ""ma[2]"": 0.9803978139618202, ""mu"": 0.1042659377543029, ""nu"": 6.227503817171804, ""omega"": 0.016022729671302135}"
1722,0.087576331217805392,1.0931961096569087,6.2100227777607069,1.5751988048681902,2.2216794458572666,-2200.4940995178981,0.99999972634008483,2,"{""alpha[1]"": 0.16951467988102062, ""ar[1]"": -1.863066725274701, ""ar[2]"": -0.9873625951765927, ""beta[1]"": 0.8304850464590642, ""ma[1]"": 1.8560026856482388, ""ma[2]"": 0.9803991776835864, ""mu"": 0.10436079336257172, ""nu"": 6.210022777760707, ""omega"": 0.015964114547964377}"
1723,0.13025844183272672,0.93039135572116893,6.1948252365987795,1.4034669724379585,2.0004345282855294,-2201.3333068423062,0.99999971640904961,2,"{""alpha[1]"": 0.169404783345914, ""ar[1]"": -1.8630572179757086, ""ar[2]"": -0.9873648680464826, ""beta[1]"": 0.8305949330631356, ""ma[1]"": 1.8560114028014856, ""ma[2]"": 0.9804274270233787, ""mu"": 0.10449925554928867, ""nu"": 6.1948252365987795, ""omega"": 0.015946764495927135}"
1724,0.07228778501764889,0.78901113050957927,6.1753175111946366,1.3398140745907858,1.8902291913382903,-2202.0638472586088,0.99999940045416236,2,"{""alpha[1]"": 0.16959039278270538, ""ar[1]"": -1.8631108830517753, ""ar[2]"": -0.9874489585942496, ""beta[1]"": 0.830409007671457, ""ma[1]"": 1.8561048668014222, ""ma[2]"": 0.9805624122791552, ""mu"": 0.10460840910768036, ""nu"": 6.175317511194637, ""omega"": 0.015981827027010925}"
1725,0.14595980191900626,0.79440317091671786,6.1918775686207264,1.2712093132921178,1.8229288926608151,-2203.4227463131683,0.99999939068853916,2,"{""alpha[1]"": 0.16942374567582547, ""ar[1]"": -1.8631084318329831, ""ar[2]"": -0.9874613123276045, ""beta[1]"": 0.8305756450127137, ""ma[1]"": 1.8560575949484481, ""ma[2]"": 0.9805315372917316, ""mu"": 0.10417410018354431, ""nu"": 6.191877568620726, ""omega"": 0.01593860876877984}"
1726,0.053804048244765257,1.0133915477539732,6.2193662646369638,1.547285750216906,2.1693613001293048,-2205.7611839655538,0.99999957573244891,2,"{""alpha[1]"": 0.16890746796443273, ""ar[1]"": -1.8627711276016217, ""ar[2]"": -0.9869905722898306, ""beta[1]"": 0.8310921077680162, ""ma[1]"": 1.855436426474529, ""ma[2]"": 0.9797374940664137, ""mu"": 0.1045515003446059, ""nu"": 6.219366264636964, ""omega"": 0.01587544335315163}"
1727,0.14760630333701297,0.86186803471613993,6.2031285518293471,1.3286892831898833,1.9029555006476815,-2206.5512464599233,0.99999956586986849,2,"{""alpha[1]"": 0.16877121571451037, ""ar[1]"": -1.8627592756584632, ""ar[2]"": -0.9869913117586625, ""beta[1]"": 0.8312283501553581, ""ma[1]"": 1.855411016916652, ""ma[2]"": 0.9797338349510127, ""mu"": 0.1045613856553686, ""nu"": 6.203128551829347, ""omega"": 0.01586053452996072}"
1728,0.061450614121580482,1.2730925838003149,6.2285022063018225,1.7332766517227181,2.4301258164291109,-2209.5261717405083,0.99999955600976609,2,"{""alpha[1]"": 0.1686347572036529, ""ar[1]"": -1.8626743384741915, ""ar[2]"": -0.9869905685605423, ""beta[1]"": 0.8313647988061131, ""ma[1]"": 1.8552749987962986, ""ma[2]"": 0.979741277314285, ""mu"": 0.10486164812150307, ""nu"": 6.2285022063018225, ""omega"": 0.015870784441856054}"
1729,0.12807603441345816,1.0776448117631674,6.2109373891669639,1.5228456832688138,2.164675085461055,-2210.4267752763949,0.9999995465223539,2,"{""alpha[1]"": 0.16814727732136336, ""ar[1]"": -1.8626724194288915, ""ar[2]"": -0.9869931811574358, ""beta[1]"": 0.8318522692009905, ""ma[1]"": 1.8552741411435605, ""ma[2]"": 0.9797471931997107, ""mu"": 0.10496893838332329, ""nu"": 6.210937389166964, ""omega"": 0.015800807156115763}"
1730,0.1036855363208902,0.91218125467082545,6.1933031898393409,1.414931752173048,2.0060845848961022,-2211.2285578483529,0.99999953669327302,2,"{""alpha[1]"": 0.1679888027869744, ""ar[1]"": -1.8626610778341655, ""ar[2]"": -0.9869946621403347, ""beta[1]"": 0.8320107339062986, ""ma[1]"": 1.8552526441878485, ""ma[2]"": 0.9797471521058255, ""mu"": 0.10505567750603939, ""nu"": 6.193303189839341, ""omega"": 0.01578487821273638}"
1731,0.084680461385157599,0.77458834031743085,6.1785606823065509,1.3145041510906983,1.8597542903007469,-2211.9468513232632,0.99999952667523928,2,"{""alpha[1]"": 0.16800538448724525, ""ar[1]"": -1.8626510547329502, ""ar[2]"": -0.9869961295425358, ""beta[1]"": 0.8319941421879941, ""ma[1]"": 1.8552334056596744, ""ma[2]"": 0.9797466836177517, ""mu"": 0.1051575762679068, ""nu"": 6.178560682306551, ""omega"": 0.01577752101431116}"
1732,0.1336841467705725,0.73679551151837397,6.1782312190695627,1.2309351160611532,1.7627283135178822,-2213.0620994065043,0.99999951619340688,2,"{""alpha[1]"": 0.16843496115155307, ""ar[1]"": -1.863393680575831, ""ar[2]"": -0.9882490164866216, ""beta[1]"": 0.8315645550418538, ""ma[1]"": 1.8566125786103427, ""ma[2]"": 0.9818242369943597, ""mu"": 0.10550847296180257, ""nu"": 6.178231219069563, ""omega"": 0.015834878188425692}"
1733,0.064465418069743388,0.64877114822139081,6.1706798860478855,1.215943262694493,1.7151968899545516,-2213.8139189137073,0.99999973539684983,2,"{""alpha[1]"": 0.1686801122245198, ""ar[1]"": -1.8633654149995802, ""ar[2]"": -0.9882511334376876, ""beta[1]"": 0.83131962317233, ""ma[1]"": 1.856606228287038, ""ma[2]"": 0.9818724011465315, ""mu"": 0.10541718874897023, ""nu"": 6.1706798860478855, ""omega"": 0.015855648027427647}"
1734,0.15421967374802076,0.57143098930628022,6.1588652144614855,1.0472959654576812,1.5161966759978271,-2214.4940023592635,0.99999973227826544,2,"{""alpha[1]"": 0.1690599216965409, ""ar[1]"": -1.8634123263319893, ""ar[2]"": -0.9883719639352877, ""beta[1]"": 0.8309398105817245, ""ma[1]"": 1.8567525537182301, ""ma[2]"": 0.9821254338933261, ""mu"": 0.10576460424887535, ""nu"": 6.1588652144614855, ""omega"": 0.01589288746294563}"
1735,0.05460292871369811,0.4897956960900095,6.1458600568703243,1.0576247891627208,1.4920989637848439,-2214.9864318907621,0.99999972177680962,2,"{""alpha[1]"": 0.1699448441410041, ""ar[1]"": -1.8638987734938859, ""ar[2]"": -0.9890888763910253, ""beta[1]"": 0.8300548776358055, ""ma[1]"": 1.8576150536388565, ""ma[2]"": 0.98327885747732, ""mu"": 0.10579518328154537, ""nu"": 6.145860056870324, ""omega"": 0.01601015628014841}"
1736,0.15709819144012904,0.43053957792694347,6.1376252135338678,0.88558825497362537,1.2931469137965077,-2215.4869764603072,0.99999971133295351,2,"{""alpha[1]"": 0.17062965547379408, ""ar[1]"": -1.8638775799780514, ""ar[2]"": -0.9890895022764047, ""beta[1]"": 0.8293700558591595, ""ma[1]"": 1.8575770869290285, ""ma[2]"": 0.9832781094901758, ""mu"": 0.1057174293216023, ""nu"": 6.137625213533868, ""omega"": 0.016082983043040715}"
1737,0.062517176390279872,0.37180717976241551,6.130009072505997,0.90636240951770031,1.2852871997916482,-2215.8334818931799,0.99999970066668875,2,"{""alpha[1]"": 0.17162236610451634, ""ar[1]"": -1.8638580379206193, ""ar[2]"": -0.9890853573367829, ""beta[1]"": 0.8283773345621724, ""ma[1]"": 1.8575734316213777, ""ma[2]"": 0.9833000826172554, ""mu"": 0.10577395259076808, ""nu"": 6.130009072505997, ""omega"": 0.016190435836940503}"
1738,0.13705209057667783,0.32516451545642994,6.1232210512481533,0.76895175021337359,1.1234660659667264,-2216.140074562798,0.99999968993397148,2,"{""alpha[1]"": 0.1726861987317063, ""ar[1]"": -1.863830826957929, ""ar[2]"": -0.9890843576374041, ""beta[1]"": 0.8273134912022652, ""ma[1]"": 1.8575382071612883, ""ma[2]"": 0.9833126932560781, ""mu"": 0.10573424142324424, ""nu"": 6.123221051248153, ""omega"": 0.016297942807141294}"
1739,0.088618260595875575,0.2945535111164666,6.1185974185092009,0.77364204219481914,1.111156697703175,-2216.5080246316033,0.99999967930110667,2,"{""alpha[1]"": 0.1736992491306153, ""ar[1]"": -1.8641181596937466, ""ar[2]"": -0.9895287599613953, ""beta[1]"": 0.8263004301704914, ""ma[1]"": 1.8580541502614851, ""ma[2]"": 0.9840369678689492, ""mu"": 0.1061154314663944, ""nu"": 6.118597418509201, ""omega"": 0.01640245167190549}"
1740,0.10191708649866338,0.30394007400518408,6.1285603220749314,0.77407056817730024,1.1167028054356904,-2217.3309051742144,0.99999966951953534,2,"{""alpha[1]"": 0.17339941064557826, ""ar[1]"": -1.8641658189239458, ""ar[2]"": -0.9895385245302961, ""beta[1]"": 0.826600258873957, ""ma[1]"": 1.8580943320612007, ""ma[2]"": 0.9839941399185282, ""mu"": 0.10665285590978937, ""nu"": 6.128560322074931, ""omega"": 0.016358870060600137}"
1741,0.13668249098839014,0.33576345864861523,6.1498021090047157,0.78423680831050124,1.1438740755985788,-2218.4585552057288,0.99999966022066178,2,"{""alpha[1]"": 0.17246241138876964, ""ar[1]"": -1.8634281048613182, ""ar[2]"": -0.9884023846725732, ""beta[1]"": 0.8275372488318922, ""ma[1]"": 1.856724614236613, ""ma[2]"": 0.9821014973136141, ""mu"": 0.10587671626548768, ""nu"": 6.149802109004716, ""omega"": 0.016249029428981265}"
1742,0.062371176220181623,0.297742317034843,6.1425469190283817,0.80477203079789683,1.1435912729425297,-2218.7372346673956,0.99999964989523416,2,"{""alpha[1]"": 0.1728798762729296, ""ar[1]"": -1.8634101801639045, ""ar[2]"": -0.9883963556453961, ""beta[1]"": 0.8271197736223045, ""ma[1]"": 1.8567269397524173, ""ma[2]"": 0.9821259677367506, ""mu"": 0.10572672971857078, ""nu"": 6.142546919028382, ""omega"": 0.016257466106111264}"
1743,0.16127004495876318,0.29947807960805839,6.1543590894371736,0.70850884444324735,1.0480600056559184,-2219.4692931335067,0.99999925214779506,2,"{""alpha[1]"": 0.1726619876341375, ""ar[1]"": -1.863147905060131, ""ar[2]"": -0.9879877559914226, ""beta[1]"": 0.8273372645136575, ""ma[1]"": 1.8561728941196658, ""ma[2]"": 0.9813764262160695, ""mu"": 0.1051695801760022, ""nu"": 6.154359089437174, ""omega"": 0.016215252646261266}"
1744,0.042936967910319979,0.32551163924233467,6.1731440877847028,0.86404279824087127,1.217625812554499,-2220.5386864179827,0.99999924294784681,2,"{""alpha[1]"": 0.17230492272917056, ""ar[1]"": -1.862583010347919, ""ar[2]"": -0.9871475739258486, ""beta[1]"": 0.8276943202186763, ""ma[1]"": 1.85507468998353, ""ma[2]"": 0.9799257348822261, ""mu"": 0.10581371394135514, ""nu"": 6.173144087784703, ""omega"": 0.016185993678248068}"
1745,0.15736788432064031,0.31118835289102004,6.1771779566669132,0.72947111331318581,1.0750997253957104,-2221.1149462083567,0.99999923276742686,2,"{""alpha[1]"": 0.17240935397989024, ""ar[1]"": -1.8626134252600792, ""ar[2]"": -0.987137703276935, ""beta[1]"": 0.8275898787875366, ""ma[1]"": 1.8551755217789925, ""ma[2]"": 0.9799553987637629, ""mu"": 0.10625176344357687, ""nu"": 6.177177956666913, ""omega"": 0.016172621422415632}"
1746,0.067527204759798898,0.28252777445481853,6.1702203630971066,0.77742331115501873,1.106895378340921,-2221.439091226398,0.99999922246915895,2,"{""alpha[1]"": 0.1725789975370307, ""ar[1]"": -1.8625723011445772, ""ar[2]"": -0.9871401989879932, ""beta[1]"": 0.8274202249321283, ""ma[1]"": 1.8550962215352227, ""ma[2]"": 0.9799526063872962, ""mu"": 0.10659809193954917, ""nu"": 6.170220363097107, ""omega"": 0.016155257096614646}"
1747,0.12106281091454374,0.27518402007339404,6.1787337695841069,0.71291011565541551,1.0378980168338812,-2222.0014195158842,0.99999959136924788,2,"{""alpha[1]"": 0.17247396804839246, ""ar[1]"": -1.8623159217168648, ""ar[2]"": -0.9865815514038799, ""beta[1]"": 0.8275256233208554, ""ma[1]"": 1.8546065118627473, ""ma[2]"": 0.9790141889838253, ""mu"": 0.10709582142569021, ""nu"": 6.178733769584107, ""omega"": 0.016107676153406487}"
1748,0.096965088014719925,0.5161267572506183,6.1566102534574263,1.0449008631238146,1.4905972016908564,-2225.1994698676103,0.99999958125299981,2,"{""alpha[1]"": 0.17248508417823838, ""ar[1]"": -1.8634543791881995, ""ar[2]"": -0.988554973806025, ""beta[1]"": 0.8275144970747614, ""ma[1]"": 1.8567465019089622, ""ma[2]"": 0.9823251182773833, ""mu"": 0.1074634012614609, ""nu"": 6.156610253457426, ""omega"": 0.01641992118845643}"
1749,0.095846345269744004,0.45146443792477037,6.1446096970042481,0.97195899362027505,1.3891190361657046,-2225.7137228210413,0.99999957182932586,2,"{""alpha[1]"": 0.17188704327570647, ""ar[1]"": -1.8634671698886551, ""ar[2]"": -0.9885579711007398, ""beta[1]"": 0.8281125285536194, ""ma[1]"": 1.8567554966907696, ""ma[2]"": 0.9823132037679181, ""mu"": 0.10773497306790396, ""nu"": 6.144609697004248, ""omega"": 0.01630681347581063}"
1750,0.14200441073809683,0.401534604116906,6.1391582700139864,0.86496426118980119,1.2585168299143892,-2226.204620169558,0.99999956242561683,2,"{""alpha[1]"": 0.17141819788399176, ""ar[1]"": -1.8631882159871886, ""ar[2]"": -0.9881217509572786, ""beta[1]"": 0.828581364541625, ""ma[1]"": 1.8562237359848583, ""ma[2]"": 0.9815727642583707, ""mu"": 0.10761287790335754, ""nu"": 6.139158270013986, ""omega"": 0.016204473727708144}"
1751,0.053443478640729902,0.37836796785975335,6.144852554828911,0.92410576841672465,1.3059985237967904,-2226.8688569294309,0.99999973645867835,2,"{""alpha[1]"": 0.17116875207814902, ""ar[1]"": -1.862742491578504, ""ar[2]"": -0.9874016377182495, ""beta[1]"": 0.8288309843805294, ""ma[1]"": 1.855351925937526, ""ma[2]"": 0.9803290328401494, ""mu"": 0.10801470793575724, ""nu"": 6.144852554828911, ""omega"": 0.01614135475133044}"
1752,0.16416274375346007,0.38203225972427685,6.1500997166125595,0.81816471245002842,1.2017746118669681,-2227.7812679544477,0.99999972637055901,2,"{""alpha[1]"": 0.17153028990444186, ""ar[1]"": -1.8632624888664302, ""ar[2]"": -0.9882162131357041, ""beta[1]"": 0.8284694364661171, ""ma[1]"": 1.8563779720291878, ""ma[2]"": 0.9817449761852711, ""mu"": 0.10850004040173568, ""nu"": 6.1500997166125595, ""omega"": 0.01619509965235464}"
1753,0.062085564036166829,0.74705383949884896,6.1427700590270424,1.3114741761972399,1.8481568612760373,-2231.3526490531312,0.99999971600697402,2,"{""alpha[1]"": 0.17209619635880505, ""ar[1]"": -1.8632822978794639, ""ar[2]"": -0.9882003318579302, ""beta[1]"": 0.827903519648169, ""ma[1]"": 1.8564814781520727, ""ma[2]"": 0.9817927444725906, ""mu"": 0.10727232941533389, ""nu"": 6.142770059027042, ""omega"": 0.016515066204953237}"
1754,0.14118416767145436,0.77060194436713014,6.157194415739343,1.2540745115988665,1.7986522626620007,-2232.77590143827,0.99999970572430086,2,"{""alpha[1]"": 0.1725280212755856, ""ar[1]"": -1.86329140057926, ""ar[2]"": -0.9881939503927073, ""beta[1]"": 0.8274716844487152, ""ma[1]"": 1.85654083912566, ""ma[2]"": 0.9818227117876686, ""mu"": 0.10767073220158228, ""nu"": 6.157194415739343, ""omega"": 0.0165700992966253}"
1755,0.083552096705867163,0.65372754013758794,6.139832168755702,1.2013086452396688,1.7034442943585002,-2233.4116504621188,0.99999969628145924,2,"{""alpha[1]"": 0.17170466435137965, ""ar[1]"": -1.8632995174475258, ""ar[2]"": -0.9881955478473349, ""beta[1]"": 0.8282950319300796, ""ma[1]"": 1.8565631985846534, ""ma[2]"": 0.9818351634920066, ""mu"": 0.10771219813159423, ""nu"": 6.139832168755702, ""omega"": 0.01643425229140364}"
1756,0.11706846483124511,0.57712398179065927,6.1306085788412856,1.0900456845870332,1.5621218808499231,-2234.10926121275,0.99999968653462779,2,"{""alpha[1]"": 0.17134301406580052, ""ar[1]"": -1.8633245012532966, ""ar[2]"": -0.9881983210861172, ""beta[1]"": 0.8286566724688272, ""ma[1]"": 1.8566065157565936, ""ma[2]"": 0.9818378193106276, ""mu"": 0.10792848001393443, ""nu"": 6.130608578841286, ""omega"": 0.016366003708579272}"
1757,0.11203349220973341,0.49507004558789236,6.1157050385746139,1.005796387460383,1.4434436632856629,-2234.6021707751797,0.99999967676002888,2,"{""alpha[1]"": 0.17103292896227626, ""ar[1]"": -1.8633303066785314, ""ar[2]"": -0.9881981393865045, ""beta[1]"": 0.8289667477977526, ""ma[1]"": 1.856627710561336, ""ma[2]"": 0.9818503920892987, ""mu"": 0.10802729718085141, ""nu"": 6.115705038574614, ""omega"": 0.01629757006390309}"
1758,0.091727227117224766,0.42742562677152207,6.1026754224291446,0.94678058711553337,1.3537709528232069,-2235.0215297137192,0.99999966683400188,2,"{""alpha[1]"": 0.17093567223952472, ""ar[1]"": -1.8633327577390948, ""ar[2]"": -0.9881979271499619, ""beta[1]"": 0.8290639945944772, ""ma[1]"": 1.8566514578936812, ""ma[2]"": 0.9818712553718537, ""mu"": 0.10803428450701402, ""nu"": 6.102675422429145, ""omega"": 0.016251534411085324}"
1759,0.13737517258599941,0.39532897085839908,6.1018555758193047,0.86137033328852519,1.2528020901078607,-2235.6401343285715,0.99999965679070857,2,"{""alpha[1]"": 0.17099092611069303, ""ar[1]"": -1.8633436699742338, ""ar[2]"": -0.9882074207582014, ""beta[1]"": 0.8290087306800156, ""ma[1]"": 1.8566473831673505, ""ma[2]"": 0.9818550568310351, ""mu"": 0.10772764070770348, ""nu"": 6.101855575819305, ""omega"": 0.01623750902014986}"
1760,0.075552110090284286,0.42688344117931271,6.115547486016121,0.96244533783798714,1.3688418190404377,-2236.8664820906288,0.99999964691695298,2,"{""alpha[1]"": 0.17083261748277506, ""ar[1]"": -1.863351826493158, ""ar[2]"": -0.9882001448752821, ""beta[1]"": 0.829167029434178, ""ma[1]"": 1.856698575179416, ""ma[2]"": 0.9818934632642746, ""mu"": 0.10716970709333534, ""nu"": 6.115547486016121, ""omega"": 0.0162261712046089}"
1761,0.14747355475153023,0.50625047833913595,6.137237269961064,0.98317613397152503,1.4251300843484374,-2238.5299305173357,0.99999963689886229,2,"{""alpha[1]"": 0.17085463301082493, ""ar[1]"": -1.8633200274704529, ""ar[2]"": -0.9882185562650427, ""beta[1]"": 0.8291450038880374, ""ma[1]"": 1.8566003766866483, ""ma[2]"": 0.9818656650769145, ""mu"": 0.1066547448780179, ""nu"": 6.137237269961064, ""omega"": 0.01627341647312866}"
1762,0.0710663289524609,0.47326313291972699,6.1368939499562378,1.0221221585056455,1.4494440240367585,-2239.3085466053612,0.99999962704040135,2,"{""alpha[1]"": 0.17068770791146395, ""ar[1]"": -1.8633463648093258, ""ar[2]"": -0.988216281049225, ""beta[1]"": 0.8293119191289374, ""ma[1]"": 1.8566601402191956, ""ma[2]"": 0.9818796307229357, ""mu"": 0.10627680237200181, ""nu"": 6.136893949956238, ""omega"": 0.01622730571610536}"
1763,0.13420510303461419,0.40928820217548373,6.1223703284653599,0.88225187818205997,1.2800112449574872,-2239.7043853004247,0.99999961713082663,2,"{""alpha[1]"": 0.17058338162679065, ""ar[1]"": -1.8633561666977794, ""ar[2]"": -0.9882163227100875, ""beta[1]"": 0.829416235504036, ""ma[1]"": 1.8566808362570142, ""ma[2]"": 0.981883899182008, ""mu"": 0.10619062502859222, ""nu"": 6.12237032846536, ""omega"": 0.01619180320061654}"
1764,0.078906323695557834,0.64102469193027356,6.1348171410295125,1.1933400240996148,1.6907317258616406,-2242.4655555716499,0.99999960701166724,2,"{""alpha[1]"": 0.17070278100717726, ""ar[1]"": -1.863783206773876, ""ar[2]"": -0.9889381131894022, ""beta[1]"": 0.82929682600449, ""ma[1]"": 1.8574170490373456, ""ma[2]"": 0.983022016460812, ""mu"": 0.10715707395206121, ""nu"": 6.1348171410295125, ""omega"": 0.01633611865648589}"
1765,0.1239688762337362,0.55653711945209394,6.1220687724831482,1.0613085481466191,1.525141113340799,-2243.0758243658729,0.99999959748300449,2,"{""alpha[1]"": 0.1701861505931102, ""ar[1]"": -1.863775563373624, ""ar[2]"": -0.9889381062188383, ""beta[1]"": 0.8298134468898942, ""ma[1]"": 1.857404318174133, ""ma[2]"": 0.983027034991957, ""mu"": 0.10700307961676701, ""nu"": 6.122068772483148, ""omega"": 0.01624171206172363}"
1766,0.10205101134577432,0.51097322760957653,6.1199659977359735,1.0336445621064434,1.4781443953914515,-2243.8346796386431,0.99999973613297599,2,"{""alpha[1]"": 0.17010402462692176, ""ar[1]"": -1.86378214828975, ""ar[2]"": -0.9889637830411581, ""beta[1]"": 0.8298957115060542, ""ma[1]"": 1.8574214227234198, ""ma[2]"": 0.9830822260824748, ""mu"": 0.10728663690447017, ""nu"": 6.1199659977359735, ""omega"": 0.016213879679321266}"
1767,0.098377247046586042,0.44367666081321616,6.1082680677072982,0.95975472139576024,1.374261061598171,-2244.2962600781643,0.99999972628006384,2,"{""alpha[1]"": 0.1698649205917878, ""ar[1]"": -1.8637772937449801, ""ar[2]"": -0.9889651820014178, ""beta[1]"": 0.830134805688276, ""ma[1]"": 1.8574213650972877, ""ma[2]"": 0.9830987416984187, ""mu"": 0.10720187237303117, ""nu"": 6.108268067707298, ""omega"": 0.016145693345972188}"
1768,0.12997241059685521,0.38440582113483218,6.094199413303973,0.85479417924900147,1.2409705662531523,-2244.6526060839437,0.9999997162519495,2,"{""alpha[1]"": 0.16990844672780905, ""ar[1]"": -1.863773471417941, ""ar[2]"": -0.988966524635909, ""beta[1]"": 0.8300912695241405, ""ma[1]"": 1.8574152006768703, ""ma[2]"": 0.9831033627394623, ""mu"": 0.10719241645150847, ""nu"": 6.094199413303973, ""omega"": 0.016125410858334965}"
1769,0.076670041095956543,0.37656936178578915,6.0974454296262195,0.89804261634770599,1.2801825603494259,-2245.4499021015872,0.99999970628679513,2,"{""alpha[1]"": 0.1700086125740388, ""ar[1]"": -1.864174643736474, ""ar[2]"": -0.9895249796606181, ""beta[1]"": 0.8299910937127564, ""ma[1]"": 1.8581352328469305, ""ma[2]"": 0.9840158354339477, ""mu"": 0.10675934048883347, ""nu"": 6.0974454296262195, ""omega"": 0.01612440706157078}"
1770,0.14734706186066271,0.39658229477839801,6.1110502731032508,0.85308276586029153,1.2449031792042684,-2246.5395670967291,0.99999969637714914,2,"{""alpha[1]"": 0.16987772978429777, ""ar[1]"": -1.8641777389322178, ""ar[2]"": -0.9895380387796087, ""beta[1]"": 0.8301219665928514, ""ma[1]"": 1.8580954316673697, ""ma[2]"": 0.9839822032282534, ""mu"": 0.10623836005238381, ""nu"": 6.111050273103251, ""omega"": 0.016113947368295845}"
1771,0.058912155593772608,0.43896785213697315,6.1307355253520761,0.99385116057459166,1.4055601851260904,-2247.871150172582,0.99999798295669751,2,"{""alpha[1]"": 0.1699217671954614, ""ar[1]"": -1.863981502391602, ""ar[2]"": -0.9892728023260248, ""beta[1]"": 0.8300762157612361, ""ma[1]"": 1.857702277978404, ""ma[2]"": 0.9835100911439707, ""mu"": 0.10687082623426498, ""nu"": 6.130735525352076, ""omega"": 0.016141966455771366}"
1772,0.14366898735104972,0.62118040630818683,6.1499022802590115,1.1089362018267541,1.5980997569478101,-2250.2701447294953,0.99999797052576156,2,"{""alpha[1]"": 0.1704409615655919, ""ar[1]"": -1.8639891787414444, ""ar[2]"": -0.9892584658780361, ""beta[1]"": 0.8295570089601697, ""ma[1]"": 1.8577837564379944, ""ma[2]"": 0.9835459741595562, ""mu"": 0.10750801381649946, ""nu"": 6.1499022802590115, ""omega"": 0.016317444172739975}"
1773,0.079864491182463082,0.53183059788568732,6.1343567369518333,1.0789616990989122,1.5320267278003286,-2250.8004787641948,0.99999796357103921,2,"{""alpha[1]"": 0.16980092535897937, ""ar[1]"": -1.8639842730335037, ""ar[2]"": -0.989256886652814, ""beta[1]"": 0.8301970382120598, ""ma[1]"": 1.857785453349357, ""ma[2]"": 0.9835540158294933, ""mu"": 0.10759525568468867, ""nu"": 6.134356736951833, ""omega"": 0.016199120990267525}"
1774,0.12193886527990017,0.46506679755460789,6.1232614659060793,0.96157962504160499,1.3855531627644178,-2251.3186289748473,0.99999795496127186,2,"{""alpha[1]"": 0.16951135179929572, ""ar[1]"": -1.8639875546439506, ""ar[2]"": -0.9892567146665201, ""beta[1]"": 0.8304866031619762, ""ma[1]"": 1.8577986526568486, ""ma[2]"": 0.9835572406944282, ""mu"": 0.10779235465553098, ""nu"": 6.123261465906079, ""omega"": 0.016132314907650918}"
1775,0.10772938798073589,0.40225267563652622,6.1080093490067755,0.89979313810236738,1.2944817228204044,-2251.6976584734766,0.99999794527000874,2,"{""alpha[1]"": 0.1694457185617611, ""ar[1]"": -1.8639888053186882, ""ar[2]"": -0.989256586026857, ""beta[1]"": 0.8305522267082477, ""ma[1]"": 1.8578026771040905, ""ma[2]"": 0.9835585773666962, ""mu"": 0.10787542308684839, ""nu"": 6.1080093490067755, ""omega"": 0.016101743742909007}"
1776,0.091783340584342787,0.38205836515463687,6.1135778220000567,0.89018391866867452,1.274700361555186,-2252.3903845177556,0.99999793547890958,2,"{""alpha[1]"": 0.16940373411280693, ""ar[1]"": -1.8639867732085103, ""ar[2]"": -0.9892600282763272, ""beta[1]"": 0.8305942013661026, ""ma[1]"": 1.8577968518747245, ""ma[2]"": 0.9835478044129017, ""mu"": 0.10828487548150556, ""nu"": 6.113577822000057, ""omega"": 0.016063259587180693}"
1777,0.13808006762327502,0.34123095992566066,6.1083108306778557,0.78988358180905327,1.1533973867178384,-2252.7772063073853,0.99999743418423248,2,"{""alpha[1]"": 0.16939424807633444, ""ar[1]"": -1.8637920505450145, ""ar[2]"": -0.9889786796394635, ""beta[1]"": 0.8306031861078981, ""ma[1]"": 1.8574451096063327, ""ma[2]"": 0.9830849942885427, ""mu"": 0.10814230887960503, ""nu"": 6.108310830677856, ""omega"": 0.01601790767605155}"
1778,0.066403468445496272,0.37170721678977842,6.1231631979540566,0.9022728561685216,1.2813122121592082,-2253.9456044467074,0.99999742451685059,2,"{""alpha[1]"": 0.1693417718545718, ""ar[1]"": -1.8637854503194884, ""ar[2]"": -0.9889922578477539, ""beta[1]"": 0.8306556526622788, ""ma[1]"": 1.8573893860569166, ""ma[2]"": 0.9830508297780054, ""mu"": 0.10867245207168033, ""nu"": 6.123163197954057, ""omega"": 0.016038757329577203}"
1779,0.15460833056536163,0.32805302925216373,6.1120055896299208,0.75529782460613071,1.1116388557283674,-2254.2599923149546,0.99999741430425793,2,"{""alpha[1]"": 0.16937860005954875, ""ar[1]"": -1.8637719914326945, ""ar[2]"": -0.9889937044510962, ""beta[1]"": 0.8306188142447092, ""ma[1]"": 1.8573653990430388, ""ma[2]"": 0.9830459804502802, ""mu"": 0.10863930078485515, ""nu"": 6.112005589629921, ""omega"": 0.016007841550301147}"
1780,0.076575026013640635,0.82770153973262317,6.0619747554274381,1.3679229207452366,1.9357732979647642,-2258.7678220882804,0.99999741038650658,2,"{""alpha[1]"": 0.16838042148033774, ""ar[1]"": -1.8638245332107912, ""ar[2]"": -0.9889797867205946, ""beta[1]"": 0.8316169889061689, ""ma[1]"": 1.857491077549618, ""ma[2]"": 0.9830767552885639, ""mu"": 0.10754604916488929, ""nu"": 6.061974755427438, ""omega"": 0.016227473940353107}"
1781,0.12332165554933583,0.96348980359353353,6.0869505712434755,1.435608049705535,2.0472783326002779,-2260.7463632694298,0.99999808901745624,2,"{""alpha[1]"": 0.16951719548354732, ""ar[1]"": -1.8637552678090816, ""ar[2]"": -0.9888609601952982, ""beta[1]"": 0.8304808935339089, ""ma[1]"": 1.8573880470827842, ""ma[2]"": 0.9829037026846105, ""mu"": 0.10805458490059681, ""nu"": 6.0869505712434755, ""omega"": 0.01639913293288575}"
1782,0.096797321666532987,0.9637297810806138,6.1011419862056719,1.4625745552677687,2.0737618258737047,-2262.190608639467,0.99999807755327996,2,"{""alpha[1]"": 0.16984712150578685, ""ar[1]"": -1.8637297904180405, ""ar[2]"": -0.988858806405906, ""beta[1]"": 0.8301509560474931, ""ma[1]"": 1.8573607407601638, ""ma[2]"": 0.9829194888640334, ""mu"": 0.10838567890585055, ""nu"": 6.101141986205672, ""omega"": 0.016434990729405376}"
1783,0.11199824378671291,0.85166823675210157,6.0934400267552284,1.3537853484199471,1.9286256598329166,-2263.1187664082258,0.99999806995902363,2,"{""alpha[1]"": 0.16931720764098662, ""ar[1]"": -1.8637321291784563, ""ar[2]"": -0.9888607384764999, ""beta[1]"": 0.830680862318037, ""ma[1]"": 1.8573664905651557, ""ma[2]"": 0.9829287590692563, ""mu"": 0.10821385429951785, ""nu"": 6.0934400267552284, ""omega"": 0.01634486038945973}"
1784,0.11431345059754022,0.72876946414051424,6.0782705552444432,1.2413613659851281,1.7736322144830419,-2263.8310684916605,0.99999806228583654,2,"{""alpha[1]"": 0.16880789395149975, ""ar[1]"": -1.863740479939521, ""ar[2]"": -0.9888637264745795, ""beta[1]"": 0.8311901683343368, ""ma[1]"": 1.8573821954644059, ""ma[2]"": 0.9829382303709489, ""mu"": 0.1083011999553879, ""nu"": 6.078270555244443, ""omega"": 0.016261824585347074}"
1785,0.087888584046791784,0.70932343093748096,6.0859531743992381,1.249692899240312,1.7745534738539306,-2265.0014420960551,0.99999805189686586,2,"{""alpha[1]"": 0.16889996665285453, ""ar[1]"": -1.8637387110288535, ""ar[2]"": -0.9888742265429619, ""beta[1]"": 0.8310980852440113, ""ma[1]"": 1.8573687387133733, ""ma[2]"": 0.9829340592445251, ""mu"": 0.10863650181932649, ""nu"": 6.085953174399238, ""omega"": 0.016269858453359994}"
1786,0.13727768383840205,0.6061028556907726,6.0694923306946187,1.0989270222568763,1.5846156844966199,-2265.5923647911827,0.9999980426537628,2,"{""alpha[1]"": 0.1687354597856426, ""ar[1]"": -1.8637382083489802, ""ar[2]"": -0.9888743572240372, ""beta[1]"": 0.8312625828681202, ""ma[1]"": 1.8573719476120776, ""ma[2]"": 0.9829369349731708, ""mu"": 0.10867705115596134, ""nu"": 6.069492330694619, ""omega"": 0.016243327487848458}"
1787,0.073494904113172499,0.55257156147200015,6.0676796056213824,1.1068326385342546,1.5706320541671097,-2266.3696392729476,0.99999803288558509,2,"{""alpha[1]"": 0.16868633978528938, ""ar[1]"": -1.8637200284374191, ""ar[2]"": -0.988877414877624, ""beta[1]"": 0.8313116931002957, ""ma[1]"": 1.8573439850667537, ""ma[2]"": 0.9829381366951006, ""mu"": 0.10897312258377749, ""nu"": 6.067679605621382, ""omega"": 0.0162106288627363}"
1788,0.14487021055061416,0.47764616807493787,6.0572169617994041,0.95238988234833544,1.3838938209627119,-2266.8544055079365,0.99999802230346646,2,"{""alpha[1]"": 0.16881205555183046, ""ar[1]"": -1.863713086540896, ""ar[2]"": -0.9888785991301949, ""beta[1]"": 0.831185966751636, ""ma[1]"": 1.8573334268820185, ""ma[2]"": 0.9829391381487719, ""mu"": 0.10897858416971724, ""nu"": 6.057216961799404, ""omega"": 0.01620353821073053}"
1789,0.087154303844786618,0.80320170776614863,6.0631632170016134,1.3358238975960912,1.8951637494342657,-2270.0153081991239,0.99999834937379495,2,"{""alpha[1]"": 0.16773383350106175, ""ar[1]"": -1.8637657355681787, ""ar[2]"": -0.9888734208149634, ""beta[1]"": 0.8322645158727332, ""ma[1]"": 1.857415264553269, ""ma[2]"": 0.9829289262798726, ""mu"": 0.10814089416403876, ""nu"": 6.063163217001613, ""omega"": 0.01617223082385555}"
1790,0.11533249041574216,0.79739310452982892,6.0753091588715078,1.3026867604577144,1.859561035672566,-2271.3284395153987,0.99999841050498006,2,"{""alpha[1]"": 0.16779406284943035, ""ar[1]"": -1.8635775170384696, ""ar[2]"": -0.9885559951634446, ""beta[1]"": 0.8322043476555497, ""ma[1]"": 1.8570755210698218, ""ma[2]"": 0.9824147273339603, ""mu"": 0.10848471073864789, ""nu"": 6.075309158871508, ""omega"": 0.016171505933854233}"
1791,0.10695666017184968,0.7349768371542551,6.0752822088020935,1.2544334225776317,1.7890697971104321,-2272.3176410462811,0.99999840095820169,2,"{""alpha[1]"": 0.16767715483698253, ""ar[1]"": -1.8635658147343737, ""ar[2]"": -0.9885546138083317, ""beta[1]"": 0.8323212461212192, ""ma[1]"": 1.8570701363595936, ""ma[2]"": 0.98243015593547, ""mu"": 0.10874153031456442, ""nu"": 6.0752822088020935, ""omega"": 0.01614080723820215}"
1792,0.10539464615109984,0.6891058183077029,6.0766138633465481,1.2128477145950693,1.7304869161633558,-2273.3314907245976,0.99999839143021996,2,"{""alpha[1]"": 0.16755883685201273, ""ar[1]"": -1.8635616958502035, ""ar[2]"": -0.9885603173274099, ""beta[1]"": 0.8324395545782072, ""ma[1]"": 1.857080179817749, ""ma[2]"": 0.9824607980457684, ""mu"": 0.10845382813004426, ""nu"": 6.076613863346548, ""omega"": 0.01610712878075811}"
1793,0.12368877648395316,0.66173202946408027,6.083549870012777,1.168206804068783,1.6752329188071866,-2274.4094895209009,0.99999838123558116,2,"{""alpha[1]"": 0.16761051068481136, ""ar[1]"": -1.863565181419694, ""ar[2]"": -0.9885673470714945, ""beta[1]"": 0.8323878705507698, ""ma[1]"": 1.8570786272364588, ""ma[2]"": 0.9824564852668903, ""mu"": 0.10812377123222286, ""nu"": 6.083549870012777, ""omega"": 0.016108709950529567}"
1794,0.086371792365245059,0.56706433045061766,6.0679619008935042,1.1093381379464238,1.5791718035385247,-2274.9645423434554,0.99999961942696536,2,"{""alpha[1]"": 0.167486703965521, ""ar[1]"": -1.8635990803696414, ""ar[2]"": -0.988613736311327, ""beta[1]"": 0.8325129154614443, ""ma[1]"": 1.8571334879245671, ""ma[2]"": 0.9825256862953615, ""mu"": 0.10806462434975687, ""nu"": 6.067961900893504, ""omega"": 0.016075399126036016}"
1795,0.12094177506703474,1.14586241536009,6.0592126497018715,1.578602897590371,2.2468566077635019,-2278.9547175767871,0.99999960983721292,2,"{""alpha[1]"": 0.16701790302623376, ""ar[1]"": -1.86364301419197, ""ar[2]"": -0.9886164305693561, ""beta[1]"": 0.8329817068109792, ""ma[1]"": 1.857191515459366, ""ma[2]"": 0.9825302374957297, ""mu"": 0.10870215721467043, ""nu"": 6.0592126497018715, ""omega"": 0.016170212728668417}"
1796,0.095275199314001302,0.96985723352531839,6.0400208891062084,1.4679605238618429,2.0835250515665584,-2279.7835748710459,0.99999973496146155,2,"{""alpha[1]"": 0.1662743227859393, ""ar[1]"": -1.8636963207355635, ""ar[2]"": -0.9886789068866532, ""beta[1]"": 0.8337254121755223, ""ma[1]"": 1.8572773046666649, ""ma[2]"": 0.9826251292420412, ""mu"": 0.10869915453855915, ""nu"": 6.040020889106208, ""omega"": 0.016064624835467275}"
1797,0.12471440148150681,0.85977791777203294,6.0342534751707753,1.3470378991898215,1.926836418524887,-2280.7134664786545,0.99999972517431357,2,"{""alpha[1]"": 0.16594182474536778, ""ar[1]"": -1.863688980086053, ""ar[2]"": -0.9886806223871046, ""beta[1]"": 0.8340579004289458, ""ma[1]"": 1.8572737914023247, ""ma[2]"": 0.9826351606483583, ""mu"": 0.10854104790240035, ""nu"": 6.034253475170775, ""omega"": 0.01600288134444237}"
1798,0.094160218384707395,0.73375664944842589,6.0172274137565465,1.2651903758928058,1.801414902221131,-2281.4002399986616,0.99999971530722009,2,"{""alpha[1]"": 0.16574170338821237, ""ar[1]"": -1.8636956866581371, ""ar[2]"": -0.9886815247113898, ""beta[1]"": 0.8342580119190077, ""ma[1]"": 1.8572841841440293, ""ma[2]"": 0.9826376024425971, ""mu"": 0.10858655106598858, ""nu"": 6.0172274137565465, ""omega"": 0.015980566020911288}"
1799,0.1212954878310204,0.63630975931566025,6.0046210423240876,1.1443889615953156,1.6441552561046937,-2282.0625766079938,0.99999970531204418,2,"{""alpha[1]"": 0.16575949704035947, ""ar[1]"": -1.8640408012823482, ""ar[2]"": -0.9891945485586926, ""beta[1]"": 0.8342402082716848, ""ma[1]"": 1.857884204629101, ""ma[2]"": 0.9834474755290359, ""mu"": 0.10849300343201805, ""nu"": 6.0046210423240876, ""omega"": 0.015964896385225743}"
1800,0.099910529704758,0.55594280862654899,5.9948891795326036,1.0830118634338595,1.5504543445988417,-2282.6712521293966,0.99999969522383092,2,"{""alpha[1]"": 0.16588340466585652, ""ar[1]"": -1.8640468947520323, ""ar[2]"": -0.9891945994400136, ""beta[1]"": 0.8341162905579744, ""ma[1]"": 1.8578916145227424, ""ma[2]"": 0.9834487590293517, ""mu"": 0.10865821563219885, ""nu"": 5.994889179532604, ""omega"": 0.015964015207807318}"
1801,0.10607174724587987,0.59637887288376501,6.0101587627476949,1.1193358859468203,1.6029896719210037,-2284.0971352267679,0.9999996852872558,2,"{""alpha[1]"": 0.16579761899465392, ""ar[1]"": -1.8640215703785374, ""ar[2]"": -0.989193484884546, ""beta[1]"": 0.8342020662926019, ""ma[1]"": 1.8578655482637938, ""ma[2]"": 0.9834502357561411, ""mu"": 0.10909227097279403, ""nu"": 6.010158762747695, ""omega"": 0.015963018406618814}"
1802,0.11975380296719584,0.52083485997433654,6.0001695417077148,1.0252801305431181,1.4775637602549223,-2284.6625756253752,0.99999967522790878,2,"{""alpha[1]"": 0.16587552032437713, ""ar[1]"": -1.8640113678678372, ""ar[2]"": -0.9891921890910597, ""beta[1]"": 0.8341241549035316, ""ma[1]"": 1.8578563652919542, ""ma[2]"": 0.9834518653852249, ""mu"": 0.10901782170431305, ""nu"": 6.000169541707715, ""omega"": 0.015953233857337556}"
1803,0.099976113218650742,0.65802835950199157,6.0210226772819464,1.1873750553959255,1.6950482621251337,-2286.7392796456206,0.99999952378729318,2,"{""alpha[1]"": 0.16521165833744517, ""ar[1]"": -1.8639616828052645, ""ar[2]"": -0.989041549293192, ""beta[1]"": 0.8347878654498481, ""ma[1]"": 1.857737765496544, ""ma[2]"": 0.9832026568147317, ""mu"": 0.1083638814123705, ""nu"": 6.021022677281946, ""omega"": 0.01589079667280815}"
1804,0.11773209728050482,0.59241531443532347,6.0152021777562794,1.103668970211646,1.5855522429123514,-2287.501099234516,0.99999951380296936,2,"{""alpha[1]"": 0.16519874976734322, ""ar[1]"": -1.8639877182989557, ""ar[2]"": -0.9890418884975476, ""beta[1]"": 0.8348007640356261, ""ma[1]"": 1.8577711680073732, ""ma[2]"": 0.9832001918406099, ""mu"": 0.10858126280218618, ""nu"": 6.015202177756279, ""omega"": 0.015879358853074954}"
1805,0.092138559496126371,0.6367974510718335,6.0329861858048206,1.1744508615679612,1.6734740807722077,-2288.975193412869,0.99999950373545743,2,"{""alpha[1]"": 0.16525572093399107, ""ar[1]"": -1.8639445788864144, ""ar[2]"": -0.9890415225587793, ""beta[1]"": 0.8347437828014663, ""ma[1]"": 1.8577143420255988, ""ma[2]"": 0.9832040187369422, ""mu"": 0.10901984354518722, ""nu"": 6.032986185804821, ""omega"": 0.015887235754679856}"
1806,0.13079048357974898,0.62627468001845821,6.0386599158046259,1.125372992080218,1.6200717805412364,-2290.1083468667566,0.99999973467311665,2,"{""alpha[1]"": 0.16533171801561278, ""ar[1]"": -1.8641867296250396, ""ar[2]"": -0.9894401474312602, ""beta[1]"": 0.8346680166575039, ""ma[1]"": 1.8581523996465812, ""ma[2]"": 0.9838414291023527, ""mu"": 0.10864908623328208, ""nu"": 6.038659915804626, ""omega"": 0.015888267092209394}"
1807,0.090009900426119449,0.54633478737264785,6.0276432796567567,1.0830972154327667,1.5454804005742384,-2290.6979673650103,0.99999972470109488,2,"{""alpha[1]"": 0.16528800931691, ""ar[1]"": -1.8641918121420153, ""ar[2]"": -0.9894401603220138, ""beta[1]"": 0.8347117153841849, ""ma[1]"": 1.8581612711761575, ""ma[2]"": 0.9838421671398075, ""mu"": 0.10852302317520982, ""nu"": 6.027643279656757, ""omega"": 0.015871771017276357}"
1808,0.11631997495989377,0.63226055413154814,6.050746086740701,1.1460081661660042,1.642672543785429,-2292.4377442568311,0.99999715184584692,2,"{""alpha[1]"": 0.16508505010895536, ""ar[1]"": -1.863990663519143, ""ar[2]"": -0.9891328709424814, ""beta[1]"": 0.8349121017368916, ""ma[1]"": 1.857818383355737, ""ma[2]"": 0.9833612429024546, ""mu"": 0.10900167219453853, ""nu"": 6.050746086740701, ""omega"": 0.015840853213167666}"
1809,0.10903952867109795,0.55605362754506849,6.0402120759062994,1.0746283569239172,1.5407213555120889,-2293.0689571784014,0.99999714237768744,2,"{""alpha[1]"": 0.1650094625286087, ""ar[1]"": -1.8639846772678594, ""ar[2]"": -0.9891324055383612, ""beta[1]"": 0.8349876798490787, ""ma[1]"": 1.8578136388491493, ""ma[2]"": 0.9833608048593104, ""mu"": 0.10889065559207227, ""nu"": 6.040212075906299, ""omega"": 0.015829729414538043}"
1810,0.10471825311730443,0.49549719487297211,6.0341259928078514,1.0125604957366394,1.4527180837670897,-2293.6787876309977,0.99999713201122775,2,"{""alpha[1]"": 0.16506272801838165, ""ar[1]"": -1.8639902707939313, ""ar[2]"": -0.9891320743984885, ""beta[1]"": 0.8349344039928461, ""ma[1]"": 1.8578206746141035, ""ma[2]"": 0.9833613362564988, ""mu"": 0.10871217837929818, ""nu"": 6.0341259928078514, ""omega"": 0.015815761367204792}"
1811,0.12233439859732353,0.53274998618109715,6.0506765384465231,1.0364045281729775,1.4923140519187628,-2295.0440754780666,0.99999973450819102,2,"{""alpha[1]"": 0.1647983770045413, ""ar[1]"": -1.8637885161270975, ""ar[2]"": -0.9888862713295667, ""beta[1]"": 0.8352013575036498, ""ma[1]"": 1.857492901821258, ""ma[2]"": 0.9829817906784822, ""mu"": 0.1082041817803237, ""nu"": 6.050676538446523, ""omega"": 0.015777340251749518}"
1812,0.087842557638820012,0.49731026715077731,6.0508069499042456,1.0316938887398355,1.472174660281754,-2295.8346479168931,0.99999972446185881,2,"{""alpha[1]"": 0.16487007869111017, ""ar[1]"": -1.8637579713276893, ""ar[2]"": -0.9888863464867965, ""beta[1]"": 0.8351296457707487, ""ma[1]"": 1.8574503654000947, ""ma[2]"": 0.9829820988777324, ""mu"": 0.10850147023195858, ""nu"": 6.050806949904246, ""omega"": 0.015774639705118845}"
1813,0.12723842260624485,0.46704136140235503,6.0513992206929093,0.95770014779064772,1.3845489988102109,-2296.6080331854405,0.99999971441387669,2,"{""alpha[1]"": 0.16494155062900204, ""ar[1]"": -1.863788969497596, ""ar[2]"": -0.9888862611736422, ""beta[1]"": 0.8350581637848746, ""ma[1]"": 1.857497452527331, ""ma[2]"": 0.9829825970041047, ""mu"": 0.10883422679777509, ""nu"": 6.051399220692909, ""omega"": 0.015771053525169967}"
1814,0.087140684646605182,0.51053038887637148,6.069734120245327,1.0474238917070018,1.4931712536019057,-2298.007600894166,0.99999970442409547,2,"{""alpha[1]"": 0.1649242046533613, ""ar[1]"": -1.863740035664334, ""ar[2]"": -0.9888860431581119, ""beta[1]"": 0.8350754997707341, ""ma[1]"": 1.8574266381336564, ""ma[2]"": 0.9829877421589063, ""mu"": 0.1093183717108242, ""nu"": 6.069734120245327, ""omega"": 0.015779121109307515}"
1815,0.12608832894976163,0.45163271895310697,6.0610432929482645,0.94092078312253458,1.3604054270645007,-2298.530491564321,0.99999969447980219,2,"{""alpha[1]"": 0.1648486586411229, ""ar[1]"": -1.8637425748271084, ""ar[2]"": -0.9888867316098174, ""beta[1]"": 0.8351510358386793, ""ma[1]"": 1.8574464467123213, ""ma[2]"": 0.983002243552094, ""mu"": 0.10956286149501512, ""nu"": 6.0610432929482645, ""omega"": 0.01573913719679335}"
1816,0.10105230730208731,0.40922837647950933,6.0557162747745936,0.91456909668267783,1.3140140834332565,-2299.0793825234878,0.9999996844226271,2,"{""alpha[1]"": 0.16492601083402014, ""ar[1]"": -1.8637553856625453, ""ar[2]"": -0.9888880513028961, ""beta[1]"": 0.835073673588607, ""ma[1]"": 1.8574664364667932, ""ma[2]"": 0.9830005636587148, ""mu"": 0.10935932259639329, ""nu"": 6.055716274774594, ""omega"": 0.015729225291765358}"
1817,0.11259719490629583,0.38070866024196104,6.0572165017980417,0.86701190571380327,1.2522489182090546,-2299.6822706965459,0.99999967437192572,2,"{""alpha[1]"": 0.16499418959780043, ""ar[1]"": -1.8637452722755055, ""ar[2]"": -0.9888883789291346, ""beta[1]"": 0.8350054847741253, ""ma[1]"": 1.8574599695874614, ""ma[2]"": 0.9830153958226128, ""mu"": 0.10908576973392818, ""nu"": 6.057216501798042, ""omega"": 0.015704460610393357}"
1818,0.1146676123402679,0.34791832160633901,6.0528210124183524,0.82175784713794697,1.1901367793257012,-2300.1550500225408,0.99999966426194553,2,"{""alpha[1]"": 0.16513295746814674, ""ar[1]"": -1.8637369112367874, ""ar[2]"": -0.9888897481894855, ""beta[1]"": 0.8348667067937988, ""ma[1]"": 1.8574512801461402, ""ma[2]"": 0.9830148911112392, ""mu"": 0.10878187197159353, ""nu"": 6.052821012418352, ""omega"": 0.01569818331043163}"
1819,0.091991011363031783,0.39322010578693689,6.0689649752904042,0.90371810234156846,1.2949349330675033,-2301.5042179229858,0.99999965444780581,2,"{""alpha[1]"": 0.16490573560211624, ""ar[1]"": -1.863727392675877, ""ar[2]"": -0.9888957792997196, ""beta[1]"": 0.8350939188456896, ""ma[1]"": 1.8574162294508851, ""ma[2]"": 0.9829930603336271, ""mu"": 0.10938404205803412, ""nu"": 6.068964975290404, ""omega"": 0.015701988905853427}"
1820,0.13230012030372507,0.34575281069201241,6.0608470522918774,0.80129229783349853,1.1683309291629085,-2301.8241703002618,0.99999819228258269,2,"{""alpha[1]"": 0.1648458722895092, ""ar[1]"": -1.8635018466013575, ""ar[2]"": -0.9885805002793712, ""beta[1]"": 0.8351523199930735, ""ma[1]"": 1.8570322080314094, ""ma[2]"": 0.9824980128702278, ""mu"": 0.10931636992103158, ""nu"": 6.060847052291877, ""omega"": 0.015649707704950142}"
1821,0.086646161700608793,0.31962871985344093,6.0596143311676229,0.8109711885477745,1.1638996448092644,-2302.2808360727981,0.99999818156655318,2,"{""alpha[1]"": 0.1650087304731237, ""ar[1]"": -1.8635315927816583, ""ar[2]"": -0.9885804161089611, ""beta[1]"": 0.8349894510934295, ""ma[1]"": 1.8570775555915398, ""ma[2]"": 0.9824984911610062, ""mu"": 0.10902879595613008, ""nu"": 6.059614331167623, ""omega"": 0.01564288822679793}"
1822,0.13462692589416791,0.36865268816182251,6.0747521692071773,0.82953915938032785,1.2081955584357542,-2303.661308185453,0.99999817284314474,2,"{""alpha[1]"": 0.1647195812962747, ""ar[1]"": -1.8634635073597179, ""ar[2]"": -0.9885805542011187, ""beta[1]"": 0.83527859154687, ""ma[1]"": 1.85697523513747, ""ma[2]"": 0.9825023904066292, ""mu"": 0.10838356643240113, ""nu"": 6.074752169207177, ""omega"": 0.015648124410560023}"
1823,0.086505341885262044,0.32333926707298916,6.0640784966533481,0.81635316101530486,1.1712211448257106,-2303.9235703858058,0.999998163494074,2,"{""alpha[1]"": 0.1645739128038945, ""ar[1]"": -1.8634527844544984, ""ar[2]"": -0.9885818044198416, ""beta[1]"": 0.8354242506901796, ""ma[1]"": 1.8569705229400508, ""ma[2]"": 0.9825142717252859, ""mu"": 0.10827345095179752, ""nu"": 6.064078496653348, ""omega"": 0.01557171590515214}"
1824,0.13285130754126806,0.5667776976452783,6.0559021549863914,1.0623918754707471,1.5324756020121444,-2307.0526583053352,0.99999815452265972,2,"{""alpha[1]"": 0.164387561132767, ""ar[1]"": -1.8639968429601212, ""ar[2]"": -0.9894236535944009, ""beta[1]"": 0.8356105933898927, ""ma[1]"": 1.857918332732382, ""ma[2]"": 0.9838495397957943, ""mu"": 0.10780492744917013, ""nu"": 6.055902154986391, ""omega"": 0.015772450817692803}"
1825,0.086876173394765055,0.62711430094694331,6.0758985743703553,1.1706647887831489,1.6644950291030542,-2308.615797085437,0.99999814151520905,2,"{""alpha[1]"": 0.16505650724789325, ""ar[1]"": -1.8639766941063374, ""ar[2]"": -0.9894228672759484, ""beta[1]"": 0.8349416342673158, ""ma[1]"": 1.8578892671114007, ""ma[2]"": 0.9838599113424592, ""mu"": 0.10840133399537077, ""nu"": 6.075898574370355, ""omega"": 0.015885053344555203}"
1826,0.11861432642101244,0.53889011269111564,6.0604460722895954,1.0469133088979772,1.5051505306333217,-2309.1433033353364,0.9999981346258261,2,"{""alpha[1]"": 0.16437059298877224, ""ar[1]"": -1.8639667946087526, ""ar[2]"": -0.9894241535849568, ""beta[1]"": 0.8356275416370539, ""ma[1]"": 1.857878631233978, ""ma[2]"": 0.9838687171744407, ""mu"": 0.10831736392853378, ""nu"": 6.060446072289595, ""omega"": 0.0157631744335593}"
1827,0.11013410859807959,0.46550128154981785,6.0467347928771815,0.97295610500059748,1.3992305075574929,-2309.5926355374145,0.99999812684447587,2,"{""alpha[1]"": 0.16406152872660182, ""ar[1]"": -1.8642030079430472, ""ar[2]"": -0.9897608632389447, ""beta[1]"": 0.835936598117874, ""ma[1]"": 1.858280271735623, ""ma[2]"": 0.9843915444202304, ""mu"": 0.1082529535337841, ""nu"": 6.0467347928771815, ""omega"": 0.015692592670016454}"
1828,0.10031274692628145,0.60796686283830448,6.0649475961717014,1.1377273864471757,1.6243059846824728,-2311.7446239448873,0.99999811544515116,2,"{""alpha[1]"": 0.164367006681323, ""ar[1]"": -1.8642190066492064, ""ar[2]"": -0.9897568277335755, ""beta[1]"": 0.8356311087638282, ""ma[1]"": 1.8583137364383613, ""ma[2]"": 0.9844059114511746, ""mu"": 0.10778268983383553, ""nu"": 6.064947596171701, ""omega"": 0.015802332121470215}"
1829,0.12235499852426807,0.59421460695782946,6.0701832296411631,1.1016756671544266,1.5825559622265195,-2312.8196267116782,0.99999973439947165,2,"{""alpha[1]"": 0.16443716721351895, ""ar[1]"": -1.8642497077220563, ""ar[2]"": -0.9897865393902492, ""beta[1]"": 0.8355625671859527, ""ma[1]"": 1.8583708949339806, ""ma[2]"": 0.9844665833037759, ""mu"": 0.1081416784575549, ""nu"": 6.070183229641163, ""omega"": 0.01580429313428593}"
1830,0.093978823403166434,0.88629532996749893,6.0937808189635456,1.4013114925211518,1.9877084153195899,-2315.6479007837329,0.99999972376103607,2,"{""alpha[1]"": 0.16542409755970366, ""ar[1]"": -1.8642688084324326, ""ar[2]"": -0.9897837183458383, ""beta[1]"": 0.8345756262013324, ""ma[1]"": 1.8584086491142133, ""ma[2]"": 0.9844712185154687, ""mu"": 0.10776956223829494, ""nu"": 6.093780818963546, ""omega"": 0.016017123649356698}"
1831,0.13522748560296005,1.0588682265640228,6.1214402878394374,1.4996713710521223,2.1394836435423223,-2317.7843787328402,0.99999971307606983,2,"{""alpha[1]"": 0.16645070875746637, ""ar[1]"": -1.8642491527705853, ""ar[2]"": -0.9897859448152183, ""beta[1]"": 0.8335490043186035, ""ma[1]"": 1.8583823112942763, ""ma[2]"": 0.9844682849702796, ""mu"": 0.10753003593252143, ""nu"": 6.121440287839437, ""omega"": 0.016170228184259918}"
1832,0.078470925163676597,0.91404869960279722,6.1080008945710418,1.4402917686253478,2.0352548232040739,-2318.6554226278749,0.99999970354873302,2,"{""alpha[1]"": 0.16576347970066163, ""ar[1]"": -1.8642508446724555, ""ar[2]"": -0.9897849444437753, ""beta[1]"": 0.8342362238480714, ""ma[1]"": 1.8583902671398302, ""ma[2]"": 0.9844734391027143, ""mu"": 0.10730797140373075, ""nu"": 6.108000894571042, ""omega"": 0.016064999070634776}"
1833,0.13904960906299291,0.85245641580671938,6.1105797238616857,1.3276926112526826,1.9021655696120159,-2319.7732587567161,0.9999996936668446,2,"{""alpha[1]"": 0.16560100840558348, ""ar[1]"": -1.8642533508560466, ""ar[2]"": -0.9897891801778366, ""beta[1]"": 0.8343986852612612, ""ma[1]"": 1.8583806271967105, ""ma[2]"": 0.9844688761862721, ""mu"": 0.10700264250508035, ""nu"": 6.110579723861686, ""omega"": 0.016026295114239333}"
1834,0.081195676979098685,0.746734139122889,6.0981184148352909,1.2913929226639962,1.8294943394605507,-2320.5731877821645,0.99999968386008864,2,"{""alpha[1]"": 0.16534011449915936, ""ar[1]"": -1.864253725200271, ""ar[2]"": -0.9897890787946175, ""beta[1]"": 0.8346595693609293, ""ma[1]"": 1.8583841910474983, ""ma[2]"": 0.9844705228557178, ""mu"": 0.1067415415383115, ""nu"": 6.098118414835291, ""omega"": 0.016003168745113906}"
1835,0.12989130775618074,0.7892132807500053,6.1171397468349502,1.2814968844765648,1.8340171623204513,-2322.1116768005195,0.9999996738436896,2,"{""alpha[1]"": 0.1653616884537219, ""ar[1]"": -1.8642665018612754, ""ar[2]"": -0.9897946699657698, ""beta[1]"": 0.8346379853899677, ""ma[1]"": 1.858382772102518, ""ma[2]"": 0.984465570008491, ""mu"": 0.10644265481568567, ""nu"": 6.11713974683495, ""omega"": 0.015976358009489912}"
1836,0.08880080647916283,0.778360467985177,6.1247251254321933,1.3129669065133582,1.8614091305217642,-2323.3812050141769,0.99999729058115583,2,"{""alpha[1]"": 0.16551831185973132, ""ar[1]"": -1.864313461517865, ""ar[2]"": -0.9898448518791481, ""beta[1]"": 0.8344789787214245, ""ma[1]"": 1.8584459457379476, ""ma[2]"": 0.9845355025048518, ""mu"": 0.10676373839452996, ""nu"": 6.124725125432193, ""omega"": 0.015999200248420473}"
1837,0.10672478366949667,0.8653877027854493,6.1471249911418377,1.3716943453129589,1.9491611324804703,-2325.1520838404194,0.99999727888185019,2,"{""alpha[1]"": 0.16577783445607355, ""ar[1]"": -1.8643002914054139, ""ar[2]"": -0.9898460439752184, ""beta[1]"": 0.8342194444257767, ""ma[1]"": 1.8584409144411438, ""ma[2]"": 0.9845385965313731, ""mu"": 0.10729590729548814, ""nu"": 6.147124991141838, ""omega"": 0.01603244967418281}"
1838,0.12097240652204999,0.74187832311292179,6.1303148314690201,1.2476344749673114,1.782878726279002,-2325.8656986501946,0.9999972705886504,2,"{""alpha[1]"": 0.16551890893403615, ""ar[1]"": -1.864299308819184, ""ar[2]"": -0.9898466431296182, ""beta[1]"": 0.8344783616546142, ""ma[1]"": 1.8584401978547893, ""ma[2]"": 0.9845392023787073, ""mu"": 0.10719243784941017, ""nu"": 6.13031483146902, ""omega"": 0.016002237189167972}"
1839,0.085634737409661543,0.67634942403670084,6.1307475609902626,1.221137818808204,1.7321829535224029,-2326.7587914437154,0.99999726166148806,2,"{""alpha[1]"": 0.16535951334630095, ""ar[1]"": -1.8643014895703631, ""ar[2]"": -0.9898455590467701, ""beta[1]"": 0.8346377483151871, ""ma[1]"": 1.8584503640060626, ""ma[2]"": 0.9845497230906747, ""mu"": 0.10693071963006177, ""nu"": 6.130747560990263, ""omega"": 0.015948644695918602}"
1840,0.13103058547356361,0.70320298941659498,6.1434945424228182,1.2016172197034554,1.7222865730689325,-2328.1650903045047,0.99999563344164932,2,"{""alpha[1]"": 0.16543062912041434, ""ar[1]"": -1.8643183196647615, ""ar[2]"": -0.9898708788393058, ""beta[1]"": 0.8345650043212349, ""ma[1]"": 1.8585062200308575, ""ma[2]"": 0.9846192722093284, ""mu"": 0.10734535110414595, ""nu"": 6.143494542422818, ""omega"": 0.015960817429328346}"
1841,0.078416148418924081,0.61099122950240736,6.131156161554661,1.163618982107125,1.6493321506547769,-2328.8117347603124,0.99999851865158706,2,"{""alpha[1]"": 0.16539792629085356, ""ar[1]"": -1.8643667765067082, ""ar[2]"": -0.9899321019491863, ""beta[1]"": 0.8346005923607335, ""ma[1]"": 1.8585792520290083, ""ma[2]"": 0.9847076209632245, ""mu"": 0.10746601666070696, ""nu"": 6.131156161554661, ""omega"": 0.015944096327062583}"
1842,0.14622386123533593,0.98225431116960737,6.1463255491080107,1.4288481172928131,2.0441038035938086,-2331.9624996720609,0.99999851042460852,2,"{""alpha[1]"": 0.1649086067600453, ""ar[1]"": -1.864395220574208, ""ar[2]"": -0.9899482950053913, ""beta[1]"": 0.8350899036645633, ""ma[1]"": 1.8585669884188003, ""ma[2]"": 0.9846740267705124, ""mu"": 0.1069075014690557, ""nu"": 6.146325549108011, ""omega"": 0.015950120399231642}"
1843,0.073861451898086461,0.87227920070886067,6.1391930972281159,1.4103042593969848,1.9903577697072787,-2332.9053445727068,0.99999850168548465,2,"{""alpha[1]"": 0.16456227043766256, ""ar[1]"": -1.8643891988895698, ""ar[2]"": -0.989946018858422, ""beta[1]"": 0.8354362312478221, ""ma[1]"": 1.8585723354889487, ""ma[2]"": 0.9846828701293479, ""mu"": 0.10668164544308133, ""nu"": 6.139193097228116, ""omega"": 0.01589018426119076}"
1844,0.12671805153948279,0.86684082475295954,6.1508933688223468,1.3530024374611236,1.9308158745444635,-2334.2662601723187,0.99999849125680562,2,"{""alpha[1]"": 0.16467966425498967, ""ar[1]"": -1.8643817095884323, ""ar[2]"": -0.9899445808044557, ""beta[1]"": 0.8353188270018159, ""ma[1]"": 1.8585757925389959, ""ma[2]"": 0.9846874263330803, ""mu"": 0.10701219947450635, ""nu"": 6.150893368822347, ""omega"": 0.0158977029608418}"
1845,0.091970579437084421,0.94417705261756912,6.1695269629869474,1.4526584214426743,2.0549873271877335,-2336.0142175287538,0.99999848007824765,2,"{""alpha[1]"": 0.16500178257800793, ""ar[1]"": -1.8643849884428134, ""ar[2]"": -0.9899438229504366, ""beta[1]"": 0.8349966975002397, ""ma[1]"": 1.8585764611489677, ""ma[2]"": 0.9846925290262668, ""mu"": 0.10741797043868949, ""nu"": 6.169526962986947, ""omega"": 0.01594272441911278}"
1846,0.10550168264387905,0.95025980775279473,6.1827098146408836,1.444313745584574,2.0480794196360859,-2337.475277309255,0.99999846952868043,2,"{""alpha[1]"": 0.1651503838572721, ""ar[1]"": -1.8643743395680532, ""ar[2]"": -0.9899436960666635, ""beta[1]"": 0.8348480856714083, ""ma[1]"": 1.858572934388262, ""ma[2]"": 0.9846948225113333, ""mu"": 0.10772478851633197, ""nu"": 6.182709814640884, ""omega"": 0.015950923023331107}"
1847,0.12213116742642038,0.80917710914964514,6.1656220682451748,1.3077534858931381,1.865498399717207,-2338.21301868103,0.99999973452921376,2,"{""alpha[1]"": 0.1648613606072759, ""ar[1]"": -1.864444843446681, ""ar[2]"": -0.9900461243121076, ""beta[1]"": 0.8351383739219379, ""ma[1]"": 1.8587010597988383, ""ma[2]"": 0.9848611112602705, ""mu"": 0.10776419465034001, ""nu"": 6.165622068245175, ""omega"": 0.015908253369288083}"
1848,0.083841372749582893,0.69377188785313548,6.1507253164806581,1.2399439607416396,1.7568729993523171,-2338.8835725094514,0.99999972456874253,2,"{""alpha[1]"": 0.16479964870719063, ""ar[1]"": -1.8644482927079191, ""ar[2]"": -0.990046168044716, ""beta[1]"": 0.8352000758615519, ""ma[1]"": 1.8587067924164566, ""ma[2]"": 0.9848619473117057, ""mu"": 0.1077809805526823, ""nu"": 6.150725316480658, ""omega"": 0.01589504397495074}"
1849,0.13618753196536826,0.63498794409061976,6.1496659978418151,1.1302592852502003,1.6248369031427119,-2339.7522425600164,0.99999934900521592,2,"{""alpha[1]"": 0.1649330305427044, ""ar[1]"": -1.864458159431742, ""ar[2]"": -0.9900609578671513, ""beta[1]"": 0.8350663184625116, ""ma[1]"": 1.8587385300751125, ""ma[2]"": 0.9849019277309207, ""mu"": 0.10805706155555615, ""nu"": 6.149665997841815, ""omega"": 0.015905611102478824}"
1850,0.076878168908370237,0.54576050148167665,6.135882829978188,1.0970457583768281,1.5559612933952807,-2340.2876024304642,0.9999965449816578,2,"{""alpha[1]"": 0.1651392055712566, ""ar[1]"": -1.8644720326898279, ""ar[2]"": -0.9900880547768818, ""beta[1]"": 0.8348573394104012, ""ma[1]"": 1.858780679434287, ""ma[2]"": 0.9849615251704807, ""mu"": 0.10814767128638654, ""nu"": 6.135882829978188, ""omega"": 0.015916915709143144}"
1851,0.13906954406633545,0.47143409482611132,6.1232708576073334,0.95184114846881074,1.3787069052339171,-2340.7528850020658,0.99999860738664803,2,"{""alpha[1]"": 0.16561509370458213, ""ar[1]"": -1.8644900879251693, ""ar[2]"": -0.9901162759182461, ""beta[1]"": 0.8343835136820659, ""ma[1]"": 1.8588179858647007, ""ma[2]"": 0.9850115793126073, ""mu"": 0.10819527817290335, ""nu"": 6.123270857607333, ""omega"": 0.01596510509048628}"
1852,0.080350078227793553,0.42540639499102156,6.1205417772312671,0.9559072855577655,1.3614704962685757,-2341.3207881079488,0.9999979532435781,2,"{""alpha[1]"": 0.16605522010052556, ""ar[1]"": -1.864537224405856, ""ar[2]"": -0.9901705191472135, ""beta[1]"": 0.8339427331430526, ""ma[1]"": 1.8588799672331455, ""ma[2]"": 0.9850826366537209, ""mu"": 0.10849720705335471, ""nu"": 6.120541777231267, ""omega"": 0.01600538929168304}"
1853,0.12236533222525914,0.59371512094478507,6.1337173793797692,1.102018687308876,1.5807376268855193,-2343.673919717286,0.99999795033546535,2,"{""alpha[1]"": 0.1646244173337288, ""ar[1]"": -1.8645163792223272, ""ar[2]"": -0.9901666637493028, ""beta[1]"": 0.8353735330017366, ""ma[1]"": 1.8588793948399296, ""ma[2]"": 0.9850924299303401, ""mu"": 0.10885663090050524, ""nu"": 6.133717379379769, ""omega"": 0.015878091188789814}"
1854,0.10727743707353832,0.52953553211779636,6.1262149312621217,1.0489422185855914,1.5012632274561746,-2344.3284337570444,0.99999794034671785,2,"{""alpha[1]"": 0.16462221700077245, ""ar[1]"": -1.8645078639066346, ""ar[2]"": -0.9901658741219316, ""beta[1]"": 0.8353757233459455, ""ma[1]"": 1.85887543988795, ""ma[2]"": 0.9850944216734531, ""mu"": 0.10873546368564237, ""nu"": 6.126214931262122, ""omega"": 0.015865851424836184}"
1855,0.099722725219242303,0.45814719785612323,6.1136887983392407,0.97559103438022299,1.3966563703983659,-2344.774319740236,0.99999935474511359,2,"{""alpha[1]"": 0.16472147262223097, ""ar[1]"": -1.8644921614972705, ""ar[2]"": -0.9901570729765339, ""beta[1]"": 0.8352778821228826, ""ma[1]"": 1.858868381678791, ""ma[2]"": 0.9850959375766466, ""mu"": 0.10886379527215496, ""nu"": 6.113688798339241, ""omega"": 0.015852603271780043}"
1856,0.12717536382297398,0.39799083959360215,6.1026856934409777,0.87493620991226528,1.2676626144048648,-2345.1455896164057,0.99999837524305901,2,"{""alpha[1]"": 0.16509343702154483, ""ar[1]"": -1.864488611432821, ""ar[2]"": -0.9901623379196289, ""beta[1]"": 0.8349049382215142, ""ma[1]"": 1.858879170317479, ""ma[2]"": 0.9851186064942897, ""mu"": 0.10898881227852424, ""nu"": 6.102685693440978, ""omega"": 0.01587548590724221}"
1857,0.083547533253438833,0.34968385696140719,6.0937848935340684,0.85568710768074507,1.2240196833566002,-2345.4756052949324,0.99999904666442396,2,"{""alpha[1]"": 0.16558762175972522, ""ar[1]"": -1.8645216474424442, ""ar[2]"": -0.9902157112149171, ""beta[1]"": 0.8344114249046988, ""ma[1]"": 1.8589434166127392, ""ma[2]"": 0.9852035030667642, ""mu"": 0.10919757529350341, ""nu"": 6.093784893534068, ""omega"": 0.01591315979328108}"
1858,0.14028546430973565,0.33018010440946888,6.0962413636263797,0.77240541883814673,1.1302620444561793,-2346.0370328630156,0.99999973483345994,2,"{""alpha[1]"": 0.16585588293787779, ""ar[1]"": -1.8645557740032914, ""ar[2]"": -0.9902793193611374, ""beta[1]"": 0.8341438518955822, ""ma[1]"": 1.8589879114189678, ""ma[2]"": 0.985283884153472, ""mu"": 0.10889737023634616, ""nu"": 6.09624136362638, ""omega"": 0.01592855991016127}"
1859,0.081953318286951404,0.41751464963560703,6.1102218084148197,0.94452985397253642,1.3465791665529663,-2347.819421612634,0.99999972546941673,2,"{""alpha[1]"": 0.1648105091611887, ""ar[1]"": -1.8645709680144473, ""ar[2]"": -0.9902736917720417, ""beta[1]"": 0.8351892163082281, ""ma[1]"": 1.8590297396550772, ""ma[2]"": 0.9852938206730701, ""mu"": 0.10811602198059052, ""nu"": 6.11022180841482, ""omega"": 0.015845085686002288}"
1860,0.12722750003396568,0.4197761054083326,6.1202491097446226,0.90214621767869574,1.3050241937763372,-2348.7788592212155,0.99999973451751711,2,"{""alpha[1]"": 0.16482305942807013, ""ar[1]"": -1.8644098678616632, ""ar[2]"": -0.9900624156378653, ""beta[1]"": 0.8351766750894469, ""ma[1]"": 1.8587910658614866, ""ma[2]"": 0.9849953125419738, ""mu"": 0.10857643636692274, ""nu"": 6.1202491097446226, ""omega"": 0.015839714065246157}"
1861,0.09675526378244198,0.36676414077470576,6.1080715909635233,0.86529780300468095,1.2421723385615639,-2349.1130701597681,0.999999724481894,2,"{""alpha[1]"": 0.16487776465667425, ""ar[1]"": -1.8644095266161065, ""ar[2]"": -0.9900617742815472, ""beta[1]"": 0.8351219598252198, ""ma[1]"": 1.858794867697542, ""ma[2]"": 0.9849958180007226, ""mu"": 0.10853279727698723, ""nu"": 6.108071590963523, ""omega"": 0.01581865148152661}"
1862,0.11633799674291945,0.42690581925604398,6.1262580849913171,0.92180944585316649,1.3279384891145563,-2350.6214867764356,0.99999971462614234,2,"{""alpha[1]"": 0.164657718031061, ""ar[1]"": -1.8644274092830537, ""ar[2]"": -0.990063147740956, ""beta[1]"": 0.8353419965950813, ""ma[1]"": 1.858803800101763, ""ma[2]"": 0.9849940643066094, ""mu"": 0.10792488762479054, ""nu"": 6.126258084991317, ""omega"": 0.015826073109987092}"
1863,0.11212300265398056,0.47238507521802686,6.1440659701759213,0.98013648144006438,1.4068672880865662,-2352.0132169745566,0.99999970460841248,2,"{""alpha[1]"": 0.16468345386290176, ""ar[1]"": -1.8644033769165644, ""ar[2]"": -0.9900638711332522, ""beta[1]"": 0.8353162507455107, ""ma[1]"": 1.8587776986825335, ""ma[2]"": 0.9849932165946008, ""mu"": 0.10745448960878692, ""nu"": 6.144065970175921, ""omega"": 0.015841836548811005}"
1864,0.090439127268979735,0.51583147451840894,6.1609917794682767,1.0511542349092153,1.4965997548403149,-2353.4070210100535,0.99999969438364689,2,"{""alpha[1]"": 0.16499456456585662, ""ar[1]"": -1.8643823481035775, ""ar[2]"": -0.9900666724739404, ""beta[1]"": 0.8350051298177903, ""ma[1]"": 1.8587455384489233, ""ma[2]"": 0.9849881453261957, ""mu"": 0.1080355254787134, ""nu"": 6.160991779468277, ""omega"": 0.015905348763543402}"
1865,0.13202922299981179,0.44637860964274689,6.1475513576696077,0.92977858906245869,1.3445049114948766,-2353.8388241945459,0.9999996846679492,2,"{""alpha[1]"": 0.16461362489713624, ""ar[1]"": -1.8643792143692728, ""ar[2]"": -0.9900669789656265, ""beta[1]"": 0.8353860597708129, ""ma[1]"": 1.8587432633431766, ""ma[2]"": 0.984989071279817, ""mu"": 0.10798486275445503, ""nu"": 6.147551357669608, ""omega"": 0.015820723364126155}"
1866,0.080708779275619189,0.38858349664570235,6.1350977305394441,0.90984337040905394,1.2970970721794628,-2354.1986287311584,0.9999996747946438,2,"{""alpha[1]"": 0.16444907700628783, ""ar[1]"": -1.8643759204336163, ""ar[2]"": -0.9900667975289293, ""beta[1]"": 0.8355505977883559, ""ma[1]"": 1.8587426504175877, ""ma[2]"": 0.9849912816896395, ""mu"": 0.10793713028471157, ""nu"": 6.135097730539444, ""omega"": 0.01576119034023539}"
1867,0.12886552177933486,0.54250036398770907,6.1525855281106292,1.0417600448054967,1.4988181896627486,-2356.5097989171873,0.99999973438804901,2,"{""alpha[1]"": 0.16440249187893208, ""ar[1]"": -1.8642516263696511, ""ar[2]"": -0.9898453333269931, ""beta[1]"": 0.8355972425091169, ""ma[1]"": 1.8585326103500672, ""ma[2]"": 0.98465905530117, ""mu"": 0.10861045843321565, ""nu"": 6.152585528110629, ""omega"": 0.015855449785928444}"
1868,0.092342920657881744,0.47167044725522234,6.1396334041576344,0.99903724990012932,1.4255651873095103,-2356.9934199928603,0.99999972466076503,2,"{""alpha[1]"": 0.16398341851445833, ""ar[1]"": -1.8642575307962228, ""ar[2]"": -0.9898448405217887, ""beta[1]"": 0.8360163061463067, ""ma[1]"": 1.8585449273304064, ""ma[2]"": 0.9846597828897705, ""mu"": 0.10855627344246647, ""nu"": 6.139633404157634, ""omega"": 0.015768964461890213}"
1869,0.12054534714510068,0.4174295723808088,6.1302945900904788,0.9060608662193369,1.3075537364134768,-2357.4625270000342,0.99999971479938732,2,"{""alpha[1]"": 0.16377780101940204, ""ar[1]"": -1.8642568878521233, ""ar[2]"": -0.9898447228886855, ""beta[1]"": 0.8362219137799853, ""ma[1]"": 1.8585455670196733, ""ma[2]"": 0.984662518861558, ""mu"": 0.10841533808927217, ""nu"": 6.130294590090479, ""omega"": 0.01570913150041441}"
1870,0.10202788851487947,0.37035135004355707,6.1211764214227529,0.86485891447486685,1.2432543566892007,-2357.8601896201121,0.99999331120941803,2,"{""alpha[1]"": 0.16376396618514735, ""ar[1]"": -1.8642905673679107, ""ar[2]"": -0.9898874822578766, ""beta[1]"": 0.8362293450242707, ""ma[1]"": 1.8586045427299187, ""ma[2]"": 0.9847327363182472, ""mu"": 0.1086152745659311, ""nu"": 6.121176421422753, ""omega"": 0.015675105086664688}"
1871,0.10721978294071166,0.32823087312902138,6.1138723069433567,0.80295182374677665,1.1593468069278012,-2358.1695835562082,0.999995095213011,2,"{""alpha[1]"": 0.16381220769836974, ""ar[1]"": -1.8643329167157119, ""ar[2]"": -0.9899540454813227, ""beta[1]"": 0.8361828875146413, ""ma[1]"": 1.8586827476503804, ""ma[2]"": 0.9848394462416374, ""mu"": 0.10876880800816666, ""nu"": 6.113872306943357, ""omega"": 0.01563885699970904}"
1872,0.11387391002753144,0.3736243480701375,6.127446527505704,0.85734307158490641,1.2372547734928119,-2359.5122305121949,0.99999508670150061,2,"{""alpha[1]"": 0.16368834869982982, ""ar[1]"": -1.864367417170509, ""ar[2]"": -0.9899549722544615, ""beta[1]"": 0.8363067380016708, ""ma[1]"": 1.8587226896274336, ""ma[2]"": 0.9848387344782845, ""mu"": 0.10933296002066188, ""nu"": 6.127446527505704, ""omega"": 0.01566088884384059}"
1873,0.098244869334816576,0.32903846984335444,6.1162980309165693,0.81307025806481414,1.1698480057897898,-2359.7991120170554,0.99999843688944301,2,"{""alpha[1]"": 0.16365118587105548, ""ar[1]"": -1.8643912246511833, ""ar[2]"": -0.9899938028491286, ""beta[1]"": 0.8363472510183876, ""ma[1]"": 1.8587727021584102, ""ma[2]"": 0.9849066494031555, ""mu"": 0.10952546668829369, ""nu"": 6.116298030916569, ""omega"": 0.015608465214466192}"
1874,0.1259655605974398,0.2906156708446313,6.1073012970789886,0.73040432652873966,1.0658980054205469,-2360.0081573846774,0.99999831058936894,2,"{""alpha[1]"": 0.16380999432339652, ""ar[1]"": -1.8644328947591824, ""ar[2]"": -0.9900480452750712, ""beta[1]"": 0.8361883162659725, ""ma[1]"": 1.8588400289657123, ""ma[2]"": 0.9849877508199321, ""mu"": 0.10962161658248464, ""nu"": 6.107301297078989, ""omega"": 0.015578630323594524}"
1875,0.087151140176332742,0.33217339583519745,6.1215050902019152,0.82854770328931926,1.1869016837195077,-2361.284315281378,0.99999830135840218,2,"{""alpha[1]"": 0.16362511389942558, ""ar[1]"": -1.8643946387756496, ""ar[2]"": -0.9900492448262221, ""beta[1]"": 0.8363731874589766, ""ma[1]"": 1.8587852150002022, ""ma[2]"": 0.9849881237005736, ""mu"": 0.11013354877302031, ""nu"": 6.121505090201915, ""omega"": 0.01560232337314682}"
1876,0.13277305786522253,0.29755182919827361,6.1127455302748475,0.73380852432767507,1.0731637390925526,-2361.5658787739408,0.99999973416487731,2,"{""alpha[1]"": 0.1636702738926077, ""ar[1]"": -1.864512490843623, ""ar[2]"": -0.9901994121219438, ""beta[1]"": 0.8363294602722696, ""ma[1]"": 1.8589803874453843, ""ma[2]"": 0.9852153253519947, ""mu"": 0.11043512235144717, ""nu"": 6.1127455302748475, ""omega"": 0.0155654595391499}"
1877,0.092727640412036405,0.2911480091966494,6.1167634296556086,0.76451623492208076,1.1001134892013908,-2362.1669592330868,0.9999997241809615,2,"{""alpha[1]"": 0.16364468728212034, ""ar[1]"": -1.8645164903699372, ""ar[2]"": -0.9901958048127468, ""beta[1]"": 0.8363550368988412, ""ma[1]"": 1.8589993440991157, ""ma[2]"": 0.9852194434940054, ""mu"": 0.11001661644099327, ""nu"": 6.116763429655609, ""omega"": 0.015541115830337656}"
1878,0.12329010343291391,0.26721707999900562,6.1117092002348947,0.6979218362336127,1.0195352562955544,-2362.4608453217779,0.99999971411237853,2,"{""alpha[1]"": 0.16374621508082712, ""ar[1]"": -1.8645122555261235, ""ar[2]"": -0.9901957364665138, ""beta[1]"": 0.8362534990315514, ""ma[1]"": 1.8589903187686583, ""ma[2]"": 0.985220100637502, ""mu"": 0.10982340367318062, ""nu"": 6.111709200234895, ""omega"": 0.015515285949500858}"
1879,0.10508102072374692,0.27178279032760744,6.1210721069366096,0.72320273267277335,1.0473577904201434,-2363.1588710013625,0.99999621033496333,2,"{""alpha[1]"": 0.1636059625071103, ""ar[1]"": -1.8644099970593198, ""ar[2]"": -0.990074144975648, ""beta[1]"": 0.8363902478278531, ""ma[1]"": 1.8588393986532517, ""ma[2]"": 0.9850424051148206, ""mu"": 0.10925492390159197, ""nu"": 6.12107210693661, ""omega"": 0.01548450842722813}"
1880,0.10486380950509813,0.25529930612448271,6.1218435102239788,0.69791644549407927,1.0120723569117154,-2363.5097028055106,0.99999619998760703,2,"{""alpha[1]"": 0.1636448450654128, ""ar[1]"": -1.8643927715747597, ""ar[2]"": -0.9900724717706796, ""beta[1]"": 0.8363513549221943, ""ma[1]"": 1.858823323859502, ""ma[2]"": 0.985042432621055, ""mu"": 0.10959686018483114, ""nu"": 6.121843510223979, ""omega"": 0.015442137291291133}"
1881,0.12091504882344214,0.22855444242812936,6.1148214672463865,0.63859403376622548,0.93597303896770312,-2363.5895516879191,0.99999503330690442,2,"{""alpha[1]"": 0.16362610097615118, ""ar[1]"": -1.8642277636356055, ""ar[2]"": -0.9898591225657445, ""beta[1]"": 0.8363689323307533, ""ma[1]"": 1.8585773018750418, ""ma[2]"": 0.9847433082595712, ""mu"": 0.10961883326339841, ""nu"": 6.1148214672463865, ""omega"": 0.015366658205668769}"
1882,0.093075497280938058,0.2061023597393658,6.1101607184093467,0.628126900972658,0.91060621370081263,-2363.6173947108905,0.99999502116720018,2,"{""alpha[1]"": 0.1638036716620722, ""ar[1]"": -1.8642271805122308, ""ar[2]"": -0.9898628650207684, ""beta[1]"": 0.836191349505128, ""ma[1]"": 1.8585673747290632, ""ma[2]"": 0.9847376844355584, ""mu"": 0.10973197955783952, ""nu"": 6.110160718409347, ""omega"": 0.015296177229854564}"
1883,0.13168088699918656,0.22658758752437799,6.1201539672555256,0.62459772733116081,0.92059340466705541,-2364.4633754208444,0.99999501259329715,2,"{""alpha[1]"": 0.16369017532929644, ""ar[1]"": -1.8641914614221875, ""ar[2]"": -0.9898719277379348, ""beta[1]"": 0.8363048372640007, ""ma[1]"": 1.858506224525756, ""ma[2]"": 0.9847393828412457, ""mu"": 0.10901685410350787, ""nu"": 6.120153967255526, ""omega"": 0.015328624028421774}"
1884,0.085611330487553983,0.20514045300607484,6.1152427446858981,0.6339466933272111,0.91567430404800698,-2364.502947948547,0.99999500339621283,2,"{""alpha[1]"": 0.16362744396640477, ""ar[1]"": -1.864175119937039, ""ar[2]"": -0.98987309483901, ""beta[1]"": 0.836367559429808, ""ma[1]"": 1.8584902307599138, ""ma[2]"": 0.9847481342437262, ""mu"": 0.10908146934709986, ""nu"": 6.115242744685898, ""omega"": 0.015224663194472904}"
1885,0.12704950169732632,0.24375531445601928,6.1255899642977916,0.65740336077906847,0.96430101742044116,-2365.6883171251116,0.99999684721795212,2,"{""alpha[1]"": 0.16370303041707468, ""ar[1]"": -1.8641476079768542, ""ar[2]"": -0.989774380560602, ""beta[1]"": 0.8362938168008774, ""ma[1]"": 1.8584413501478352, ""ma[2]"": 0.9845970548945644, ""mu"": 0.10990234272379741, ""nu"": 6.125589964297792, ""omega"": 0.015339267199665187}"
1886,0.096187946247031864,0.23565507933901658,6.1270227428452664,0.67513288274145822,0.97686061413028469,-2366.0874925968965,0.99999969954818879,2,"{""alpha[1]"": 0.16378691783193075, ""ar[1]"": -1.864180232649961, ""ar[2]"": -0.989847889276224, ""beta[1]"": 0.836212781716258, ""ma[1]"": 1.858526331816683, ""ma[2]"": 0.9847390422545855, ""mu"": 0.11036214006513224, ""nu"": 6.127022742845266, ""omega"": 0.015329724438987594}"
1887,0.11542366224311507,0.25003366020799961,6.1380614042726904,0.67917622619824636,0.98975429108834523,-2366.8846613995051,0.99999338092499579,2,"{""alpha[1]"": 0.16381311238327437, ""ar[1]"": -1.864058174034675, ""ar[2]"": -0.9896524009019239, ""beta[1]"": 0.8361802685417214, ""ma[1]"": 1.8582847963031424, ""ma[2]"": 0.98439827733942, ""mu"": 0.11094405866968571, ""nu"": 6.13806140427269, ""omega"": 0.015349741463021102}"
1888,0.11381155900179757,0.22378835066958497,6.1315869403496643,0.63787569070728911,0.93182281101930697,-2366.9530581733679,0.99999337701899615,2,"{""alpha[1]"": 0.16344085025174343, ""ar[1]"": -1.8640473668224469, ""ar[2]"": -0.9896500568505547, ""beta[1]"": 0.8365525267672527, ""ma[1]"": 1.8582804881191193, ""ma[2]"": 0.9844051876926722, ""mu"": 0.1110585087664905, ""nu"": 6.131586940349664, ""omega"": 0.015205293448221543}"
1889,0.10169409532232193,0.20187931439435813,6.1247038560796572,0.61219619668654746,0.89150652689820453,-2366.9669459317838,0.99999337011523348,2,"{""alpha[1]"": 0.1632533489561916, ""ar[1]"": -1.8640458287935717, ""ar[2]"": -0.9896494023122201, ""beta[1]"": 0.8367400211590419, ""ma[1]"": 1.8582828534796678, ""ma[2]"": 0.9844076632715097, ""mu"": 0.11115465054428589, ""nu"": 6.124703856079657, ""omega"": 0.015087867773212398}"
1890,0.12127665540662425,0.31423519261742128,6.1223559543380626,0.76936239303690213,1.1178871333440563,-2369.2952448051014,0.99999335598630146,2,"{""alpha[1]"": 0.1635075209337757, ""ar[1]"": -1.8641111390084792, ""ar[2]"": -0.9896520959617363, ""beta[1]"": 0.8364858350525257, ""ma[1]"": 1.8583611866139487, ""ma[2]"": 0.984408184586504, ""mu"": 0.11172163119052263, ""nu"": 6.122355954338063, ""omega"": 0.015402179862436836}"
1891,0.10318172561057681,0.43880114057462705,6.1404521882842955,0.94949370169693126,1.3608701565835108,-2371.4590219105166,0.99999332745354341,2,"{""alpha[1]"": 0.1646475767511472, ""ar[1]"": -1.8641516883993217, ""ar[2]"": -0.9896548244057455, ""beta[1]"": 0.8353457507023963, ""ma[1]"": 1.8584079093289674, ""ma[2]"": 0.9844032772560354, ""mu"": 0.11076939891578418, ""nu"": 6.1404521882842955, ""omega"": 0.015695011910571845}"
1892,0.11782720474731814,0.42772477494706712,6.14733762921355,0.92155534644199322,1.3275291402833493,-2372.3178637824349,0.99999194831942395,2,"{""alpha[1]"": 0.16461578431691917, ""ar[1]"": -1.8641192972833704, ""ar[2]"": -0.9895607225942961, ""beta[1]"": 0.8353761640025048, ""ma[1]"": 1.8583297493598954, ""ma[2]"": 0.9842445323892755, ""mu"": 0.11115108435926227, ""nu"": 6.14733762921355, ""omega"": 0.01567718327576824}"
1893,0.10236777775634653,0.37632897796790871,6.1359624347355926,0.87244926469041184,1.2535267934341536,-2372.7045229328828,0.99999727361473711,2,"{""alpha[1]"": 0.1639985492551035, ""ar[1]"": -1.8641296012497142, ""ar[2]"": -0.9895622978481924, ""beta[1]"": 0.8359987243596336, ""ma[1]"": 1.8583392914123218, ""ma[2]"": 0.984242405968038, ""mu"": 0.11131917090452113, ""nu"": 6.1359624347355926, ""omega"": 0.015549648113485406}"
1894,0.11751238215989512,0.36917219066723622,6.1421080295225332,0.84805581617121317,1.2253450179540644,-2373.4900616356531,0.99999726433374403,2,"{""alpha[1]"": 0.16395133149274937, ""ar[1]"": -1.8639153082954234, ""ar[2]"": -0.9892342247452643, ""beta[1]"": 0.8360459328409947, ""ma[1]"": 1.8579692073365452, ""ma[2]"": 0.9837325197101919, ""mu"": 0.11173816988336216, ""nu"": 6.142108029522533, ""omega"": 0.01553290285261652}"
1895,0.11521099804634316,0.70718156987912695,6.1452095022966038,1.2212264011738392,1.7433097852799233,-2377.0337528498408,0.99999422519125858,2,"{""alpha[1]"": 0.16532132322056442, ""ar[1]"": -1.863680421783128, ""ar[2]"": -0.9889706539891627, ""beta[1]"": 0.8346729019706942, ""ma[1]"": 1.8576046789611644, ""ma[2]"": 0.983342702922151, ""mu"": 0.11083073823210798, ""nu"": 6.145209502296604, ""omega"": 0.015952776930425388}"
1896,0.11136414255227001,0.73632936545483552,6.1538917822959505,1.2524657422645711,1.7849068755485205,-2378.4653484165037,0.99999973469040793,2,"{""alpha[1]"": 0.16572863226083562, ""ar[1]"": -1.8639522022080972, ""ar[2]"": -0.9893497686366557, ""beta[1]"": 0.8342711024295724, ""ma[1]"": 1.858071118975707, ""ma[2]"": 0.9839363709780263, ""mu"": 0.11050330159518432, ""nu"": 6.1538917822959505, ""omega"": 0.016006522903339777}"
1897,0.11460601108397528,0.73000462407993449,6.1645288817014032,1.2435100937789418,1.7733035170235936,-2379.7166708699078,0.99999972459189368,2,"{""alpha[1]"": 0.16588225341300838, ""ar[1]"": -1.8639142628990748, ""ar[2]"": -0.9893440953093622, ""beta[1]"": 0.8341174711788854, ""ma[1]"": 1.8580322097009234, ""ma[2]"": 0.9839442167808717, ""mu"": 0.11019034719511614, ""nu"": 6.164528881701403, ""omega"": 0.01601759920840161}"
1898,0.10016830370050123,0.76517083919222417,6.1806228183483771,1.2905152676145093,1.8323705342162,-2381.1952326701912,0.99999971427499645,2,"{""alpha[1]"": 0.16635900213701912, ""ar[1]"": -1.8638640411563314, ""ar[2]"": -0.9893380956717033, ""beta[1]"": 0.8336407121379773, ""ma[1]"": 1.8579773495033285, ""ma[2]"": 0.98395389058762, ""mu"": 0.11061896499039114, ""nu"": 6.180622818348377, ""omega"": 0.016086488373336014}"
1899,0.12201191488658186,0.66418936165286979,6.1687350155505376,1.1734949625886346,1.6787080591473045,-2381.8979454072132,0.9999997046664808,2,"{""alpha[1]"": 0.16578979296235055, ""ar[1]"": -1.8638419233132977, ""ar[2]"": -0.9893343179596582, ""beta[1]"": 0.8342099117041303, ""ma[1]"": 1.8579549622864744, ""ma[2]"": 0.9839590747472011, ""mu"": 0.11044974761612787, ""nu"": 6.168735015550538, ""omega"": 0.015987899235818965}"
1900,0.11514550056398054,1.5242952907891449,6.1497315536236759,1.8470355640209182,2.6133102327669198,-2386.4609137638945,0.99999969371507003,2,"{""alpha[1]"": 0.16712883130487943, ""ar[1]"": -1.8639249924133305, ""ar[2]"": -0.9893417399058403, ""beta[1]"": 0.8328708624101906, ""ma[1]"": 1.8580470990732543, ""ma[2]"": 0.983937967624492, ""mu"": 0.11025571843359896, ""nu"": 6.149731553623676, ""omega"": 0.01636168977785716}"
1901,0.10677891242027293,1.3511319605916119,6.1441627407308523,1.7404770724053642,2.4621694686247912,-2387.6556965619702,0.99999968410912432,2,"{""alpha[1]"": 0.1665917491880363, ""ar[1]"": -1.8639110816050712, ""ar[2]"": -0.9893395245372529, ""beta[1]"": 0.833407934921088, ""ma[1]"": 1.8580347016775813, ""ma[2]"": 0.9839432009270584, ""mu"": 0.11005237550274566, ""nu"": 6.144162740730852, ""omega"": 0.016275579306611856}"
1902,0.1090861447965541,1.3137907824028194,6.154349820805403,1.7126664820992239,2.4238571677634191,-2389.1697856288156,0.99999967402028977,2,"{""alpha[1]"": 0.16670835689347072, ""ar[1]"": -1.8638920321496537, ""ar[2]"": -0.9893381419840256, ""beta[1]"": 0.833291317126819, ""ma[1]"": 1.8580146948446612, ""ma[2]"": 0.983949593885311, ""mu"": 0.11029481791392902, ""nu"": 6.154349820805403, ""omega"": 0.016281985818124792}"
1903,0.11047828565825268,1.110490472582683,6.1358388689469754,1.5640639790275654,2.218685595103858,-2390.0700509010057,0.99999966450659306,2,"{""alpha[1]"": 0.16608699768386362, ""ar[1]"": -1.863885210511378, ""ar[2]"": -0.9893368364843421, ""beta[1]"": 0.8339126668227295, ""ma[1]"": 1.8580207612687865, ""ma[2]"": 0.9839640202471454, ""mu"": 0.1102129482777716, ""nu"": 6.135838868946975, ""omega"": 0.016193081688933724}"
1904,0.11461658753892845,1.0052106443368622,6.1329969650306397,1.4785225456164734,2.1014536446712886,-2391.1688059295047,0.99999965464468776,2,"{""alpha[1]"": 0.1659170620032836, ""ar[1]"": -1.8638846946029544, ""ar[2]"": -0.9893389777386996, ""beta[1]"": 0.8340825926414042, ""ma[1]"": 1.8580202033242963, ""ma[2]"": 0.983966586699837, ""mu"": 0.10999255531104217, ""nu"": 6.13299696503064, ""omega"": 0.01616210132474865}"
1905,0.095912930580564826,1.2340682154508005,6.1585121850580418,1.66978114042144,2.3588748177152792,-2393.493980522474,0.99999964432414545,2,"{""alpha[1]"": 0.16630195752121862, ""ar[1]"": -1.8638671559529207, ""ar[2]"": -0.9893391438775175, ""beta[1]"": 0.8336976868029268, ""ma[1]"": 1.8579908780167464, ""ma[2]"": 0.9839622878341487, ""mu"": 0.11046167018809991, ""nu"": 6.158512185058042, ""omega"": 0.01621896468499125}"
1906,0.13364191679975312,1.4263493926808326,6.1840493461867387,1.7651525961934365,2.5047982767850145,-2395.6797209222887,0.9999996338894368,2,"{""alpha[1]"": 0.16681002158275965, ""ar[1]"": -1.8638397302514162, ""ar[2]"": -0.9893368014761597, ""beta[1]"": 0.8331896123066772, ""ma[1]"": 1.8579478750161806, ""ma[2]"": 0.9839568366373017, ""mu"": 0.11015961546918743, ""nu"": 6.184049346186739, ""omega"": 0.01628079329879227}"
1907,0.10108939223209479,1.8729767970236453,6.2143498489893183,2.0754694990765348,2.9214413155462449,-2398.4551171179464,0.99999962312073576,2,"{""alpha[1]"": 0.16768881807049835, ""ar[1]"": -1.8638847246575123, ""ar[2]"": -0.9893373974246865, ""beta[1]"": 0.8323108050502374, ""ma[1]"": 1.858012756525944, ""ma[2]"": 0.9839536223779694, ""mu"": 0.10994963119914482, ""nu"": 6.214349848989318, ""omega"": 0.016400512649497885}"
1908,0.13259948901574781,3.1193252038513801,6.2394508275637639,2.6770242097669126,3.7670720513463034,-2402.2910458612905,0.99999961144191585,2,"{""alpha[1]"": 0.16956700753563908, ""ar[1]"": -1.8638228457551052, ""ar[2]"": -0.9893305308231898, ""beta[1]"": 0.8304326039062767, ""ma[1]"": 1.8579466040783834, ""ma[2]"": 0.983972511079289, ""mu"": 0.10992843192244306, ""nu"": 6.239450827563764, ""omega"": 0.01669362427913033}"
1909,0.08829742492089121,2.7081358900425547,6.2297500848511262,2.5293390525345343,3.5456123351554716,-2403.791576730142,0.99999960200333493,2,"{""alpha[1]"": 0.16895144717490496, ""ar[1]"": -1.8637989361267877, ""ar[2]"": -0.9893272070687508, ""beta[1]"": 0.83104815482843, ""ma[1]"": 1.8579273415315385, ""ma[2]"": 0.9839853346201781, ""mu"": 0.10994925100682025, ""nu"": 6.229750084851126, ""omega"": 0.016603515092079215}"
1910,0.12797000890808252,2.3617976538416072,6.2206142714938384,2.3163274962767857,3.2659308338278175,-2405.2309824138474,0.9999995924102244,2,"{""alpha[1]"": 0.16851892634346213, ""ar[1]"": -1.863777949334335, ""ar[2]"": -0.9893260449049891, ""beta[1]"": 0.8314806660667623, ""ma[1]"": 1.8579065818932117, ""ma[2]"": 0.9839962007172568, ""mu"": 0.10979922679138508, ""nu"": 6.220614271493838, ""omega"": 0.01654384690758063}"
1911,0.088615751248337649,2.7869631593053099,6.2470083016188491,2.5673186770768726,3.5971800775093135,-2407.835318708203,0.99999921895822341,2,"{""alpha[1]"": 0.1691691638141381, ""ar[1]"": -1.8638582058226043, ""ar[2]"": -0.9894708930520388, ""beta[1]"": 0.8308300551440853, ""ma[1]"": 1.8580460021882343, ""ma[2]"": 0.9842223806642777, ""mu"": 0.11016730787462577, ""nu"": 6.247008301618849, ""omega"": 0.016614869110547933}"
1912,0.11825774359453289,2.3520593330778667,6.231039765247691,2.3212604994327055,3.2682928213377065,-2409.1509964619981,0.99999920983962998,2,"{""alpha[1]"": 0.16869111084400767, ""ar[1]"": -1.8638548665462211, ""ar[2]"": -0.9894690475642408, ""beta[1]"": 0.8313080989956223, ""ma[1]"": 1.8580548491016196, ""ma[2]"": 0.9842332599720931, ""mu"": 0.11015074429138366, ""nu"": 6.231039765247691, ""omega"": 0.01655952087013382}"
1913,0.1148059776052768,1.9726139587995735,6.2136099773074234,2.1188788931323415,2.9871007320056342,-2410.3452043891339,0.99999920036458689,2,"{""alpha[1]"": 0.1684094005198669, ""ar[1]"": -1.8638457094860932, ""ar[2]"": -0.9894694534462977, ""beta[1]"": 0.83158979984472, ""ma[1]"": 1.8580509624838957, ""ma[2]"": 0.9842441358905964, ""mu"": 0.11012448419326332, ""nu"": 6.213609977307423, ""omega"": 0.016531326937439122}"
1914,0.084807694271246348,2.0509690217515617,6.2310098548106003,2.193221832693649,3.0775653938815912,-2412.3438861479121,0.99999919027858297,2,"{""alpha[1]"": 0.168455773025109, ""ar[1]"": -1.8638746211177222, ""ar[2]"": -0.9894787820272694, ""beta[1]"": 0.8315434172534739, ""ma[1]"": 1.8580647332729283, ""ma[2]"": 0.98422193934607, ""mu"": 0.11034694435286191, ""nu"": 6.2310098548106, ""omega"": 0.01652063391654387}"
1915,0.14378403125526962,1.7311156055315526,6.2154120466027907,1.9487479213323429,2.7619979480260746,-2413.4902484674258,0.99999918045048242,2,"{""alpha[1]"": 0.16836673976100192, ""ar[1]"": -1.8638710040931517, ""ar[2]"": -0.9894781859206138, ""beta[1]"": 0.8316324406894805, ""ma[1]"": 1.858060550273745, ""ma[2]"": 0.9842233691938738, ""mu"": 0.11041117326101012, ""nu"": 6.215412046602791, ""omega"": 0.016518650873245465}"
1916,0.062841387613975286,1.8706481898964844,6.2374278941292651,2.1128875629345423,2.9571266533162537,-2415.5789482646005,0.99999251468525008,2,"{""alpha[1]"": 0.1682290503920452, ""ar[1]"": -1.8637308642197126, ""ar[2]"": -0.9893084453834335, ""beta[1]"": 0.8317634642932049, ""ma[1]"": 1.8578364952003965, ""ma[2]"": 0.9839689248179625, ""mu"": 0.11062046414634163, ""nu"": 6.237427894129265, ""omega"": 0.01647464233588134}"
1917,0.15696483493862345,1.5766761070990658,6.2208932297892634,1.8401600860578267,2.6160223377923928,-2416.6691827060818,0.99999250347737612,2,"{""alpha[1]"": 0.16830108699065907, ""ar[1]"": -1.8637445117418308, ""ar[2]"": -0.9893142632984698, ""beta[1]"": 0.8316914164867171, ""ma[1]"": 1.8578339633040342, ""ma[2]"": 0.9839549024278336, ""mu"": 0.11071537369051478, ""nu"": 6.220893229789263, ""omega"": 0.016507351460221104}"
1918,0.066121018151111377,1.4346565312754445,6.2204520823312945,1.8389271207053532,2.5790421532295982,-2417.9923636708495,0.99999827563498511,2,"{""alpha[1]"": 0.16839297781779258, ""ar[1]"": -1.8636799686296208, ""ar[2]"": -0.9892531646734535, ""beta[1]"": 0.8316052978171925, ""ma[1]"": 1.8577197221496324, ""ma[2]"": 0.9838551855420378, ""mu"": 0.11090904814028678, ""nu"": 6.2204520823312945, ""omega"": 0.01651531471501461}"
1919,0.14555616867028842,1.2171377872606191,6.2072039550754186,1.6088957511726385,2.2911598554057226,-2418.9685228243957,0.99999826421507154,2,"{""alpha[1]"": 0.16874207974228442, ""ar[1]"": -1.8636638599907116, ""ar[2]"": -0.9892522050586773, ""beta[1]"": 0.8312561844727872, ""ma[1]"": 1.8576957002530659, ""ma[2]"": 0.9838563655440539, ""mu"": 0.11093272392207897, ""nu"": 6.2072039550754186, ""omega"": 0.016573641532370578}"
1920,0.090879123235420675,1.032566517117691,6.194354672694292,1.5248614557098112,2.1537731688734469,-2419.8582203667011,0.99999825182134072,2,"{""alpha[1]"": 0.1693272348421336, ""ar[1]"": -1.8636432432413619, ""ar[2]"": -0.9892497783329383, ""beta[1]"": 0.8306710169792071, ""ma[1]"": 1.8576706931265474, ""ma[2]"": 0.983861806281366, ""mu"": 0.11108050973012255, ""nu"": 6.194354672694292, ""omega"": 0.016668162268022715}"
1921,0.11874756868218816,1.0040937164224482,6.202701424685257,1.4747011845573661,2.09455826639251,-2421.2241967943678,0.99999824220617184,2,"{""alpha[1]"": 0.16923511564198054, ""ar[1]"": -1.863591387275462, ""ar[2]"": -0.9892407472033916, ""beta[1]"": 0.8307631265641913, ""ma[1]"": 1.8576261924347657, ""ma[2]"": 0.9838929422655042, ""mu"": 0.11080195555854311, ""nu"": 6.202701424685257, ""omega"": 0.016637715408001953}"
1922,0.11453598713715074,1.0006705958433244,6.2090557288011317,1.4763008324237643,2.0948556260889006,-2422.6785439238165,0.99999823206452043,2,"{""alpha[1]"": 0.16922947092823828, ""ar[1]"": -1.8638419367136916, ""ar[2]"": -0.9896151409704615, ""beta[1]"": 0.8307687611362822, ""ma[1]"": 1.858077130119029, ""ma[2]"": 0.9845011847701227, ""mu"": 0.1110882222643279, ""nu"": 6.209055728801132, ""omega"": 0.016635317770994765}"
1923,0.092956229201159063,0.8672030401449804,6.1999135025477639,1.3878511762213024,1.9640075032783328,-2423.547908718308,0.99999789407058137,2,"{""alpha[1]"": 0.16972041903763185, ""ar[1]"": -1.863875148033533, ""ar[2]"": -0.9896958491704433, ""beta[1]"": 0.8302774750329495, ""ma[1]"": 1.8581676895103594, ""ma[2]"": 0.9846601129844486, ""mu"": 0.11102745647135889, ""nu"": 6.199913502547764, ""omega"": 0.016706511642089902}"
1924,0.14342481648319994,0.73447608166784617,6.1874046682555326,1.2191782610444539,1.7498284197380523,-2424.2420411313515,0.99999788029763292,2,"{""alpha[1]"": 0.17048717200806532, ""ar[1]"": -1.863857578440217, ""ar[2]"": -0.9896928430721343, ""beta[1]"": 0.8295107082895676, ""ma[1]"": 1.858152939024349, ""ma[2]"": 0.9846711892741896, ""mu"": 0.11111954170126045, ""nu"": 6.187404668255533, ""omega"": 0.016822458638230935}"
1925,0.072777348349090776,0.71506319148099806,6.191335841761159,1.2717539204720629,1.795215530726032,-2425.4161129656945,0.99999924559869269,2,"{""alpha[1]"": 0.17047544165046466, ""ar[1]"": -1.8639314171203445, ""ar[2]"": -0.9898067965303703, ""beta[1]"": 0.829523803948228, ""ma[1]"": 1.8583310010890544, ""ma[2]"": 0.9849000201976867, ""mu"": 0.11081775091893323, ""nu"": 6.191335841761159, ""omega"": 0.016808548482734983}"
1926,0.15419653219842611,0.60806656228286304,6.1806167868863664,1.085526448979627,1.5685628045309383,-2426.0160548225304,0.99999949860841575,2,"{""alpha[1]"": 0.17131239279126104, ""ar[1]"": -1.864024808612411, ""ar[2]"": -0.989943060942474, ""beta[1]"": 0.8286871058171548, ""ma[1]"": 1.858495528768776, ""ma[2]"": 0.9851168793796312, ""mu"": 0.11080569603802667, ""nu"": 6.180616786886366, ""omega"": 0.016924059745818468}"
1927,0.063284469171783986,0.63126172076106468,6.1933881659604477,1.2000341216289117,1.6918036603146873,-2427.3370378771497,0.99999948912725301,2,"{""alpha[1]"": 0.17086752642432268, ""ar[1]"": -1.8640242918720413, ""ar[2]"": -0.9899516317072715, ""beta[1]"": 0.8291319627029303, ""ma[1]"": 1.858458009239695, ""ma[2]"": 0.9850947346723351, ""mu"": 0.11117611804411741, ""nu"": 6.193388165960448, ""omega"": 0.0168486558805587}"
1928,0.16472998955894358,1.3028438335648262,6.1814063177158181,1.6499453413910943,2.3569608259686792,-2431.4326159454058,0.99996753814749573,2,"{""alpha[1]"": 0.1680014083571461, ""ar[1]"": -1.8639466621896852, ""ar[2]"": -0.989809602575055, ""beta[1]"": 0.8319661297903497, ""ma[1]"": 1.8582440521275436, ""ma[2]"": 0.9848020809260015, ""mu"": 0.11046278828821274, ""nu"": 6.181406317715818, ""omega"": 0.01656195244548125}"
1929,0.069670341094895338,1.1232584912267303,6.1684066183693007,1.6150665513954272,2.2720848723960394,-2432.4166805618347,0.99999527940458122,2,"{""alpha[1]"": 0.1676789992264376, ""ar[1]"": -1.86385416782211, ""ar[2]"": -0.9896901734318819, ""beta[1]"": 0.8323162801781436, ""ma[1]"": 1.8580978772975252, ""ma[2]"": 0.9846270596844445, ""mu"": 0.11031906690790536, ""nu"": 6.168406618369301, ""omega"": 0.016511202376985317}"
1930,0.13605409537095159,0.96758154696440934,6.1562535776100695,1.4273780852760209,2.0376374601478426,-2433.3119646090454,0.99999751769868406,2,"{""alpha[1]"": 0.1674790332366328, ""ar[1]"": -1.8638544797318493, ""ar[2]"": -0.9896987988219459, ""beta[1]"": 0.8325184844620512, ""ma[1]"": 1.858085641740713, ""ma[2]"": 0.9846333278494855, ""mu"": 0.1101771383091688, ""nu"": 6.1562535776100695, ""omega"": 0.016472437563498005}"
1931,0.11538232864901055,1.3757220591692403,6.1822132757992172,1.7493729614964191,2.4758570593524865,-2436.2044464945034,0.99999914285343083,2,"{""alpha[1]"": 0.16740020788503662, ""ar[1]"": -1.8638193647762678, ""ar[2]"": -0.9895945607969182, ""beta[1]"": 0.8325989349683942, ""ma[1]"": 1.8580109391063158, ""ma[2]"": 0.9844410055020346, ""mu"": 0.10991754433235627, ""nu"": 6.182213275799217, ""omega"": 0.01648069385266863}"
1932,0.077633689938894357,1.3301804684484257,6.1926023718876753,1.7561994660897806,2.4700931066618845,-2437.7070844226541,0.99999779639548303,2,"{""alpha[1]"": 0.1674009801531974, ""ar[1]"": -1.8636763976094737, ""ar[2]"": -0.9893664627197699, ""beta[1]"": 0.8325968162422857, ""ma[1]"": 1.8577283543801102, ""ma[2]"": 0.9840474873827286, ""mu"": 0.11013230451728978, ""nu"": 6.192602371887675, ""omega"": 0.01646643245592663}"
1933,0.15630822092187313,1.1454844073980006,6.1802648913864759,1.5452313301921001,2.2082235607573484,-2438.6951393024137,0.99999973522982522,2,"{""alpha[1]"": 0.1671516079259481, ""ar[1]"": -1.8637447914450305, ""ar[2]"": -0.9894657327170304, ""beta[1]"": 0.8328481273038771, ""ma[1]"": 1.8578570757546888, ""ma[2]"": 0.9842130187322661, ""mu"": 0.11018494235964497, ""nu"": 6.180264891386476, ""omega"": 0.01643082711200068}"
1934,0.047876337002277891,1.0960854920114651,6.1894033759346163,1.6167317054451966,2.2648993470523457,-2440.0525591877495,0.99999553092662397,2,"{""alpha[1]"": 0.16709902861648981, ""ar[1]"": -1.8635617614466344, ""ar[2]"": -0.989199970830366, ""beta[1]"": 0.8328965023101341, ""ma[1]"": 1.857498265600909, ""ma[2]"": 0.9837558068950998, ""mu"": 0.11041333586320486, ""nu"": 6.189403375934616, ""omega"": 0.01641188932661307}"
1935,0.16994479664703022,1.0347382048719433,6.1946628203456573,1.4474992840631049,2.0770598897998815,-2441.3247367184645,0.99999939254420633,2,"{""alpha[1]"": 0.16712490271341415, ""ar[1]"": -1.8636123013333519, ""ar[2]"": -0.9892857106705136, ""beta[1]"": 0.8328744898307922, ""ma[1]"": 1.857673132934409, ""ma[2]"": 0.9839702787951496, ""mu"": 0.11063154025281662, ""nu"": 6.194662820345657, ""omega"": 0.016391700869876125}"
1936,0.054517297228084516,0.89889140637993536,6.1801910490861767,1.4527862769037294,2.0400990889169206,-2442.2067792363587,0.99999870053017537,2,"{""alpha[1]"": 0.16720014221901652, ""ar[1]"": -1.8637089672014704, ""ar[2]"": -0.9894112855553804, ""beta[1]"": 0.8327985583111588, ""ma[1]"": 1.857777659362799, ""ma[2]"": 0.984109021188303, ""mu"": 0.11080773113286879, ""nu"": 6.180191049086177, ""omega"": 0.01641820322002429}"
1937,0.1543636064173633,0.76614695879929029,6.1662989449661438,1.2369928849999976,1.7796822821181031,-2442.9251900066602,0.99999869009885067,2,"{""alpha[1]"": 0.1673392981747041, ""ar[1]"": -1.8637139385288837, ""ar[2]"": -0.9894115813533026, ""beta[1]"": 0.8326593919241465, ""ma[1]"": 1.8577862569056893, ""ma[2]"": 0.9841082727902586, ""mu"": 0.11089377763427279, ""nu"": 6.166298944966144, ""omega"": 0.016428487243200708}"
1938,0.085823876258876733,0.65556740436338612,6.1542024754875175,1.2010449523980153,1.7034288126001154,-2443.5692169457516,0.99999867856501135,2,"{""alpha[1]"": 0.1678315406167841, ""ar[1]"": -1.8637206429165198, ""ar[2]"": -0.9894125319612734, ""beta[1]"": 0.8321671379482273, ""ma[1]"": 1.8577961098544375, ""ma[2]"": 0.9841056828443806, ""mu"": 0.11091290686174769, ""nu"": 6.1542024754875175, ""omega"": 0.016503278817043998}"
1939,0.11824577247203694,0.58573162827489278,6.1494382895615383,1.0980871999705974,1.5731021967871257,-2444.3075320614189,0.9999945241191186,2,"{""alpha[1]"": 0.16823726321480562, ""ar[1]"": -1.8637888746329958, ""ar[2]"": -0.9895352880288679, ""beta[1]"": 0.831757260904313, ""ma[1]"": 1.8579269154866132, ""ma[2]"": 0.9843146149724322, ""mu"": 0.1107550529555062, ""nu"": 6.149438289561538, ""omega"": 0.016551231217720806}"
1940,0.11430293137787295,0.92694179532675969,6.1569078849094963,1.4159547483852475,2.0132360803873066,-2447.3409707848782,0.99999973501201855,2,"{""alpha[1]"": 0.16643968771645046, ""ar[1]"": -1.8637862449440632, ""ar[2]"": -0.9895956144795982, ""beta[1]"": 0.8335600472955681, ""ma[1]"": 1.8579882506278271, ""ma[2]"": 0.9844856470331682, ""mu"": 0.11113751261027181, ""nu"": 6.156907884909496, ""omega"": 0.016359698009795125}"
1941,0.090826293690951077,0.80239844612461431,6.142650973884404,1.3327019132703017,1.8889134024696053,-2448.1410194685413,0.9999968401562972,2,"{""alpha[1]"": 0.16634503250834873, ""ar[1]"": -1.8639405710553105, ""ar[2]"": -0.9898157110315992, ""beta[1]"": 0.8336518076479484, ""ma[1]"": 1.8582633654123417, ""ma[2]"": 0.9848409801342619, ""mu"": 0.1110823304523291, ""nu"": 6.142650973884404, ""omega"": 0.016344137813024972}"
1942,0.14663342642397001,0.68908907723280455,6.1291382552204707,1.1723655117358072,1.6882541000079132,-2448.8200832896409,0.99999906041751396,2,"{""alpha[1]"": 0.16644681448823698, ""ar[1]"": -1.8640208014095863, ""ar[2]"": -0.9899312667784406, ""beta[1]"": 0.833552245929277, ""ma[1]"": 1.8584151791285686, ""ma[2]"": 0.9850380497784891, ""mu"": 0.11122423870443401, ""nu"": 6.129138255220471, ""omega"": 0.016354869660079072}"
1943,0.063380070245640019,0.59351371841314859,6.1169779963873827,1.1605705330533853,1.6397198844839183,-2449.4199003196327,0.9999990454931007,2,"{""alpha[1]"": 0.1667026288652908, ""ar[1]"": -1.8640148802609913, ""ar[2]"": -0.9899319938684065, ""beta[1]"": 0.83329641662781, ""ma[1]"": 1.8584081603212708, ""ma[2]"": 0.9850426277845934, ""mu"": 0.11135915443339078, ""nu"": 6.116977996387383, ""omega"": 0.016382677685709234}"
1944,0.16670328647810673,0.52388914190187741,6.1084903668866852,0.98310998214551348,1.4335234738216998,-2450.0359022953171,0.99999903490560016,2,"{""alpha[1]"": 0.16695933652291386, ""ar[1]"": -1.864008501041214, ""ar[2]"": -0.9899335254711203, ""beta[1]"": 0.8330396983826863, ""ma[1]"": 1.8583896525310093, ""ma[2]"": 0.9850382775726656, ""mu"": 0.11125596091632538, ""nu"": 6.108490366886685, ""omega"": 0.016400712659020152}"
1945,0.055450483357009486,0.46063811329539595,6.1043919455436608,1.0226710910800965,1.44513137498127,-2450.55949907477,0.99999658629611043,2,"{""alpha[1]"": 0.16748055040003024, ""ar[1]"": -1.863910402058793, ""ar[2]"": -0.9898073675213157, ""beta[1]"": 0.8325160358960803, ""ma[1]"": 1.8581990254426652, ""ma[2]"": 0.9848231442784953, ""mu"": 0.11147828741964168, ""nu"": 6.104391945543661, ""omega"": 0.01645667533594233}"
1946,0.16082119094489564,0.40557281422935682,6.0970338631917027,0.85072689523386213,1.2473206484522479,-2451.007100850491,0.99999657156212451,2,"{""alpha[1]"": 0.16806351590450286, ""ar[1]"": -1.863896887596534, ""ar[2]"": -0.9898067604956459, ""beta[1]"": 0.8319330556576217, ""ma[1]"": 1.8581715447705776, ""ma[2]"": 0.9848253664499901, ""mu"": 0.11138345944498323, ""nu"": 6.097033863191703, ""omega"": 0.01652310029847655}"
1947,0.074464057331854794,0.36223252772854742,6.0922001969873696,0.88145762877653977,1.2563791969485414,-2451.4366496275361,0.99999825709863399,2,"{""alpha[1]"": 0.1687537016387863, ""ar[1]"": -1.8638874708103537, ""ar[2]"": -0.9898158605391869, ""beta[1]"": 0.8312445554598477, ""ma[1]"": 1.8581466135109266, ""ma[2]"": 0.9848397953711457, ""mu"": 0.11167558338026173, ""nu"": 6.09220019698737, ""omega"": 0.016597816183766864}"
1948,0.13581000150038847,0.4773050580898503,6.1059847338784605,0.96166219585290191,1.3916533764392041,-2453.4278708968232,0.99999825360569172,2,"{""alpha[1]"": 0.16718036302529243, ""ar[1]"": -1.8638744583267737, ""ar[2]"": -0.9898123964954888, ""beta[1]"": 0.8328178905803992, ""ma[1]"": 1.858118481358321, ""ma[2]"": 0.9848468562797602, ""mu"": 0.11088448626767144, ""nu"": 6.1059847338784605, ""omega"": 0.016434070269287816}"
1949,0.10699962591922918,0.41506391025947625,6.0945883264537413,0.91628796490926256,1.3175585645246444,-2453.8348536462327,0.99999824299678075,2,"{""alpha[1]"": 0.16732588934673434, ""ar[1]"": -1.8638698932807718, ""ar[2]"": -0.9898119299165471, ""beta[1]"": 0.8326723536500464, ""ma[1]"": 1.8581101645155305, ""ma[2]"": 0.9848472963889898, ""mu"": 0.11078737481148415, ""nu"": 6.094588326453741, ""omega"": 0.016426589311817612}"
1950,0.09541213025767048,0.37546060601758546,6.0899740692883801,0.87778299360867584,1.2595437188995784,-2454.3265331439725,0.99999823186068326,2,"{""alpha[1]"": 0.16759578065566566, ""ar[1]"": -1.8638393305729601, ""ar[2]"": -0.9898002864898431, ""beta[1]"": 0.8324024512050175, ""ma[1]"": 1.858094539896924, ""ma[2]"": 0.9848747722235713, ""mu"": 0.11052825387821237, ""nu"": 6.08997406928838, ""omega"": 0.016441041265687403}"
1951,0.13974300672457796,0.43980920639398263,6.1051083797847836,0.91373003748704607,1.3265095428797811,-2455.8649379409908,0.99999822375475333,2,"{""alpha[1]"": 0.16715079142460873, ""ar[1]"": -1.8638022837658823, ""ar[2]"": -0.9897805301952295, ""beta[1]"": 0.8328474323301446, ""ma[1]"": 1.858112044994825, ""ma[2]"": 0.9849290823944934, ""mu"": 0.11113787202430148, ""nu"": 6.105108379784784, ""omega"": 0.01640692420662145}"
1952,0.073984033651322001,0.56483380960743368,6.1227768578086961,1.1201049185420868,1.5873608975801079,-2457.8906687446224,0.99999821382220899,2,"{""alpha[1]"": 0.16713294581743554, ""ar[1]"": -1.8637801113969252, ""ar[2]"": -0.9897672029715483, ""beta[1]"": 0.8328652680047735, ""ma[1]"": 1.8581462618101723, ""ma[2]"": 0.9849754556294456, ""mu"": 0.1105612020948012, ""nu"": 6.122776857808696, ""omega"": 0.016472387357786927}"
1953,0.15105664922813111,0.61383822515038622,6.137974984919448,1.0939618791413646,1.580594133763475,-2459.3709558460787,0.99998998266012107,2,"{""alpha[1]"": 0.16745036606152933, ""ar[1]"": -1.8640105920182757, ""ar[2]"": -0.9900539980812855, ""beta[1]"": 0.8325396165985918, ""ma[1]"": 1.8585544334206292, ""ma[2]"": 0.9854299689369389, ""mu"": 0.11103209496482361, ""nu"": 6.137974984919448, ""omega"": 0.016527891050798348}"
1954,0.065337868288402268,0.57654005949496268,6.1378346667703543,1.141261038531254,1.6128813979756362,-2460.2789933494478,0.99999495444595299,2,"{""alpha[1]"": 0.16732374115489895, ""ar[1]"": -1.8640029430671778, ""ar[2]"": -0.990031604514194, ""beta[1]"": 0.8326712132910541, ""ma[1]"": 1.8585058012175901, ""ma[2]"": 0.9853699488888168, ""mu"": 0.11135459701244184, ""nu"": 6.137834666770354, ""omega"": 0.016500154067104884}"
1955,0.1560594460625872,0.50603499209191605,6.1299650301624062,0.97425943952197902,1.4163239255026341,-2460.8511088406995,0.99999494678331857,2,"{""alpha[1]"": 0.16713106813615727, ""ar[1]"": -1.8639939492853337, ""ar[2]"": -0.9900310971653123, ""beta[1]"": 0.8328638786471613, ""ma[1]"": 1.8584920241814977, ""ma[2]"": 0.9853715085846159, ""mu"": 0.11120539367135622, ""nu"": 6.129965030162406, ""omega"": 0.016444580158481995}"
1956,0.071984067508912064,0.47039871786802268,6.1298830846208245,1.0178073490186581,1.444024267372958,-2461.5918546541398,0.99999493699951891,2,"{""alpha[1]"": 0.16711485682969734, ""ar[1]"": -1.864000508162011, ""ar[2]"": -0.9900344038919233, ""beta[1]"": 0.8328800801698216, ""ma[1]"": 1.8584772248400827, ""ma[2]"": 0.9853626119772924, ""mu"": 0.11150804327926292, ""nu"": 6.1298830846208245, ""omega"": 0.016424283293863234}"
1957,0.13445089526660703,0.50110892336707025,6.1442680313020777,0.99052901102362467,1.4300366346651832,-2462.87347484162,0.99999492630024989,2,"{""alpha[1]"": 0.16717262508523228, ""ar[1]"": -1.8639977689338267, ""ar[2]"": -0.9900339667667959, ""beta[1]"": 0.8328223012150177, ""ma[1]"": 1.858495712357177, ""ma[2]"": 0.9853642393222444, ""mu"": 0.11192263006733354, ""nu"": 6.144268031302078, ""omega"": 0.016438273324354023}"
1958,0.11000846043003132,0.57284970706047977,6.163864108001297,1.0930627330871499,1.5623970520688715,-2464.4906923312897,0.99999491496834658,2,"{""alpha[1]"": 0.16728427032731907, ""ar[1]"": -1.86400413512386, ""ar[2]"": -0.9900400589380851, ""beta[1]"": 0.8327106446410275, ""ma[1]"": 1.8585055089315836, ""ma[2]"": 0.9853525774512213, ""mu"": 0.11134472000016002, ""nu"": 6.163864108001297, ""omega"": 0.016476227217148993}"
1959,0.094460984232565381,0.51088681394825763,6.1576304264639266,1.0416063663259925,1.4850058918786944,-2465.129849649119,0.99999490769544064,2,"{""alpha[1]"": 0.16706062854868203, ""ar[1]"": -1.8640068011345847, ""ar[2]"": -0.9900434689394151, ""beta[1]"": 0.8329342791467585, ""ma[1]"": 1.8585053228761812, ""ma[2]"": 0.9853460810342748, ""mu"": 0.11154301379581937, ""nu"": 6.1576304264639266, ""omega"": 0.016418746818759874}"
1960,0.14351729346595593,0.44310050720323368,6.1439681259266257,0.91434320562676974,1.3276378073884252,-2465.5691643296659,0.99999489847143419,2,"{""alpha[1]"": 0.16699702765686894, ""ar[1]"": -1.8640059636342527, ""ar[2]"": -0.9900441792267983, ""beta[1]"": 0.8329978708145652, ""ma[1]"": 1.8585046714544933, ""ma[2]"": 0.9853448837400737, ""mu"": 0.11151568258604991, ""nu"": 6.143968125926626, ""omega"": 0.016393598119817304}"
1961,0.067959981482616005,0.39492615779798562,6.1388941739469391,0.93068509688904077,1.3209922417177882,-2466.0357355457199,0.99999488894657096,2,"{""alpha[1]"": 0.16696460659106227, ""ar[1]"": -1.8640139651964667, ""ar[2]"": -0.9900513507133154, ""beta[1]"": 0.8330302823555087, ""ma[1]"": 1.8584943723878737, ""ma[2]"": 0.9853297676817504, ""mu"": 0.11172927302395405, ""nu"": 6.138894173946939, ""omega"": 0.016348216283839055}"
1962,0.16161964329750728,0.35406590018693529,6.1330025064274754,0.78389278911058913,1.1535961268901322,-2466.4490664349428,0.99999487720528935,2,"{""alpha[1]"": 0.1671060248197649, ""ar[1]"": -1.864022387890057, ""ar[2]"": -0.9900588442092039, ""beta[1]"": 0.8328888523855245, ""ma[1]"": 1.8584783380044034, ""ma[2]"": 0.9853116698544914, ""mu"": 0.11156334676149797, ""nu"": 6.133002506427475, ""omega"": 0.01633846049175567}"
1963,0.064061250707295403,0.31855099061867886,6.1274706027709387,0.83272362919074638,1.1835190364111017,-2466.8023099306174,0.99999565136005364,2,"{""alpha[1]"": 0.16731834033716098, ""ar[1]"": -1.8640392699453043, ""ar[2]"": -0.9900845461010744, ""beta[1]"": 0.8326773110228927, ""ma[1]"": 1.8585349859413385, ""ma[2]"": 0.9853729066274071, ""mu"": 0.11137463442491456, ""nu"": 6.127470602770939, ""omega"": 0.016327872326715936}"
1964,0.15653583617065747,0.44160519355128136,6.1408643617821728,0.89950242405645708,1.3121803820192985,-2468.9357184721994,0.99999565012887337,2,"{""alpha[1]"": 0.16647722512747146, ""ar[1]"": -1.864055228310199, ""ar[2]"": -0.9900960879524207, ""beta[1]"": 0.8335184250014019, ""ma[1]"": 1.8584863705258194, ""ma[2]"": 0.9853402639215344, ""mu"": 0.11070094924488734, ""nu"": 6.140864361782173, ""omega"": 0.01631449121895665}"
1965,0.076869009686046486,0.38476402581682795,6.1285214047346743,0.90873179058428033,1.2942390382038711,-2469.2960462466508,0.99998764130907536,2,"{""alpha[1]"": 0.16628133666119746, ""ar[1]"": -1.8639975300603047, ""ar[2]"": -0.9900237026679242, ""beta[1]"": 0.8337063046478779, ""ma[1]"": 1.8583753556341704, ""ma[2]"": 0.9852196476891733, ""mu"": 0.11068141754444165, ""nu"": 6.128521404734674, ""omega"": 0.016255810796423454}"
1966,0.12843874489714791,0.33878428161946028,6.1206596874080343,0.79631865332027907,1.1582405829533222,-2469.6078321683876,0.9999967377174187,2,"{""alpha[1]"": 0.16626226378721234, ""ar[1]"": -1.863926948840679, ""ar[2]"": -0.9899418233312917, ""beta[1]"": 0.8337344739302064, ""ma[1]"": 1.858266106111119, ""ma[2]"": 0.9851096962263676, ""mu"": 0.11046487480627593, ""nu"": 6.120659687408034, ""omega"": 0.01620898821109393}"
1967,0.1101246904138429,0.30379634772572545,6.113516627310446,0.76551034664464146,1.1083910433014168,-2469.9102973734825,0.99999672662911843,2,"{""alpha[1]"": 0.16640084874169778, ""ar[1]"": -1.8639260723155768, ""ar[2]"": -0.9899413896966309, ""beta[1]"": 0.8335958778874206, ""ma[1]"": 1.8582572189722342, ""ma[2]"": 0.9851111546167254, ""mu"": 0.11063130752304443, ""nu"": 6.113516627310446, ""omega"": 0.01619105148458098}"
1968,0.092469753448186642,0.26939301641101487,6.1054389241923612,0.73202146657825307,1.0550715937041544,-2470.08319969896,0.99999798863919365,2,"{""alpha[1]"": 0.1666065787426782, ""ar[1]"": -1.8639691244381642, ""ar[2]"": -0.9900003723050925, ""beta[1]"": 0.8333914098965154, ""ma[1]"": 1.8583258999034253, ""ma[2]"": 0.9851966699795621, ""mu"": 0.11064279028474792, ""nu"": 6.105438924192361, ""omega"": 0.016156641630890044}"
1969,0.14715458096835154,0.26634012499218307,6.1123231891123702,0.67271430818730016,0.99378692452277606,-2470.6564064504119,0.9999892703617379,2,"{""alpha[1]"": 0.16664123165053552, ""ar[1]"": -1.863929674313773, ""ar[2]"": -0.9899270036879216, ""beta[1]"": 0.8333480387112023, ""ma[1]"": 1.8581879508551382, ""ma[2]"": 0.9850075069031394, ""mu"": 0.11017119072268304, ""nu"": 6.11232318911237, ""omega"": 0.016145872592567723}"
1970,0.074415353022733832,0.97543534805981602,5.9887590625246672,1.4923675691316731,2.1117936094172491,-2476.4888475608741,0.9999980733985725,2,"{""alpha[1]"": 0.1652378604628843, ""ar[1]"": -1.863955913538241, ""ar[2]"": -0.989993187030267, ""beta[1]"": 0.8347602129356881, ""ma[1]"": 1.8583900458711722, ""ma[2]"": 0.9852626095369718, ""mu"": 0.11003807863134489, ""nu"": 5.988759062524667, ""omega"": 0.0165268072127442}"
1971,0.14899382662964378,0.84846007383995992,5.9742800284508633,1.3120060756811238,1.8902692792096447,-2477.3396545000801,0.99999755362948328,2,"{""alpha[1]"": 0.16443147894547638, ""ar[1]"": -1.8640405777059008, ""ar[2]"": -0.9900878255825443, ""beta[1]"": 0.8355660746840069, ""ma[1]"": 1.8585225600204232, ""ma[2]"": 0.9854007185790915, ""mu"": 0.11007552834511808, ""nu"": 5.974280028450863, ""omega"": 0.016386098673761482}"
1972,0.073005261036469038,0.74616669280292547,5.9688440475483366,1.2970057386470961,1.8394883508655686,-2478.1483793473362,0.99999880306883626,2,"{""alpha[1]"": 0.16398509139276343, ""ar[1]"": -1.8640491102345147, ""ar[2]"": -0.9901116102083657, ""beta[1]"": 0.8360137116760729, ""ma[1]"": 1.858574312215513, ""ma[2]"": 0.9854683116952806, ""mu"": 0.1098244761809352, ""nu"": 5.968844047548337, ""omega"": 0.016319473999486335}"
1973,0.13592691024007797,0.85318600054483817,5.9883319558256574,1.3293821608698071,1.908710036259555,-2480.0176569094538,0.99999879123130253,2,"{""alpha[1]"": 0.16461243506948206, ""ar[1]"": -1.8640434715283838, ""ar[2]"": -0.9901089889286986, ""beta[1]"": 0.8353863561618204, ""ma[1]"": 1.8585842735919722, ""ma[2]"": 0.9854734552655161, ""mu"": 0.11033882621266868, ""nu"": 5.988331955825657, ""omega"": 0.0164225647562094}"
1974,0.081211080835023708,1.6510167341073037,5.9939728816463944,1.9572959534922183,2.7628882547851537,-2484.0608857506359,0.99999877581951213,2,"{""alpha[1]"": 0.16645688002740794, ""ar[1]"": -1.8640526735895309, ""ar[2]"": -0.9901151006110511, ""beta[1]"": 0.8335418957921042, ""ma[1]"": 1.8585653009104628, ""ma[2]"": 0.9854620610663462, ""mu"": 0.1108639760777843, ""nu"": 5.993972881646394, ""omega"": 0.016802653927752376}"
1975,0.12601474845107763,1.4704065296671827,5.9889987663286384,1.7976506521412741,2.5581555128559996,-2485.3138784875005,0.99999685438688912,2,"{""alpha[1]"": 0.16597230558303377, ""ar[1]"": -1.8640684480894514, ""ar[2]"": -0.9901402567585533, ""beta[1]"": 0.8340245488038553, ""ma[1]"": 1.858597693294771, ""ma[2]"": 0.9855022080322127, ""mu"": 0.11101283107220923, ""nu"": 5.988998766328638, ""omega"": 0.016726197792515832}"
1976,0.10756889211912912,1.2572000533384975,5.9745567256119241,1.6708666046965115,2.3747553331174558,-2486.319057929612,0.99999589572432568,2,"{""alpha[1]"": 0.16538856125078058, ""ar[1]"": -1.8641085169391225, ""ar[2]"": -0.9901823868657486, ""beta[1]"": 0.8346073344735451, ""ma[1]"": 1.8586584149737728, ""ma[2]"": 0.98556284866539, ""mu"": 0.11112455791152881, ""nu"": 5.974556725611924, ""omega"": 0.016642828412354458}"
1977,0.10157968484890306,1.0654831006708625,5.9595562314391817,1.5353527426180626,2.18400483775932,-2487.1898413443896,0.99999875344866218,2,"{""alpha[1]"": 0.16494355727421084, ""ar[1]"": -1.8641364389977932, ""ar[2]"": -0.990215860676944, ""beta[1]"": 0.8350551961744513, ""ma[1]"": 1.85870545106489, ""ma[2]"": 0.9856150428723206, ""mu"": 0.11117386355843706, ""nu"": 5.959556231439182, ""omega"": 0.01657905934866363}"
1978,0.13480066105371136,0.93441028565670869,5.9491576194821141,1.39794992733471,2.0058207575696096,-2488.1150572093184,0.99999874391187604,2,"{""alpha[1]"": 0.16479027506684196, ""ar[1]"": -1.8641336265599928, ""ar[2]"": -0.9902164199343633, ""beta[1]"": 0.8352084688450341, ""ma[1]"": 1.8587021713022895, ""ma[2]"": 0.9856144427206387, ""mu"": 0.1110771440853711, ""nu"": 5.949157619482114, ""omega"": 0.016561650135124572}"
1979,0.078762523955601682,0.79823867322396425,5.9360980920914841,1.3376827564519975,1.9000137578281979,-2488.84379090425,0.99999873414583051,2,"{""alpha[1]"": 0.1647140692399778, ""ar[1]"": -1.8641354207609182, ""ar[2]"": -0.9902164532849113, ""beta[1]"": 0.8352846649058527, ""ma[1]"": 1.8587045887216642, ""ma[2]"": 0.9856152103289629, ""mu"": 0.11108495244205825, ""nu"": 5.936098092091484, ""omega"": 0.01654604256399363}"
1980,0.1520268219047769,0.76901536027613049,5.9413873258895151,1.2383388711909493,1.79008308089848,-2490.0182633831027,0.99999691466567808,2,"{""alpha[1]"": 0.16473309152623697, ""ar[1]"": -1.8641674771212369, ""ar[2]"": -0.9902449754647912, ""beta[1]"": 0.8352638231394411, ""ma[1]"": 1.858717653541064, ""ma[2]"": 0.9856210619520047, ""mu"": 0.11078266264529166, ""nu"": 5.941387325889515, ""omega"": 0.016539126912811005}"
1981,0.076929543911045339,0.99643584046492917,5.965290748541813,1.5061845334643051,2.1332256420496893,-2492.4361275915307,0.99999690799483343,2,"{""alpha[1]"": 0.16429078242394934, ""ar[1]"": -1.864149583082662, ""ar[2]"": -0.9902355229157057, ""beta[1]"": 0.8357061255708841, ""ma[1]"": 1.8587343756607304, ""ma[2]"": 0.9856437399786826, ""mu"": 0.11036419506673686, ""nu"": 5.965290748541813, ""omega"": 0.016470922041321643}"
1982,0.13684977470147908,0.86738838275799213,5.9547313977216234,1.3400087421346387,1.9254539445544672,-2493.2868921918853,0.99999689892732957,2,"{""alpha[1]"": 0.16416974500654807, ""ar[1]"": -1.8641365854965726, ""ar[2]"": -0.9902301338220657, ""beta[1]"": 0.8358271539207814, ""ma[1]"": 1.8587397678973052, ""ma[2]"": 0.9856574442891946, ""mu"": 0.1104398866189514, ""nu"": 5.954731397721623, ""omega"": 0.01645470224938962}"
1983,0.091525911314155106,0.75002656565470061,5.9424738270134947,1.2815850183398394,1.8264347192131096,-2494.0242185441966,0.99999973431857603,2,"{""alpha[1]"": 0.16417271777429948, ""ar[1]"": -1.864169680892641, ""ar[2]"": -0.9902696874339908, ""beta[1]"": 0.8358270165442765, ""ma[1]"": 1.858793555045787, ""ma[2]"": 0.9857179314339728, ""mu"": 0.11050787943404135, ""nu"": 5.942473827013495, ""omega"": 0.016453173223509816}"
1984,0.11894326303974215,0.64369245691877419,5.9303835438580172,1.1529250723921933,1.6580897854173713,-2494.6396867232888,0.99999972425906147,2,"{""alpha[1]"": 0.16426417046122951, ""ar[1]"": -1.8641708882469836, ""ar[2]"": -0.9902693556506454, ""beta[1]"": 0.8357355537978319, ""ma[1]"": 1.8587962963606919, ""ma[2]"": 0.9857190920794363, ""mu"": 0.11046676116191945, ""nu"": 5.930383543858017, ""omega"": 0.016453471838032842}"
1985,0.11162944773064987,0.58270201800849097,5.9253743934538274,1.0984096724609003,1.5792099417405341,-2495.4056558813336,0.99999971407550348,2,"{""alpha[1]"": 0.16453848055754253, ""ar[1]"": -1.864176465171239, ""ar[2]"": -0.9902677527466587, ""beta[1]"": 0.835461233517961, ""ma[1]"": 1.8588059402324073, ""ma[2]"": 0.9857241978108702, ""mu"": 0.11069107115104938, ""nu"": 5.925374393453827, ""omega"": 0.016492231772006948}"
1986,0.097607896638031155,0.50901403671853729,5.9173753731715442,1.033224077074689,1.4828409240085343,-2495.9491972593073,0.99999973456438118,2,"{""alpha[1]"": 0.1649762590667846, ""ar[1]"": -1.8642083011278667, ""ar[2]"": -0.9903188965134363, ""beta[1]"": 0.8350234754975966, ""ma[1]"": 1.8588734166573686, ""ma[2]"": 0.9858112239201449, ""mu"": 0.11083726427810131, ""nu"": 5.917375373171544, ""omega"": 0.01654218172083021}"
1987,0.13248942100829308,0.45025991133758209,5.9105668229760111,0.9309876380041161,1.3540563433115445,-2496.4655602640341,0.99999972422895134,2,"{""alpha[1]"": 0.1654962675460569, ""ar[1]"": -1.8642099321089747, ""ar[2]"": -0.9903163969439382, ""beta[1]"": 0.8345034566828945, ""ma[1]"": 1.8588833502029156, ""ma[2]"": 0.9858179523059186, ""mu"": 0.11104256389734725, ""nu"": 5.910566822976011, ""omega"": 0.016602619850760402}"
1988,0.081185659480226824,0.41687816050787596,5.9066108813291969,0.94205940378206499,1.3492531936142695,-2497.1065081332667,0.99999210077898326,2,"{""alpha[1]"": 0.16580147676324933, ""ar[1]"": -1.8642316840865307, ""ar[2]"": -0.9903518474954389, ""beta[1]"": 0.834190624015734, ""ma[1]"": 1.8589133448645558, ""ma[2]"": 0.9858614309812317, ""mu"": 0.11136067930487474, ""nu"": 5.906610881329197, ""omega"": 0.016640144509895358}"
1989,0.14644824808905876,0.38828385739574683,5.9090586760493498,0.84111063671092379,1.2340256605352504,-2497.7224673154815,0.99999261671149375,2,"{""alpha[1]"": 0.1661323150073677, ""ar[1]"": -1.8643049432656789, ""ar[2]"": -0.9904336329989503, ""beta[1]"": 0.8338603017041261, ""ma[1]"": 1.8589977212087825, ""ma[2]"": 0.9859526898096778, ""mu"": 0.11107776161300241, ""nu"": 5.90905867604935, ""omega"": 0.016663961321079588}"
1990,0.074668507397520623,0.37755360816685357,5.915377558962545,0.89922563663522581,1.2865065629644374,-2498.4816868485882,0.99999260500256482,2,"{""alpha[1]"": 0.16622838703340126, ""ar[1]"": -1.8643170903657351, ""ar[2]"": -0.9904423730587695, ""beta[1]"": 0.8337642179691636, ""ma[1]"": 1.8589880200645559, ""ma[2]"": 0.9859420918991566, ""mu"": 0.1114837347460079, ""nu"": 5.915377558962545, ""omega"": 0.016659786127512292}"
1991,0.14246026840562243,0.33228102122613323,5.9051840795640791,0.7710640738390494,1.1346371292905677,-2498.7739260606913,0.9999991971164407,2,"{""alpha[1]"": 0.1668667888173502, ""ar[1]"": -1.864358166525466, ""ar[2]"": -0.9904902211108777, ""beta[1]"": 0.8331324082990905, ""ma[1]"": 1.8590534528414222, ""ma[2]"": 0.9860103514507521, ""mu"": 0.1116847330358001, ""nu"": 5.905184079564079, ""omega"": 0.01671692708057}"
1992,0.090817439923290763,0.29408181717712029,5.9006826631063918,0.76854627587359292,1.1106885490571607,-2499.0010342837095,0.99999918583919545,2,"{""alpha[1]"": 0.167531593668812, ""ar[1]"": -1.8643463247706202, ""ar[2]"": -0.99048828211362, ""beta[1]"": 0.8324675921703835, ""ma[1]"": 1.8590500432179722, ""ma[2]"": 0.9860191276250723, ""mu"": 0.1116617489471912, ""nu"": 5.900682663106392, ""omega"": 0.016770637526999192}"
1993,0.11801815576918939,0.30868033103299597,5.9104734142321895,0.76252462147738631,1.1128216938591944,-2499.8981988961223,0.99999917618549206,2,"{""alpha[1]"": 0.16735284880898577, ""ar[1]"": -1.8643273474338984, ""ar[2]"": -0.9904875517076969, ""beta[1]"": 0.8326463273765063, ""ma[1]"": 1.8590442614059834, ""ma[2]"": 0.986023853262524, ""mu"": 0.11217160860694045, ""nu"": 5.9104734142321895, ""omega"": 0.016754485424888006}"
1994,0.12068662417461212,0.28672518990362073,5.9094558309662917,0.72795319377782741,1.0655863719598877,-2500.2858335722094,0.99999916572809389,2,"{""alpha[1]"": 0.16758556115220605, ""ar[1]"": -1.8643135754382283, ""ar[2]"": -0.9904876590819331, ""beta[1]"": 0.8324136045758879, ""ma[1]"": 1.859034141611252, ""ma[2]"": 0.9860239965489915, ""mu"": 0.11191314560655102, ""nu"": 5.909455830966292, ""omega"": 0.01674719169813034}"
1995,0.090875322758393717,0.25545376853735452,5.9041986846565138,0.71009821921596672,1.0289026411141999,-2500.4294785118946,0.99999915487979374,2,"{""alpha[1]"": 0.16801269624684914, ""ar[1]"": -1.8643059033615859, ""ar[2]"": -0.9904882430852188, ""beta[1]"": 0.8319864586329446, ""ma[1]"": 1.8590271770283417, ""ma[2]"": 0.9860247079204725, ""mu"": 0.11203671408442407, ""nu"": 5.904198684656514, ""omega"": 0.016741796281747805}"
1996,0.14521386018901072,0.29129248541687736,5.9154989630948975,0.71022256040617615,1.0503939969092513,-2501.58090123277,0.9999991460032942,2,"{""alpha[1]"": 0.16745426480095246, ""ar[1]"": -1.864316930053957, ""ar[2]"": -0.990504853891276, ""beta[1]"": 0.8325448812023417, ""ma[1]"": 1.8590004695116757, ""ma[2]"": 0.9860002830398378, ""mu"": 0.11135947683044191, ""nu"": 5.9154989630948975, ""omega"": 0.016705976509898777}"
1997,0.074246884003676294,0.29390922874208103,5.9248255747256691,0.78512238871575446,1.1266015792936017,-2502.2974562207601,0.99999913587567935,2,"{""alpha[1]"": 0.1675167137365435, ""ar[1]"": -1.8643286429763462, ""ar[2]"": -0.9905021568425162, ""beta[1]"": 0.8324824221391358, ""ma[1]"": 1.859030288017699, ""ma[2]"": 0.9860093819270306, ""mu"": 0.1108793062810529, ""nu"": 5.924825574725669, ""omega"": 0.016707970506094506}"
1998,0.14459680865781543,0.34351821363709439,5.93332702075719,0.78456968157525131,1.153532013527927,-2503.6602248729605,0.99999912588496176,2,"{""alpha[1]"": 0.16751307336160914, ""ar[1]"": -1.8643043660177898, ""ar[2]"": -0.9904853502137032, ""beta[1]"": 0.8324860525233526, ""ma[1]"": 1.8590671187241652, ""ma[2]"": 0.9860525389329251, ""mu"": 0.11157032094080774, ""nu"": 5.93332702075719, ""omega"": 0.016780162681251883}"
1999,0.085927360824262555,0.3756332050742095,5.9475379979343348,0.88587088804571645,1.2713243210055429,-2504.8484887082127,0.99999911578930667,2,"{""alpha[1]"": 0.16755809855036102, ""ar[1]"": -1.8642963058830049, ""ar[2]"": -0.9904794789217478, ""beta[1]"": 0.8324410172389457, ""ma[1]"": 1.8590850169688098, ""ma[2]"": 0.9860648013132134, ""mu"": 0.11103857296614507, ""nu"": 5.947537997934335, ""omega"": 0.016802024107257733}"
2000,0.12858636330152329,0.33103341153453647,5.9382524451124645,0.78359416346081245,1.1456689184993056,-2505.1404166062757,0.99999910642277423,2,"{""alpha[1]"": 0.16725885427480422, ""ar[1]"": -1.8642964359802923, ""ar[2]"": -0.990478753308363, ""beta[1]"": 0.83274025214797, ""ma[1]"": 1.859088515438045, ""ma[2]"": 0.9860670144672865, ""mu"": 0.11086966836789035, ""nu"": 5.9382524451124645, ""omega"": 0.016711156860139253}"
2001,0.10180990104485044,0.30707585175798885,5.9365737606632187,0.77672452425599869,1.1254908082293853,-2505.5720586930133,0.99999909649448182,2,"{""alpha[1]"": 0.16722438181275323, ""ar[1]"": -1.8643038862481642, ""ar[2]"": -0.9904788140487627, ""beta[1]"": 0.8327747146817286, ""ma[1]"": 1.859095363216555, ""ma[2]"": 0.9860696124393532, ""mu"": 0.11114209839383135, ""nu"": 5.936573760663219, ""omega"": 0.01666974750404645}"
2002,0.1119448248394519,0.31643387722066146,5.945374646077946,0.77997159976582164,1.1338017275474519,-2506.4213793493991,0.99999908648852376,2,"{""alpha[1]"": 0.16722665534189513, ""ar[1]"": -1.864323859144719, ""ar[2]"": -0.9904791905630614, ""beta[1]"": 0.8327724311466287, ""ma[1]"": 1.8591120048221708, ""ma[2]"": 0.9860704369635541, ""mu"": 0.11064752697041533, ""nu"": 5.945374646077946, ""omega"": 0.01667271416144058}"
2003,0.13632516347942314,1.8849960252140461,5.7621805725723423,2.0354457547919296,2.9101020925905452,-2514.0484983591959,0.99999907617113992,2,"{""alpha[1]"": 0.16737286129071943, ""ar[1]"": -1.8642978951655411, ""ar[2]"": -0.9904839714244152, ""beta[1]"": 0.8326262148804204, ""ma[1]"": 1.859071123673937, ""ma[2]"": 0.9860664756469757, ""mu"": 0.11069650780291805, ""nu"": 5.762180572572342, ""omega"": 0.01743774854996188}"
2004,0.076243683158955466,1.5841023438502542,5.7463685658303945,1.9142312577655887,2.7169555466868069,-2515.1258959275119,0.99999906880796907,2,"{""alpha[1]"": 0.16618178976305306, ""ar[1]"": -1.8642976559859683, ""ar[2]"": -0.9904850506417024, ""beta[1]"": 0.833817279044916, ""ma[1]"": 1.8590767778165669, ""ma[2]"": 0.9860732130619643, ""mu"": 0.11055110715632602, ""nu"": 5.7463685658303945, ""omega"": 0.017259380264421496}"
2005,0.14415335228350856,1.5493000574159703,5.7559778793237246,1.8245936644805976,2.6179036430844702,-2516.755826676851,0.99999905839819636,2,"{""alpha[1]"": 0.16636573267679236, ""ar[1]"": -1.8643088939411676, ""ar[2]"": -0.990484880939042, ""beta[1]"": 0.833633325721404, ""ma[1]"": 1.859096779883072, ""ma[2]"": 0.9860765026008277, ""mu"": 0.11078845630234496, ""nu"": 5.755977879323725, ""omega"": 0.017270655916008272}"
2006,0.075161392386171588,1.3421204427997915,5.7415728154546937,1.7568671972017413,2.4959964992195318,-2517.8409113456055,0.99999904937052508,2,"{""alpha[1]"": 0.16593638907310587, ""ar[1]"": -1.8643030956175335, ""ar[2]"": -0.9904851500992455, ""beta[1]"": 0.8340626602974192, ""ma[1]"": 1.8590901308315608, ""ma[2]"": 0.9860790867306293, ""mu"": 0.11085614874935523, ""nu"": 5.741572815454694, ""omega"": 0.017233376350853088}"
2007,0.13705859785476937,1.3144868878997698,5.7537739357497966,1.6763147089291826,2.4071540529606787,-2519.3890846153954,0.99999903942678703,2,"{""alpha[1]"": 0.16591449926254026, ""ar[1]"": -1.8643074576776615, ""ar[2]"": -0.9904856427430773, ""beta[1]"": 0.8340845401642468, ""ma[1]"": 1.8591109937528383, ""ma[2]"": 0.986089409355743, ""mu"": 0.11109123209131001, ""nu"": 5.753773935749797, ""omega"": 0.017191736441080685}"
2008,0.094015380304424911,1.116246341511179,5.7379496071946834,1.5766707476632011,2.2509163044778995,-2520.2856323462661,0.99999903018411129,2,"{""alpha[1]"": 0.16558820618463152, ""ar[1]"": -1.8643095352123331, ""ar[2]"": -0.9904862024372132, ""beta[1]"": 0.8344108239994797, ""ma[1]"": 1.8591163241590203, ""ma[2]"": 0.9860909097188498, ""mu"": 0.11104910547140869, ""nu"": 5.737949607194683, ""omega"": 0.01716322089522589}"
2009,0.12344056306734164,1.1659585285525347,5.7549043595174396,1.5844393842894975,2.2726955786951821,-2522.0108503699066,0.99999902023538967,2,"{""alpha[1]"": 0.16556587990691812, ""ar[1]"": -1.8643099159579828, ""ar[2]"": -0.9904890336835177, ""beta[1]"": 0.8344331403284715, ""ma[1]"": 1.859117803458214, ""ma[2]"": 0.9861031813544474, ""mu"": 0.11075553592780296, ""nu"": 5.75490435951744, ""omega"": 0.017124673464204713}"
2010,0.11550775384659939,1.2548150755608787,5.7719939276972108,1.6566662563211041,2.3697945289104143,-2523.8872359700108,0.99999900972137423,2,"{""alpha[1]"": 0.16578293378422912, ""ar[1]"": -1.8643020614327637, ""ar[2]"": -0.9904903927529393, ""beta[1]"": 0.8342160759371451, ""ma[1]"": 1.8591122944613807, ""ma[2]"": 0.9861030835185554, ""mu"": 0.11048740614177094, ""nu"": 5.771993927697211, ""omega"": 0.017142536100604733}"
2011,0.09655740353501141,1.1018876484398399,5.7633151323143794,1.5639244746966336,2.2326003258761475,-2524.9103427425716,0.99999900008713727,2,"{""alpha[1]"": 0.16563042035960257, ""ar[1]"": -1.8643086470600356, ""ar[2]"": -0.9904912408014539, ""beta[1]"": 0.8343685797275348, ""ma[1]"": 1.8591198910520597, ""ma[2]"": 0.9861045200222877, ""mu"": 0.11030879369431454, ""nu"": 5.763315132314379, ""omega"": 0.017128538646818365}"
2012,0.13476249776351157,0.95582387634478816,5.7543894119858789,1.4115656962201568,2.0347457633286177,-2525.8017815217113,0.99999795603116515,2,"{""alpha[1]"": 0.16552327438856024, ""ar[1]"": -1.8643148557464673, ""ar[2]"": -0.9905072226530549, ""beta[1]"": 0.834474681642605, ""ma[1]"": 1.8591316113512177, ""ma[2]"": 0.9861268497293921, ""mu"": 0.11013554506323427, ""nu"": 5.754389411985879, ""omega"": 0.017111418184255447}"
2013,0.073793827535365786,1.02062928769338,5.7705538913075252,1.5244464306572143,2.1676618071606288,-2527.5325501741449,0.99999794649904317,2,"{""alpha[1]"": 0.1654281411241338, ""ar[1]"": -1.8643094592750986, ""ar[2]"": -0.9905146814596453, ""beta[1]"": 0.8345698053749093, ""ma[1]"": 1.859109762845597, ""ma[2]"": 0.9861218733094986, ""mu"": 0.11050728781236821, ""nu"": 5.770553891307525, ""omega"": 0.017075564998786034}"
2014,0.1469473536651813,0.91058275108412012,5.7646720020242883,1.3625528851701343,1.9703582873245435,-2528.5068165827124,0.99999793596800846,2,"{""alpha[1]"": 0.16553201400024267, ""ar[1]"": -1.8643159375458804, ""ar[2]"": -0.9905182436664808, ""beta[1]"": 0.8344659219677658, ""ma[1]"": 1.8591333747178735, ""ma[2]"": 0.9861388497070555, ""mu"": 0.11066729273282909, ""nu"": 5.764672002024288, ""omega"": 0.017099239274477897}"
2015,0.083510677056974902,1.0466958993080049,5.7841093356911815,1.5353055026503206,2.1860545189512064,-2530.5247730660858,0.99999792637453222,2,"{""alpha[1]"": 0.16545098683605405, ""ar[1]"": -1.864335807100985, ""ar[2]"": -0.9905190835902223, ""beta[1]"": 0.8345469395384781, ""ma[1]"": 1.8591670341338764, ""ma[2]"": 0.9861397166867722, ""mu"": 0.11029540775160956, ""nu"": 5.7841093356911815, ""omega"": 0.017077761708917727}"
2016,0.12974768081485677,0.89133793252434168,5.771556261421952,1.3638551478357144,1.9649078343062458,-2531.3004160850305,0.99999791775293212,2,"{""alpha[1]"": 0.16517844610586613, ""ar[1]"": -1.8643397777377073, ""ar[2]"": -0.9905208756892071, ""beta[1]"": 0.834819471647066, ""ma[1]"": 1.859173858165704, ""ma[2]"": 0.9861418382325036, ""mu"": 0.11028381931137822, ""nu"": 5.771556261421952, ""omega"": 0.01702826741820552}"
2017,0.10857934339932918,1.2136325594862192,5.7924190162714648,1.6347487661548832,2.3350595692797644,-2534.0116240212024,0.99999790916218223,2,"{""alpha[1]"": 0.1649014635019096, ""ar[1]"": -1.8643518517275637, ""ar[2]"": -0.9905255576443691, ""beta[1]"": 0.8350964456602726, ""ma[1]"": 1.8591797903094998, ""ma[2]"": 0.9861300897447565, ""mu"": 0.10996816637743356, ""nu"": 5.792419016271465, ""omega"": 0.016992255607521874}"
2018,0.10014268237543256,1.0306592215660284,5.7790514020028079,1.5061154394990257,2.1520923394128118,-2534.8597510713116,0.99999570031577045,2,"{""alpha[1]"": 0.16458638636862616, ""ar[1]"": -1.864289662038503, ""ar[2]"": -0.9904445493374894, ""beta[1]"": 0.8354093139471442, ""ma[1]"": 1.8590763463972348, ""ma[2]"": 0.9860064987402015, ""mu"": 0.10990289460131697, ""nu"": 5.779051402002808, ""omega"": 0.01695215686247612}"
2019,0.12874024143918142,0.87823965376038338,5.7660133928015638,1.3537365173286604,1.9505927457753567,-2535.6254134557275,0.99999569124106236,2,"{""alpha[1]"": 0.1644978120887152, ""ar[1]"": -1.8642916710810116, ""ar[2]"": -0.9904445396734796, ""beta[1]"": 0.8354978791523472, ""ma[1]"": 1.8590808675171442, ""ma[2]"": 0.9860064568187813, ""mu"": 0.10985167570852755, ""nu"": 5.766013392801564, ""omega"": 0.01694204486346387}"
2020,0.075214934474383099,1.2199886258680968,5.7860454131866543,1.6725234668587432,2.3749831982348382,-2538.4139562160531,0.99999624893650452,2,"{""alpha[1]"": 0.1642296330602685, ""ar[1]"": -1.8641476899499363, ""ar[2]"": -0.9902949212531522, ""beta[1]"": 0.835766615876236, ""ma[1]"": 1.858840018446968, ""ma[2]"": 0.9857751011531659, ""mu"": 0.1103580201067693, ""nu"": 5.786045413186654, ""omega"": 0.016918646068216452}"
2021,0.15057268662284895,1.0478816171763112,5.7760305938507708,1.4689843542800511,2.1204761509960708,-2539.3151225840293,0.99999331737212249,2,"{""alpha[1]"": 0.16389712339899015, ""ar[1]"": -1.8640190037554913, ""ar[2]"": -0.9901471351657574, ""beta[1]"": 0.8360961939731323, ""ma[1]"": 1.858632328500112, ""ma[2]"": 0.9855548030189533, ""mu"": 0.11026867822617006, ""nu"": 5.776030593850771, ""omega"": 0.01686528383052323}"
2022,0.066831129504236086,1.0121118764540997,5.7824576312231475,1.5249813926931071,2.1649644754491284,-2540.6600138363269,0.9999933062860954,2,"{""alpha[1]"": 0.16396322893936008, ""ar[1]"": -1.8639961460740915, ""ar[2]"": -0.9901473930141288, ""beta[1]"": 0.8360300773467353, ""ma[1]"": 1.8585941947224667, ""ma[2]"": 0.9855543221463762, ""mu"": 0.11051995191976141, ""nu"": 5.7824576312231475, ""omega"": 0.016866548992880294}"
2023,0.14307457013093305,0.98087008368951167,5.788972367209789,1.4241141044227417,2.0538509118319519,-2541.9996689428694,0.99999329553243521,2,"{""alpha[1]"": 0.16400965829231384, ""ar[1]"": -1.8640200675929397, ""ar[2]"": -0.9901480333857525, ""beta[1]"": 0.8359836372401214, ""ma[1]"": 1.858633942362293, ""ma[2]"": 0.9855532304647846, ""mu"": 0.11077853309441586, ""nu"": 5.788972367209789, ""omega"": 0.01686358622799433}"
2024,0.087246902203788279,0.8655356112903152,5.7820775619667373,1.3847873383581755,1.9766329577569832,-2542.896478341092,0.99999646710763912,2,"{""alpha[1]"": 0.16400359847449902, ""ar[1]"": -1.8640137296910333, ""ar[2]"": -0.990157169690279, ""beta[1]"": 0.8359928686331402, ""ma[1]"": 1.8586280396356343, ""ma[2]"": 0.9855727463951108, ""mu"": 0.11096465024873643, ""nu"": 5.782077561966737, ""omega"": 0.01685690219241148}"
2025,0.11861582619884525,0.77464702566155019,5.7766912640937189,1.2738865018217294,1.8340106995011072,-2543.7848223384208,0.99999645643894963,2,"{""alpha[1]"": 0.16408253892592867, ""ar[1]"": -1.8640285399418977, ""ar[2]"": -0.9901600446075075, ""beta[1]"": 0.8359139175130209, ""ma[1]"": 1.8586436831313438, ""ma[2]"": 0.9855639321791306, ""mu"": 0.11120119857076807, ""nu"": 5.776691264093719, ""omega"": 0.01686741691098107}"
2026,0.12132014268344954,0.69155250580934968,5.7731722213502366,1.1943165727007901,1.7236799362947812,-2544.5958048692246,0.99998967845039766,2,"{""alpha[1]"": 0.1642301052528971, ""ar[1]"": -1.8639232467738258, ""ar[2]"": -0.9900155274958177, ""beta[1]"": 0.8357595731975006, ""ma[1]"": 1.8584531875277013, ""ma[2]"": 0.9853254715556771, ""mu"": 0.11106816120907106, ""nu"": 5.7731722213502366, ""omega"": 0.01688299991563069}"
2027,0.095770129973977269,0.98156326518902415,5.789508672801162,1.4719834477039717,2.1019187714533265,-2547.3373756759729,0.999999734068035,2,"{""alpha[1]"": 0.16335369434740846, ""ar[1]"": -1.864039343790422, ""ar[2]"": -0.990171796169865, ""beta[1]"": 0.8366460397206266, ""ma[1]"": 1.8586854821180798, ""ma[2]"": 0.9856135542066092, ""mu"": 0.11046719627770753, ""nu"": 5.789508672801162, ""omega"": 0.016773961103633207}"
2028,0.13119453433922917,0.93268428331675968,5.7914347352847368,1.397065126838944,2.0110318571431001,-2548.570721246876,0.99999972401041337,2,"{""alpha[1]"": 0.16342998196340205, ""ar[1]"": -1.8643536936956568, ""ar[2]"": -0.9905481552226588, ""beta[1]"": 0.8365697420470113, ""ma[1]"": 1.859192516554174, ""ma[2]"": 0.986172532555629, ""mu"": 0.11072231843508366, ""nu"": 5.791434735284737, ""omega"": 0.01677864239306979}"
2029,0.085639288667778091,0.85183739133487124,5.7912540816135412,1.3748794164466123,1.9616406589794821,-2549.5938496123608,0.99999971400582943,2,"{""alpha[1]"": 0.1634367125946431, ""ar[1]"": -1.8643687276230443, ""ar[2]"": -0.990548105806103, ""beta[1]"": 0.8365630014111863, ""ma[1]"": 1.8592119974528765, ""ma[2]"": 0.9861726920024847, ""mu"": 0.11052221019661285, ""nu"": 5.791254081613541, ""omega"": 0.01677789540136003}"
2030,0.13699211614552959,0.76254136344256274,5.7834747610723642,1.2447127401631508,1.800174982679678,-2550.4709481112914,0.99999970402912008,2,"{""alpha[1]"": 0.16340372791815247, ""ar[1]"": -1.8643808933989443, ""ar[2]"": -0.9905471505914574, ""beta[1]"": 0.8365959761109676, ""ma[1]"": 1.8592342731227776, ""ma[2]"": 0.9861763990227796, ""mu"": 0.11069490566833436, ""nu"": 5.783474761072364, ""omega"": 0.01676395919630656}"
2031,0.087537099426085452,0.72761955502527298,5.7895554715168238,1.2622681254988901,1.8046280025900407,-2551.5742041663161,0.99999969400319533,2,"{""alpha[1]"": 0.16343949646975173, ""ar[1]"": -1.864398188951926, ""ar[2]"": -0.9905465960786729, ""beta[1]"": 0.8365601975334436, ""ma[1]"": 1.8592646737454177, ""ma[2]"": 0.9861789019208623, ""mu"": 0.11041314841327225, ""nu"": 5.789555471516824, ""omega"": 0.016756314544378127}"
2032,0.13389587972918671,0.71981132333852327,5.797906616651578,1.2087967094910825,1.747919684275498,-2552.8110963585514,0.99999968410027018,2,"{""alpha[1]"": 0.16330987007290573, ""ar[1]"": -1.8643704309226878, ""ar[2]"": -0.9905449901262192, ""beta[1]"": 0.8366898140273644, ""ma[1]"": 1.859237487929657, ""ma[2]"": 0.986193201773347, ""mu"": 0.11009044877129467, ""nu"": 5.797906616651578, ""omega"": 0.01671580157662055}"
2033,0.088596359194999197,0.66544600324941794,5.7946439396495304,1.2023399368354635,1.7208237313250145,-2553.7362901685892,0.99999967416724855,2,"{""alpha[1]"": 0.1634863589631634, ""ar[1]"": -1.8646821202734434, ""ar[2]"": -0.9909343059636095, ""beta[1]"": 0.8365133152040851, ""ma[1]"": 1.8597317693117008, ""ma[2]"": 0.9867605582708981, ""mu"": 0.11033224125313044, ""nu"": 5.79464393964953, ""omega"": 0.016740421798844076}"
2034,0.12283334301601712,0.58958719360002099,5.7885375949315581,1.0921967581194376,1.5804450682265747,-2554.4151144979605,0.99999966406899132,2,"{""alpha[1]"": 0.1636091458986203, ""ar[1]"": -1.8646830336603069, ""ar[2]"": -0.9909340925930716, ""beta[1]"": 0.836390518170371, ""ma[1]"": 1.8597361103667778, ""ma[2]"": 0.9867606578121385, ""mu"": 0.11049191257192352, ""nu"": 5.788537594931558, ""omega"": 0.01674313412122541}"
2035,0.10664487329019146,0.51769409848026093,5.7808171102263444,1.0317808501825034,1.4895447041178729,-2554.9764705463963,0.99999965387416045,2,"{""alpha[1]"": 0.16384531463747187, ""ar[1]"": -1.8646810325142997, ""ar[2]"": -0.9909334570117164, ""beta[1]"": 0.8361543392366886, ""ma[1]"": 1.8597330013876272, ""ma[2]"": 0.9867628525521954, ""mu"": 0.11061940182632193, ""nu"": 5.780817110226344, ""omega"": 0.01675949637402109}"
2036,0.10952131798518527,0.6209331550024908,5.7966874808058382,1.1375251570236873,1.6382952495805962,-2556.8450773556087,0.99999964436595334,2,"{""alpha[1]"": 0.1632632228843346, ""ar[1]"": -1.8646962744036852, ""ar[2]"": -0.9909330011762739, ""beta[1]"": 0.8367364214816188, ""ma[1]"": 1.8597551021401115, ""ma[2]"": 0.9867704874883113, ""mu"": 0.11011928442820422, ""nu"": 5.796687480805838, ""omega"": 0.016698002115264468}"
2037,0.11690446517509573,0.58868800249446274,5.7965648908212897,1.0973287210689346,1.5849271733468793,-2557.7941099896771,0.99999963419443694,2,"{""alpha[1]"": 0.16336728156667002, ""ar[1]"": -1.86498868001034, ""ar[2]"": -0.9912681130604089, ""beta[1]"": 0.8366323526277669, ""ma[1]"": 1.8602089314055053, ""ma[2]"": 0.9872530260655697, ""mu"": 0.11041497070574074, ""nu"": 5.79656489082129, ""omega"": 0.016710387013581372}"
2038,0.096423653152888478,0.50926426606226516,5.7861261336506669,1.0327756695690908,1.4866259993756428,-2558.2817044010808,0.99999962410678223,2,"{""alpha[1]"": 0.1634649320383266, ""ar[1]"": -1.864993438337438, ""ar[2]"": -0.9912678043709605, ""beta[1]"": 0.8365346920684557, ""ma[1]"": 1.8602149103097272, ""ma[2]"": 0.9872542991669124, ""mu"": 0.11038782434570468, ""nu"": 5.786126133650667, ""omega"": 0.016704408796360322}"
2039,0.13200702320246549,0.47110550424534858,5.7858357763560182,0.95405945217941324,1.3905844269475427,-2558.9890065074333,0.99999961400263215,2,"{""alpha[1]"": 0.16357743984862574, ""ar[1]"": -1.8649805052001833, ""ar[2]"": -0.9912677937836117, ""beta[1]"": 0.8364221741540064, ""ma[1]"": 1.860197580458538, ""ma[2]"": 0.9872545636655475, ""mu"": 0.11010656410170497, ""nu"": 5.785835776356018, ""omega"": 0.016702145717708634}"
2040,0.080824156988327678,0.55049428592187977,5.8004950884113597,1.0934205037700235,1.5648051489967907,-2560.6874857979174,0.99999960424002321,2,"{""alpha[1]"": 0.16332696854099613, ""ar[1]"": -1.8649564844131827, ""ar[2]"": -0.9912688552922004, ""beta[1]"": 0.8366726356990271, ""ma[1]"": 1.8601629986235668, ""ma[2]"": 0.9872538424394866, ""mu"": 0.11061886608451356, ""nu"": 5.80049508841136, ""omega"": 0.016700404120711537}"
2041,0.14103039652653226,0.47835740955993949,5.7896048097669439,0.95341843687534356,1.3931727478096392,-2561.1510889599267,0.99999959425348572,2,"{""alpha[1]"": 0.16331289337846622, ""ar[1]"": -1.864955656981559, ""ar[2]"": -0.9912698390650815, ""beta[1]"": 0.8366867008750195, ""ma[1]"": 1.8601585361382589, ""ma[2]"": 0.9872538141602807, ""mu"": 0.11060507848424841, ""nu"": 5.789604809766944, ""omega"": 0.01667775803206517}"
2042,0.083128668280248869,0.42036572891049789,5.7820177692118779,0.94273286221656216,1.3551925076332632,-2561.5753896902515,0.99999958410456102,2,"{""alpha[1]"": 0.1634620867837427, ""ar[1]"": -1.8649543057613425, ""ar[2]"": -0.9912708697028714, ""beta[1]"": 0.8365374973208183, ""ma[1]"": 1.860152474690309, ""ma[2]"": 0.9872544817231832, ""mu"": 0.11074126828638259, ""nu"": 5.782017769211878, ""omega"": 0.016667896401434217}"
2043,0.13082719220850125,0.37155587845961413,5.777316246231754,0.83357840605103839,1.2214832004364653,-2561.9404970761461,0.99997193608137014,2,"{""alpha[1]"": 0.1637619984283562, ""ar[1]"": -1.864957350029087, ""ar[2]"": -0.9912807423623212, ""beta[1]"": 0.836209937653014, ""ma[1]"": 1.8601648863453661, ""ma[2]"": 0.987272847431238, ""mu"": 0.11090696365478991, ""nu"": 5.777316246231754, ""omega"": 0.016686374189402258}"
2044,0.1027757767037617,0.37639324096885385,5.7841194537255216,0.86797610705616313,1.258208983151393,-2562.8488824429642,0.9999719349372308,2,"{""alpha[1]"": 0.163634500626298, ""ar[1]"": -1.8649550345851367, ""ar[2]"": -0.9912828930996859, ""beta[1]"": 0.8363374343109328, ""ma[1]"": 1.8601693671630741, ""ma[2]"": 0.9872739160436029, ""mu"": 0.11045608877797697, ""nu"": 5.784119453725522, ""omega"": 0.01666299679658598}"
2045,0.11571017505719228,0.86735969463754992,5.7527518290698918,1.3572894879899144,1.9510007107049891,-2567.1608382085478,0.9999720183084666,2,"{""alpha[1]"": 0.16228866596224606, ""ar[1]"": -1.8649825758883845, ""ar[2]"": -0.9912850944488591, ""beta[1]"": 0.8376833523462205, ""ma[1]"": 1.8601954501939977, ""ma[2]"": 0.9872767730167189, ""mu"": 0.10994299279475339, ""nu"": 5.752751829069892, ""omega"": 0.016738924081741817}"
2046,0.11679608976233258,0.7954668375837074,5.750363370409274,1.2937909587329885,1.8624620443051827,-2568.1600458825969,0.99997202741901814,2,"{""alpha[1]"": 0.16201515652236262, ""ar[1]"": -1.8649762263697143, ""ar[2]"": -0.9912865821830391, ""beta[1]"": 0.8379568708966555, ""ma[1]"": 1.8601903447509973, ""ma[2]"": 0.9872791951826448, ""mu"": 0.10968948438246719, ""nu"": 5.750363370409274, ""omega"": 0.01668433816396429}"
2047,0.095782760562288072,0.74380972721130367,5.754207048141355,1.2683058508848022,1.8180507693851287,-2569.1956071999266,0.99997202804958063,2,"{""alpha[1]"": 0.16186369317876212, ""ar[1]"": -1.8649862136478108, ""ar[2]"": -0.9912876166892851, ""beta[1]"": 0.8381083348708185, ""ma[1]"": 1.860205046152014, ""ma[2]"": 0.9872841164005167, ""mu"": 0.10940585647112051, ""nu"": 5.754207048141355, ""omega"": 0.016642849559550255}"
2048,0.13038165928668211,0.64023103548796889,5.7391065330586137,1.1349084837650372,1.6454960184932772,-2569.7983234920439,0.99997203600766849,2,"{""alpha[1]"": 0.16160638454033166, ""ar[1]"": -1.864987467451669, ""ar[2]"": -0.9912879845290818, ""beta[1]"": 0.8383656514673368, ""ma[1]"": 1.8602059350421782, ""ma[2]"": 0.9872851836169297, ""mu"": 0.1092732872938537, ""nu"": 5.739106533058614, ""omega"": 0.01661270909475364}"
2049,0.091750131581830541,1.0361867200958605,5.7532846335393,1.5182473608233327,2.1671477681795244,-2573.0478088505106,0.99997200483409632,2,"{""alpha[1]"": 0.16191494903538364, ""ar[1]"": -1.864995585093512, ""ar[2]"": -0.9912870822501149, ""beta[1]"": 0.8380570557987127, ""ma[1]"": 1.8602258930487068, ""ma[2]"": 0.9872896604365334, ""mu"": 0.10913179546050901, ""nu"": 5.7532846335393, ""omega"": 0.016724455103910983}"
2050,0.12066152444557809,1.2378164431714689,5.7756871519337025,1.639555643558209,2.3476507436128387,-2575.3019814102727,0.99999562737589653,2,"{""alpha[1]"": 0.16281769968014004, ""ar[1]"": -1.8648447804792436, ""ar[2]"": -0.9911114009822883, ""beta[1]"": 0.8371779276957565, ""ma[1]"": 1.8600051171296204, ""ma[2]"": 0.9870500725646826, ""mu"": 0.10965378084091756, ""nu"": 5.7756871519337025, ""omega"": 0.016856536478653407}"
2051,0.10935201630492575,1.6304920909289549,5.8020871317884719,1.9115753597880558,2.7227409540520373,-2578.0519510227596,0.99998454912745993,2,"{""alpha[1]"": 0.16409220775663197, ""ar[1]"": -1.8647221382487218, ""ar[2]"": -0.9909691387046946, ""beta[1]"": 0.835892341370828, ""ma[1]"": 1.8598124993129332, ""ma[2]"": 0.9868435180592392, ""mu"": 0.10943764926522782, ""nu"": 5.802087131788472, ""omega"": 0.017059124648732618}"
2052,0.11297078281857242,1.6551858852142372,5.8155361298415631,1.92356424844156,2.7400749465068852,-2579.8585823990043,0.99998452891322509,2,"{""alpha[1]"": 0.16436374481554258, ""ar[1]"": -1.8647259886294307, ""ar[2]"": -0.9909694009743345, ""beta[1]"": 0.8356207840976825, ""ma[1]"": 1.8598188327245135, ""ma[2]"": 0.986845161556615, ""mu"": 0.10925375408429908, ""nu"": 5.815536129841563, ""omega"": 0.017072290077327173}"
2053,0.10313943678322501,1.5522876607633787,5.8187675869460715,1.8691608757633575,2.6597046841840655,-2581.3272512441263,0.99998451887184925,2,"{""alpha[1]"": 0.16436596909699627, ""ar[1]"": -1.8647361892115801, ""ar[2]"": -0.9909705566354344, ""beta[1]"": 0.835618549774853, ""ma[1]"": 1.8598316992016914, ""ma[2]"": 0.9868460307178244, ""mu"": 0.1094226362498789, ""nu"": 5.8187675869460715, ""omega"": 0.017068555741756256}"
2054,0.1226020984546401,1.897393571458756,5.8418259446533076,2.0586016574845054,2.9312063566823845,-2583.8887945020006,0.99998448022012132,2,"{""alpha[1]"": 0.16512972022892755, ""ar[1]"": -1.86475943437481, ""ar[2]"": -0.9909775013944894, ""beta[1]"": 0.8348547599911937, ""ma[1]"": 1.8598489334147723, ""ma[2]"": 0.9868406875976666, ""mu"": 0.10923995887988668, ""nu"": 5.841825944653308, ""omega"": 0.017174065122567174}"
2055,0.096200102856537795,1.6313210495228958,5.8318956999872871,1.9260330490143385,2.735706344127137,-2585.0493201808172,0.99998449166650194,2,"{""alpha[1]"": 0.16456661311753898, ""ar[1]"": -1.8647790926532024, ""ar[2]"": -0.990983694336184, ""beta[1]"": 0.835417878548963, ""ma[1]"": 1.859863541039978, ""ma[2]"": 0.9868367810108841, ""mu"": 0.10924810033292388, ""nu"": 5.831895699987287, ""omega"": 0.017083826842309444}"
2056,0.13196003926127453,2.6416355165365455,5.8508369792900297,2.4420161326816245,3.4709861784155027,-2588.7656007819178,0.99998444312629653,2,"{""alpha[1]"": 0.16559244479119167, ""ar[1]"": -1.864791570202541, ""ar[2]"": -0.9909889710599183, ""beta[1]"": 0.8343919983351049, ""ma[1]"": 1.8598635717686314, ""ma[2]"": 0.9868282331812951, ""mu"": 0.10914718753211236, ""nu"": 5.85083697929003, ""omega"": 0.01726094456343427}"
2057,0.095846283695737888,2.3732065747037128,5.8479389866454081,2.3437592969425509,3.3192466076295943,-2590.3021022060634,0.99999944768561999,2,"{""alpha[1]"": 0.16527309010278868, ""ar[1]"": -1.8648227719594794, ""ar[2]"": -0.9910273641874947, ""beta[1]"": 0.8347263575828313, ""ma[1]"": 1.859911899114231, ""ma[2]"": 0.9868807401596629, ""mu"": 0.10899529541978407, ""nu"": 5.847938986645408, ""omega"": 0.01720075893403723}"
2058,0.11278993236405649,2.0283420675835488,5.8336898737366987,2.1421877623935126,3.0449142648939933,-2591.5560408729134,0.9999996499473226,2,"{""alpha[1]"": 0.16481437933397514, ""ar[1]"": -1.8648577576351866, ""ar[2]"": -0.9910663167511125, ""beta[1]"": 0.8351852706133475, ""ma[1]"": 1.8599721625273808, ""ma[2]"": 0.986941739216562, ""mu"": 0.1090021652387891, ""nu"": 5.833689873736699, ""omega"": 0.017140161791326096}"
2059,0.12006664183450866,2.0554190258651586,5.8483878632976989,2.1503447031601572,3.0581453130036551,-2593.4743605120857,0.99999963981836604,2,"{""alpha[1]"": 0.16493306607635908, ""ar[1]"": -1.8648962865321104, ""ar[2]"": -0.9910957576329312, ""beta[1]"": 0.835066573742007, ""ma[1]"": 1.8600014302072134, ""ma[2]"": 0.9869518605821754, ""mu"": 0.10880360443205055, ""nu"": 5.848387863297699, ""omega"": 0.017137739552951465}"
2060,0.081085028116879343,2.3590014305465097,5.8677390566848544,2.3518262706050184,3.3230544257426091,-2595.9241727969302,0.99999971282268585,2,"{""alpha[1]"": 0.165286559276956, ""ar[1]"": -1.8649825864611778, ""ar[2]"": -0.9911870836241252, ""beta[1]"": 0.8347131535457298, ""ma[1]"": 1.8601304231869824, ""ma[2]"": 0.9870806836107447, ""mu"": 0.10926832240788278, ""nu"": 5.867739056684854, ""omega"": 0.01716917741667459}"
2061,0.13845207532102011,2.063724555058466,5.8584594314081153,2.1368365326641623,3.0458330284164239,-2597.2788242711863,0.99999970278871519,2,"{""alpha[1]"": 0.16516081929753887, ""ar[1]"": -1.865392173667646, ""ar[2]"": -0.9916986032356728, ""beta[1]"": 0.8348388834911763, ""ma[1]"": 1.8607884714509662, ""ma[2]"": 0.9878228205069867, ""mu"": 0.10922078422475802, ""nu"": 5.858459431408115, ""omega"": 0.017159984876080062}"
2062,0.085369222161020941,1.9853744202048162,5.8652270003806333,2.1465036726514199,3.0376599441108203,-2598.9804681218011,0.99999969278612399,2,"{""alpha[1]"": 0.1651661115532613, ""ar[1]"": -1.8653687960119192, ""ar[2]"": -0.991691909929866, ""beta[1]"": 0.8348335812328627, ""ma[1]"": 1.8607826428192418, ""ma[2]"": 0.9878391333325865, ""mu"": 0.10903825301392467, ""nu"": 5.865227000380633, ""omega"": 0.017147451090460716}"
2063,0.12456458738032128,1.8409578110612699,5.8675589214870643,2.0246663983638014,2.8826608733508667,-2600.4995297577843,0.99999968274428241,2,"{""alpha[1]"": 0.16522466593004417, ""ar[1]"": -1.8653532507116932, ""ar[2]"": -0.9916881756451522, ""beta[1]"": 0.8347750168142383, ""ma[1]"": 1.8607797222820581, ""ma[2]"": 0.9878510169560101, ""mu"": 0.10919881704659887, ""nu"": 5.867558921487064, ""omega"": 0.01715299623023368}"
2064,0.10187827808886823,1.5823310824727401,5.8563983562534023,1.8903899962715243,2.6864524537093888,-2601.6389915008822,0.99999967279239399,2,"{""alpha[1]"": 0.1651622316788265, ""ar[1]"": -1.8653472357370422, ""ar[2]"": -0.9916879912731934, ""beta[1]"": 0.8348374411135675, ""ma[1]"": 1.860774808998813, ""ma[2]"": 0.9878524903710335, ""mu"": 0.10910992197037533, ""nu"": 5.856398356253402, ""omega"": 0.017151224726443714}"
2065,0.10927317692388061,1.3383141456097316,5.8426286842613413,1.7226239129281748,2.4554375752765853,-2602.6233057986824,0.99999966259395801,2,"{""alpha[1]"": 0.16541366677706812, ""ar[1]"": -1.8653428099225882, ""ar[2]"": -0.9916871967575339, ""beta[1]"": 0.8345859958168899, ""ma[1]"": 1.8607771778979, ""ma[2]"": 0.9878597294395697, ""mu"": 0.10908652019279713, ""nu"": 5.842628684261341, ""omega"": 0.017211161815543788}"
2066,0.10855414490744719,1.6020619261785303,5.863682257606893,1.8962840266683116,2.6968898793451164,-2605.0187871255889,0.99999748716659953,2,"{""alpha[1]"": 0.16481007602391967, ""ar[1]"": -1.8653062134142113, ""ar[2]"": -0.9916295733130207, ""beta[1]"": 0.8351874111426799, ""ma[1]"": 1.8607085294155064, ""ma[2]"": 0.9877722215504351, ""mu"": 0.1093777464379022, ""nu"": 5.863682257606893, ""omega"": 0.01709227357157299}"
2067,0.10350560442058243,1.3579949914510696,5.8510149765387149,1.7420118399047666,2.479763156024541,-2606.0166195831644,0.99999747719350307,2,"{""alpha[1]"": 0.16480553629097108, ""ar[1]"": -1.8653062022222249, ""ar[2]"": -0.9916295082432408, ""beta[1]"": 0.835191940902532, ""ma[1]"": 1.8607093464498345, ""ma[2]"": 0.9877725640338595, ""mu"": 0.10943660818732863, ""nu"": 5.851014976538715, ""omega"": 0.017096085790386066}"
2068,0.12653469571201992,1.4285523155887379,5.8675738762323704,1.7667212650386297,2.5225270274141973,-2607.8771299841228,0.99999314515677928,2,"{""alpha[1]"": 0.16467632082787512, ""ar[1]"": -1.8653357578842407, ""ar[2]"": -0.9916634731608156, ""beta[1]"": 0.8353168243289042, ""ma[1]"": 1.8607564964864807, ""ma[2]"": 0.9878200593882206, ""mu"": 0.10914302311392005, ""nu"": 5.86757387623237, ""omega"": 0.017058563946256693}"
2069,0.089368749107011425,1.2356071496492391,5.8565332664041527,1.6711477445006389,2.3745999607582822,-2608.9024470539757,0.99999313469379447,2,"{""alpha[1]"": 0.16470515327221763, ""ar[1]"": -1.865335254669649, ""ar[2]"": -0.9916638652499274, ""beta[1]"": 0.8352879814215768, ""ma[1]"": 1.8607552736571176, ""ma[2]"": 0.9878204108155327, ""mu"": 0.10904072320295331, ""nu"": 5.856533266404153, ""omega"": 0.017067044771543846}"
2070,0.13950789054825119,1.776085099153808,5.877464231763275,1.9717815724393173,2.8139468708770869,-2612.0102392258618,0.99999313796432021,2,"{""alpha[1]"": 0.1639147140559856, ""ar[1]"": -1.8653620109828464, ""ar[2]"": -0.9916715155500097, ""beta[1]"": 0.8360784239083346, ""ma[1]"": 1.8607685676051031, ""ma[2]"": 0.9878074915675646, ""mu"": 0.10872617245564445, ""nu"": 5.877464231763275, ""omega"": 0.01694001735976953}"
2071,0.07650384406376487,1.5482573275253071,5.8683761936511907,1.8944991052835092,2.6812904891422278,-2613.1888731185481,0.99999312962811571,2,"{""alpha[1]"": 0.16381767528521501, ""ar[1]"": -1.8653906669311326, ""ar[2]"": -0.9916824853728721, ""beta[1]"": 0.8361754543429006, ""ma[1]"": 1.8607744427692823, ""ma[2]"": 0.9877889987912968, ""mu"": 0.10879513455964243, ""nu"": 5.868376193651191, ""omega"": 0.01694073975611239}"
2072,0.13526302034428961,1.3186210330733745,5.8561195859720927,1.6834223955772187,2.4101419862207241,-2614.1844279941206,0.99999312068688795,2,"{""alpha[1]"": 0.16375549158003386, ""ar[1]"": -1.8653911259601461, ""ar[2]"": -0.9916826790510972, ""beta[1]"": 0.8362376291068541, ""ma[1]"": 1.8607761619859933, ""ma[2]"": 0.9877896856496124, ""mu"": 0.10881004217453889, ""nu"": 5.856119585972093, ""omega"": 0.01693589512239631}"
2073,0.088461484111567623,1.159973404030709,5.8492074424994325,1.6171612224108056,2.2990908039381113,-2615.2380808228072,0.99999310920725515,2,"{""alpha[1]"": 0.16384388439079248, ""ar[1]"": -1.8653952656106805, ""ar[2]"": -0.9916834792261812, ""beta[1]"": 0.8361492248164627, ""ma[1]"": 1.8607774003623359, ""ma[2]"": 0.9877888144049691, ""mu"": 0.10892887491080852, ""nu"": 5.8492074424994325, ""omega"": 0.016947437491327367}"
2074,0.14301275117309054,5.0694051564064253,5.7483385908550808,3.4178506977583414,4.8536435339697164,-2622.5280868641426,0.999999203043343,2,"{""alpha[1]"": 0.16200643415141894, ""ar[1]"": -1.8652291197059534, ""ar[2]"": -0.9914898370667193, ""beta[1]"": 0.8379927688919241, ""ma[1]"": 1.8605216720653324, ""ma[2]"": 0.9875208490106394, ""mu"": 0.10876357786040756, ""nu"": 5.748338590855081, ""omega"": 0.01695325918399402}"
2075,0.11398618911887937,10.250061810172387,5.7590142363330701,4.9501263040510013,6.9901908281218477,-2627.6601846314857,0.99999918681927691,2,"{""alpha[1]"": 0.1651746161572609, ""ar[1]"": -1.86520004977534, ""ar[2]"": -0.9914864568658126, ""beta[1]"": 0.834824570662016, ""ma[1]"": 1.8605333892629836, ""ma[2]"": 0.9875609909253085, ""mu"": 0.10886709419564096, ""nu"": 5.75901423633307, ""omega"": 0.017476629802406933}"
2076,0.090292482346542968,8.5523536482500599,5.7430615864947105,4.534456998771641,6.4000673561082682,-2629.5779574637709,0.99999874549706314,2,"{""alpha[1]"": 0.16405551610617192, ""ar[1]"": -1.8652768389118468, ""ar[2]"": -0.9915696075634113, ""beta[1]"": 0.8359432293908913, ""ma[1]"": 1.860648898458459, ""ma[2]"": 0.9876767616621024, ""mu"": 0.10870335732738894, ""nu"": 5.7430615864947105, ""omega"": 0.017311011263284517}"
2077,0.14658365975319443,7.6101560464939357,5.7379771840078089,4.2156787661762554,5.9761704845306518,-2631.6757397886913,0.99999889417301557,2,"{""alpha[1]"": 0.16375881547568974, ""ar[1]"": -1.8653631820962968, ""ar[2]"": -0.9916684473487822, ""beta[1]"": 0.8362400786973259, ""ma[1]"": 1.8607690107874735, ""ma[2]"": 0.9878030469745984, ""mu"": 0.10867449681220245, ""nu"": 5.737977184007809, ""omega"": 0.01728020748367823}"
2078,0.015530795236841755,24.224376056459938,5.7011029709273231,7.7633687317761009,10.912749118341591,-2638.692252682069,0.99999887765539452,2,"{""alpha[1]"": 0.166173452660156, ""ar[1]"": -1.8653665113685434, ""ar[2]"": -0.991671830093469, ""beta[1]"": 0.8338254249952385, ""ma[1]"": 1.8607661786504148, ""ma[2]"": 0.9878015963011041, ""mu"": 0.10909284196414247, ""nu"": 5.701102970927323, ""omega"": 0.017783999616762827}"
2079,0.22616637750602786,23.446660509575402,5.7105795474866934,7.4278640657698407,10.524138601435604,-2641.6867073497856,0.99999886716254027,2,"{""alpha[1]"": 0.16635592869907487, ""ar[1]"": -1.8653689574953443, ""ar[2]"": -0.9916731005422265, ""beta[1]"": 0.8336429384634654, ""ma[1]"": 1.8607656706002529, ""ma[2]"": 0.9878003563222569, ""mu"": 0.10904270967058823, ""nu"": 5.710579547486693, ""omega"": 0.017792331484850623}"
2080,-0.0070583415289413587,19.926711641918374,5.6988009984976804,7.0620350356302843,9.9188993489611903,-2644.1025346467982,0.99999885908811503,2,"{""alpha[1]"": 0.16565200547328612, ""ar[1]"": -1.8653916033390048, ""ar[2]"": -0.9916837364140303, ""beta[1]"": 0.834346853614829, ""ma[1]"": 1.8607674663603324, ""ma[2]"": 0.987786251680146, ""mu"": 0.10904261437378973, ""nu"": 5.69880099849768, ""omega"": 0.017700750228244307}"
2081,0.1983069333812244,16.785617095223159,5.6859078301894073,6.2756096402105079,8.9001315384378294,-2646.3875600594538,0.99999885065351557,2,"{""alpha[1]"": 0.16508691567325226, ""ar[1]"": -1.8653939446731536, ""ar[2]"": -0.9916849164055014, ""beta[1]"": 0.8349119349802633, ""ma[1]"": 1.860771861360241, ""ma[2]"": 0.9877876096307201, ""mu"": 0.10904308821491208, ""nu"": 5.685907830189407, ""omega"": 0.01763101313014894}"
2082,0.056309265145528947,14.067062213483618,5.6713051824113947,5.8689798794857886,8.2741699413489229,-2648.5555273059636,0.99999889701472511,2,"{""alpha[1]"": 0.16470039235530504, ""ar[1]"": -1.8654382644986818, ""ar[2]"": -0.9917327069356907, ""beta[1]"": 0.83529850465942, ""ma[1]"": 1.8608326411030505, ""ma[2]"": 0.9878474189955025, ""mu"": 0.10903010679044281, ""nu"": 5.671305182411395, ""omega"": 0.017595879948028623}"
2083,0.13188826331270143,12.623087416768159,5.671218798925004,5.4810478683568107,7.7594650953264468,-2650.9424292806825,0.99999888702870909,2,"{""alpha[1]"": 0.16469518363535485, ""ar[1]"": -1.8654351223423773, ""ar[2]"": -0.9917326982579353, ""beta[1]"": 0.8353037033933542, ""ma[1]"": 1.8608235668831854, ""ma[2]"": 0.9878474624197447, ""mu"": 0.10897527371774426, ""nu"": 5.671218798925004, ""omega"": 0.017595932172810018}"
2084,0.12755467274790666,10.562772095978008,5.6554092948472725,5.0057524575606021,7.0923880376666641,-2652.9552131935729,0.99999887718127356,2,"{""alpha[1]"": 0.16463935492079915, ""ar[1]"": -1.8654334334600824, ""ar[2]"": -0.991732196976398, ""beta[1]"": 0.8353595222604744, ""ma[1]"": 1.8608235461149882, ""ma[2]"": 0.9878502328061917, ""mu"": 0.10896354996990852, ""nu"": 5.6554092948472725, ""omega"": 0.017624322030970738}"
2085,0.06376260477736384,9.8753663653282278,5.6594233564975891,4.8999900585175853,6.9169869897502103,-2655.3805413626023,0.99999886703639795,2,"{""alpha[1]"": 0.16469378020648295, ""ar[1]"": -1.8654074028433252, ""ar[2]"": -0.9917240170963731, ""beta[1]"": 0.835305086829915, ""ma[1]"": 1.8608159587172461, ""ma[2]"": 0.9878725382890385, ""mu"": 0.10890097630719764, ""nu"": 5.659423356497589, ""omega"": 0.01761826890203846}"
2086,0.17343995861567141,9.3263203136729516,5.6658139478381111,4.6507980738908437,6.6099978695973176,-2657.8164934974225,0.99999885692632229,2,"{""alpha[1]"": 0.1647336069561592, ""ar[1]"": -1.8654002205445468, ""ar[2]"": -0.9917225852845732, ""beta[1]"": 0.835265249970163, ""ma[1]"": 1.8608085462563877, ""ma[2]"": 0.9878766726368254, ""mu"": 0.10898108546133763, ""nu"": 5.665813947838111, ""omega"": 0.01762059635006292}"
2087,0.017338457845884392,8.1140134854090409,5.6576950110620094,4.4819157509980618,6.310445479513791,-2659.8575415420955,0.99999884620160928,2,"{""alpha[1]"": 0.164995240166492, ""ar[1]"": -1.8653977676015354, ""ar[2]"": -0.9917215314436078, ""beta[1]"": 0.8350036060351173, ""ma[1]"": 1.8608111304032604, ""ma[2]"": 0.9878811624703048, ""mu"": 0.10904154347784024, ""nu"": 5.6576950110620094, ""omega"": 0.017673865980486096}"
2088,0.20090593792989253,7.5087193432775248,5.6602859858726369,4.1274391103264758,5.8861071027344831,-2662.1049930623685,0.99999883589978311,2,"{""alpha[1]"": 0.16510604533624654, ""ar[1]"": -1.865370209189603, ""ar[2]"": -0.9917128431963246, ""beta[1]"": 0.8348927905635366, ""ma[1]"": 1.860814674075849, ""ma[2]"": 0.9879108190926654, ""mu"": 0.1091344150569274, ""nu"": 5.660285985872637, ""omega"": 0.01768621113473597}"
2089,0.017764671250938502,6.3181368145932399,5.6484966721784904,3.9519492633081041,5.5665857260412945,-2663.8901674466206,0.99999882436774912,2,"{""alpha[1]"": 0.16564746599713748, ""ar[1]"": -1.8653708245330833, ""ar[2]"": -0.9917143372848028, ""beta[1]"": 0.8343513583706117, ""ma[1]"": 1.8608130402284166, ""ma[2]"": 0.9879121151058, ""mu"": 0.10919857898458357, ""nu"": 5.64849667217849, ""omega"": 0.01780290864083095}"
2090,0.1867163301302236,5.2668040756496426,5.6360829227670619,3.4370444649518421,4.9125974640620624,-2665.5552956047095,0.99999881197938767,2,"{""alpha[1]"": 0.16648934254866296, ""ar[1]"": -1.8653673028188957, ""ar[2]"": -0.9917143486551919, ""beta[1]"": 0.8335094694307247, ""ma[1]"": 1.860812467472579, ""ma[2]"": 0.9879175309509703, ""mu"": 0.10925634588173208, ""nu"": 5.636082922767062, ""omega"": 0.017972659458632318}"
2091,0.053244655134576213,4.4128206142167894,5.624386177313287,3.2631737177547864,4.6149931536342699,-2667.1623527359602,0.99999879908894285,2,"{""alpha[1]"": 0.16750587891626245, ""ar[1]"": -1.8653613023173012, ""ar[2]"": -0.9917137068790569, ""beta[1]"": 0.8324929201726804, ""ma[1]"": 1.8608076423818138, ""ma[2]"": 0.9879230478399581, ""mu"": 0.1093536771513117, ""nu"": 5.624386177313287, ""omega"": 0.0181713767107262}"
2092,0.13585363085486557,3.6542980199714381,5.6132670927373383,2.8816067722739414,4.1127950241059796,-2668.6456638451523,0.99999878511255536,2,"{""alpha[1]"": 0.16890107918170924, ""ar[1]"": -1.8653455090610764, ""ar[2]"": -0.9917106283425676, ""beta[1]"": 0.8310977059308461, ""ma[1]"": 1.8608115647908232, ""ma[2]"": 0.987946573265977, ""mu"": 0.10943307116293599, ""nu"": 5.613267092737338, ""omega"": 0.018430916198641158}"
2093,0.11318704290674741,3.0749993628343391,5.6044055319249582,2.6544218214709274,3.7845673976772556,-2670.1153955712407,0.99999877107366886,2,"{""alpha[1]"": 0.17031602912140567, ""ar[1]"": -1.865337419156274, ""ar[2]"": -0.991709555168879, ""beta[1]"": 0.8296827419522632, ""ma[1]"": 1.8608034722600841, ""ma[2]"": 0.9879532889929267, ""mu"": 0.1095686378530309, ""nu"": 5.604405531924958, ""omega"": 0.01869292261969337}"
2094,0.067299836753292208,2.8883079549689454,5.6094871901748729,2.6151826864184016,3.7100653207791421,-2671.9368067938058,0.99999876085859607,2,"{""alpha[1]"": 0.17039703953559235, ""ar[1]"": -1.8653663612086837, ""ar[2]"": -0.9917215399715933, ""beta[1]"": 0.8296017213230037, ""ma[1]"": 1.8608219935023516, ""ma[2]"": 0.9879397347154505, ""mu"": 0.10971189210669982, ""nu"": 5.609487190174873, ""omega"": 0.018694850321687755}"
2095,0.18245077701409229,2.4588271058735338,5.6032671024159928,2.2923417547150891,3.3030204454994467,-2673.3356847733262,0.99999874717182946,2,"{""alpha[1]"": 0.17167808590477715, ""ar[1]"": -1.8653769819198105, ""ar[2]"": -0.9917261630463944, ""beta[1]"": 0.8283206612670523, ""ma[1]"": 1.8608277555050934, ""ma[2]"": 0.9879347714932507, ""mu"": 0.10971830979593232, ""nu"": 5.603267102415993, ""omega"": 0.018926882140920153}"
2096,0.024221409755598611,2.2229041771561397,5.6040782674738265,2.328878910390122,3.2897894322829284,-2674.8927949683848,0.99999873548632634,2,"{""alpha[1]"": 0.17226602844227681, ""ar[1]"": -1.8653432648426977, ""ar[2]"": -0.9917186200412238, ""beta[1]"": 0.8277327070440496, ""ma[1]"": 1.860833632880499, ""ma[2]"": 0.9879786146332458, ""mu"": 0.10961430453668096, ""nu"": 5.6040782674738265, ""omega"": 0.01902171615348481}"
2097,0.19349692481496933,1.8551865898370401,5.5886222859690511,1.9556839687254748,2.8345510414836599,-2676.0912451358645,0.99999872189643702,2,"{""alpha[1]"": 0.17405665512970792, ""ar[1]"": -1.8661475433034833, ""ar[2]"": -0.9926671320717654, ""beta[1]"": 0.8259420667667291, ""ma[1]"": 1.8620839675224152, ""ma[2]"": 0.9893241239043485, ""mu"": 0.10976950784725553, ""nu"": 5.588622285969051, ""omega"": 0.01935914796324947}"
2098,0.028703674029601833,1.5732992077317396,5.5828827866944817,1.9503023551268608,2.7600019407480767,-2677.2624194476898,0.99999819212748919,2,"{""alpha[1]"": 0.17557575097581016, ""ar[1]"": -1.8660939251247866, ""ar[2]"": -0.9925994817700803, ""beta[1]"": 0.8244224411516791, ""ma[1]"": 1.8619856274936732, ""ma[2]"": 0.9892176122312764, ""mu"": 0.10995526614279984, ""nu"": 5.582882786694482, ""omega"": 0.01963216031527469}"
2099,0.17689181165307941,1.2932157976668874,5.5745048698437669,1.6171049537046869,2.3516696853596284,-2678.2400535692141,0.99999817365424237,2,"{""alpha[1]"": 0.17768095508158332, ""ar[1]"": -1.8660908866323656, ""ar[2]"": -0.9925982173404364, ""beta[1]"": 0.822317218572659, ""ma[1]"": 1.8619812517646195, ""ma[2]"": 0.9892184258537203, ""mu"": 0.11002742481079922, ""nu"": 5.574504869843767, ""omega"": 0.02001042062991061}"
2100,0.046028490140891165,2.8364843946761398,5.5731592251683395,2.610824013118513,3.6988248366597749,-2682.7681846622681,0.99999819513797028,2,"{""alpha[1]"": 0.16955935261110014, ""ar[1]"": -1.8652130702787202, ""ar[2]"": -0.9915508710756249, ""beta[1]"": 0.8304388425268702, ""ma[1]"": 1.8605706112025984, ""ma[2]"": 0.9877038301421904, ""mu"": 0.10990207929272133, ""nu"": 5.5731592251683395, ""omega"": 0.018654351456641693}"
2101,0.14029774814013241,2.4369598432689563,5.5639597586519862,2.3219986003451623,3.3311762818906221,-2684.1506819320484,0.99999818408897245,2,"{""alpha[1]"": 0.16980933055506456, ""ar[1]"": -1.865213183010947, ""ar[2]"": -0.9915506721379143, ""beta[1]"": 0.8301888535339079, ""ma[1]"": 1.8605769392842233, ""ma[2]"": 0.9877062593993097, ""mu"": 0.11002860283977867, ""nu"": 5.563959758651986, ""omega"": 0.0187188687887761}"
2102,0.11435647001024707,2.0389599339917619,5.5515251316422241,2.1374824118543656,3.0614585338745171,-2685.336528832855,0.99999817221747411,2,"{""alpha[1]"": 0.17025053936106668, ""ar[1]"": -1.8652111231331614, ""ar[2]"": -0.991550352492886, ""beta[1]"": 0.8297476328564074, ""ma[1]"": 1.8605743065059706, ""ma[2]"": 0.9877083021788104, ""mu"": 0.11010625311196953, ""nu"": 5.551525131642224, ""omega"": 0.018817624832069894}"
2103,0.070305034556041868,1.7302051310350366,5.5418651879381056,2.0037329423480865,2.8555124249937571,-2686.4951937896217,0.99999815969304007,2,"{""alpha[1]"": 0.17084380537731553, ""ar[1]"": -1.8652179847343224, ""ar[2]"": -0.9915527763851908, ""beta[1]"": 0.8291543543157246, ""ma[1]"": 1.8605785564060333, ""ma[2]"": 0.9877044269872519, ""mu"": 0.11025101174611089, ""nu"": 5.541865187938106, ""omega"": 0.018936546566809907}"
2104,0.17569443593684309,1.5030667414163115,5.5355825452178493,1.7572283711794097,2.5515153944612643,-2687.6735213276306,0.99999814708965673,2,"{""alpha[1]"": 0.1714549735920384, ""ar[1]"": -1.865187150156926, ""ar[2]"": -0.9915427872731936, ""beta[1]"": 0.8285431734976183, ""ma[1]"": 1.8605704551818922, ""ma[2]"": 0.9877314770438373, ""mu"": 0.11043854536536896, ""nu"": 5.535582545217849, ""omega"": 0.019049235513369765}"
2105,0.025794865400601052,1.2582749040071042,5.5231204639004199,1.7423925004572303,2.4698269431771545,-2688.6183012496217,0.99999813297180018,2,"{""alpha[1]"": 0.1724198434732041, ""ar[1]"": -1.8651820566624278, ""ar[2]"": -0.9915417771975974, ""beta[1]"": 0.8275782894985961, ""ma[1]"": 1.8605656778235928, ""ma[2]"": 0.9877352982759774, ""mu"": 0.11053959955776933, ""nu"": 5.52312046390042, ""omega"": 0.01923543456390686}"
2106,0.20617436355918528,1.0767400005168952,5.5168174668589831,1.429333970343001,2.1025794779412887,-2689.5661560703329,0.99999811891670576,2,"{""alpha[1]"": 0.17336911859870355, ""ar[1]"": -1.865190105424559, ""ar[2]"": -0.99154461557555, ""beta[1]"": 0.8266290003180022, ""ma[1]"": 1.8605626080246969, ""ma[2]"": 0.9877278340850626, ""mu"": 0.11053277128646773, ""nu"": 5.516817466858983, ""omega"": 0.019404227504357864}"
2107,0.032511888804349631,1.5348591777793639,5.5261696909991294,1.9204582804058492,2.7236846990803065,-2692.4924961079168,0.99999812573426705,2,"{""alpha[1]"": 0.17064365026295591, ""ar[1]"": -1.8658964889478546, ""ar[2]"": -0.9923960492039751, ""beta[1]"": 0.8293544754713111, ""ma[1]"": 1.861725814599726, ""ma[2]"": 0.9889791508866154, ""mu"": 0.10996903512473895, ""nu"": 5.526169690999129, ""omega"": 0.018940340188789862}"
2108,0.17307453341491219,1.2910163849584488,5.5132442427084962,1.6176907232617264,2.3550926518084525,-2693.4456475144348,0.99999811478763256,2,"{""alpha[1]"": 0.1708605331388322, ""ar[1]"": -1.8658942036385562, ""ar[2]"": -0.9923954994726858, ""beta[1]"": 0.8291375816488004, ""ma[1]"": 1.8617252593849525, ""ma[2]"": 0.9889806639727496, ""mu"": 0.10997401098532945, ""nu"": 5.513244242708496, ""omega"": 0.018978724374701047}"
2109,0.072843994434431458,1.213214412756157,5.5181518642807346,1.6632581516111538,2.3778234358768051,-2694.798839510549,0.99999810381585774,2,"{""alpha[1]"": 0.171086403727289, ""ar[1]"": -1.865883693944426, ""ar[2]"": -0.9923958906292467, ""beta[1]"": 0.8289117000885687, ""ma[1]"": 1.8617510351193098, ""ma[2]"": 0.9890096144016092, ""mu"": 0.10976790040699938, ""nu"": 5.518151864280735, ""omega"": 0.019017770732131366}"
2110,0.1102978906798211,1.7123715528523973,5.5353084378565676,1.9528127582071924,2.8006187998653758,-2697.7944500128906,0.99999774514200013,2,"{""alpha[1]"": 0.16978003803559827, ""ar[1]"": -1.866000991580358, ""ar[2]"": -0.99249390463888, ""beta[1]"": 0.8302177071064019, ""ma[1]"": 1.8618762840993992, ""ma[2]"": 0.9890856659879032, ""mu"": 0.11009898591277134, ""nu"": 5.535308437856568, ""omega"": 0.018790647623597986}"
2111,0.14175030184358128,1.5205666420124757,5.5322018107703457,1.8022894987302536,2.6013951908660564,-2699.0492677101101,0.99999773514525736,2,"{""alpha[1]"": 0.16978424662975863, ""ar[1]"": -1.8660311137803007, ""ar[2]"": -0.992511934632532, ""beta[1]"": 0.8302134885154987, ""ma[1]"": 1.861893711850056, ""ma[2]"": 0.9890759041976572, ""mu"": 0.10996739965868914, ""nu"": 5.532201810770346, ""omega"": 0.0187945399821584}"
2112,0.058959721456591452,1.2536055670247386,5.4605048944249805,1.7041697443512724,2.4338151953043798,-2699.9292801530064,0.99999913664963991,2,"{""alpha[1]"": 0.17079087508859303, ""ar[1]"": -1.870255053589562, ""ar[2]"": -0.9973309188808985, ""beta[1]"": 0.8292082615610469, ""ma[1]"": 1.868211643911375, ""ma[2]"": 0.995700613235175, ""mu"": 0.11006935144060187, ""nu"": 5.4605048944249805, ""omega"": 0.01907748844704867}"
2113,0.16455912838697009,1.062519723316492,5.4501719691514037,1.4583659244351892,2.1306532461670473,-2700.7999761881279,0.99999912593504892,2,"{""alpha[1]"": 0.17114857835397812, ""ar[1]"": -1.8702574480252805, ""ar[2]"": -0.9973311596958337, ""beta[1]"": 0.8288505475810708, ""ma[1]"": 1.8682146511158257, ""ma[2]"": 0.9957002441708886, ""mu"": 0.11004797970507743, ""nu"": 5.450171969151404, ""omega"": 0.019149866607033404}"
2114,0.058504816093469247,0.92580200533538137,5.4416620107296083,1.4561995751371342,2.0841693883061847,-2701.7027195842506,0.99999911519339546,2,"{""alpha[1]"": 0.17151531802213246, ""ar[1]"": -1.8702649223631957, ""ar[2]"": -0.9973316507341313, ""beta[1]"": 0.828483797171263, ""ma[1]"": 1.8682220992868201, ""ma[2]"": 0.995699100311442, ""mu"": 0.11020727392137315, ""nu"": 5.441662010729608, ""omega"": 0.019218400273238553}"
2115,0.15057302873864753,0.82934701984413639,5.4394203227962583,1.2830032587827398,1.8774668346129322,-2702.6535927713821,0.99999908245494495,2,"{""alpha[1]"": 0.17202784199919496, ""ar[1]"": -1.8702715062272417, ""ar[2]"": -0.99734327050166, ""beta[1]"": 0.82797124045575, ""ma[1]"": 1.8682209398318794, ""ma[2]"": 0.9957006120038943, ""mu"": 0.11044514400233521, ""nu"": 5.439420322796258, ""omega"": 0.01931388223247361}"
2116,0.086885899712643419,0.70919951764967326,5.4327786715580135,1.2386419577721546,1.7886524455996808,-2703.3298540409073,0.99999604834697919,2,"{""alpha[1]"": 0.17264085076933638, ""ar[1]"": -1.8702576133431568, ""ar[2]"": -0.9973441505393564, ""beta[1]"": 0.8273551975776429, ""ma[1]"": 1.8682375670576712, ""ma[2]"": 0.9957348184007577, ""mu"": 0.11040511502304483, ""nu"": 5.4327786715580135, ""omega"": 0.019399796159407408}"
2117,0.11658693169157797,0.66145024393474761,5.4315186669832904,1.1635136662224519,1.6947392354533977,-2704.2957725702754,0.99999603539838722,2,"{""alpha[1]"": 0.17296675448110593, ""ar[1]"": -1.8702708564165165, ""ar[2]"": -0.9973470429235274, ""beta[1]"": 0.8270292809172812, ""ma[1]"": 1.8682414134484042, ""ma[2]"": 0.9957285324125494, ""mu"": 0.11018663861462011, ""nu"": 5.4315186669832904, ""omega"": 0.019475138432372932}"
2118,0.12125582915145405,0.71094663599894781,5.4456570634903585,1.2061877509787724,1.7563115344209974,-2705.8234199722465,0.99999603197567433,2,"{""alpha[1]"": 0.17224483596518347, ""ar[1]"": -1.8702754282617948, ""ar[2]"": -0.9973470733454839, ""beta[1]"": 0.8277511960104909, ""ma[1]"": 1.8682406599194534, ""ma[2]"": 0.9957272492189734, ""mu"": 0.11051236779110192, ""nu"": 5.4456570634903585, ""omega"": 0.019314222903349786}"
2119,0.082433626996471276,0.60663913111877954,5.4363065037224567,1.1435802534114567,1.6521258750216208,-2706.3892034773212,0.99999601668449212,2,"{""alpha[1]"": 0.17282792263840147, ""ar[1]"": -1.8702765066427713, ""ar[2]"": -0.9973470272324849, ""beta[1]"": 0.8271680940460907, ""ma[1]"": 1.8682402339482658, ""ma[2]"": 0.9957260371952993, ""mu"": 0.11057358518373737, ""nu"": 5.436306503722457, ""omega"": 0.019411455822712323}"
2120,0.15057701021996084,0.56069666876112711,5.43686079769369,1.0281091141550847,1.5169972906082316,-2707.2161969105082,0.99999973707460477,2,"{""alpha[1]"": 0.1731822264596132, ""ar[1]"": -1.8702198958824456, ""ar[2]"": -0.9973034765974441, ""beta[1]"": 0.8268175106149915, ""ma[1]"": 1.8681900323022855, ""ma[2]"": 0.9956990410323082, ""mu"": 0.11089006827918568, ""nu"": 5.43686079769369, ""omega"": 0.01946454335305369}"
2121,0.064596554206083789,0.51508212726528368,5.4361719889788791,1.065114672007758,1.5337204080295599,-2707.9628517485748,0.99999973713305157,2,"{""alpha[1]"": 0.17337329011374877, ""ar[1]"": -1.8701657712731394, ""ar[2]"": -0.9972668717767206, ""beta[1]"": 0.8266264470193028, ""ma[1]"": 1.8681409426957511, ""ma[2]"": 0.9956780699698123, ""mu"": 0.11064214946664316, ""nu"": 5.436171988978879, ""omega"": 0.019467654999862787}"
2122,0.15706209752862321,0.46281942175924795,5.4298380011804284,0.91369041717291943,1.3581112264262416,-2708.5599455576826,0.999995053704405,2,"{""alpha[1]"": 0.17379902962589935, ""ar[1]"": -1.8700797828680331, ""ar[2]"": -0.9972087778908509, ""beta[1]"": 0.8261960240785057, ""ma[1]"": 1.8680763498369612, ""ma[2]"": 0.995655623671362, ""mu"": 0.1109527581022118, ""nu"": 5.429838001180428, ""omega"": 0.01952985725813654}"
2123,0.070183526435876331,0.68472648841880601,5.4401369630766592,1.2324324429478579,1.7725532659062559,-2711.1698056553214,0.99999973675276133,2,"{""alpha[1]"": 0.1721301142092428, ""ar[1]"": -1.870050749649973, ""ar[2]"": -0.997194377704866, ""beta[1]"": 0.8278696225435185, ""ma[1]"": 1.8680340873013654, ""ma[2]"": 0.99563058510368, ""mu"": 0.110172455887086, ""nu"": 5.440136963076659, ""omega"": 0.019332029989118912}"
2124,0.13963341596748136,0.71937794987537773,5.4530781770847305,1.195821795077332,1.7488725794946434,-2712.6322358189159,0.9999997267268439,2,"{""alpha[1]"": 0.17217258700366703, ""ar[1]"": -1.8700371481909563, ""ar[2]"": -0.9971941068348343, ""beta[1]"": 0.8278271397231769, ""ma[1]"": 1.8680224986145428, ""ma[2]"": 0.9956312916870839, ""mu"": 0.11059240401174929, ""nu"": 5.4530781770847305, ""omega"": 0.0193317354072909}"
2125,0.09638973113164262,0.78326329137034312,5.4657947599023782,1.2973934403438498,1.8738997217830275,-2714.283007816558,0.99999085108843611,2,"{""alpha[1]"": 0.17215521732838132, ""ar[1]"": -1.8699989175072949, ""ar[2]"": -0.9971824200747273, ""beta[1]"": 0.8278356337600548, ""ma[1]"": 1.8680293708363331, ""ma[2]"": 0.9956699073912341, ""mu"": 0.11022947804578619, ""nu"": 5.465794759902378, ""omega"": 0.019309506846454487}"
2126,0.10964347247045048,0.67011048996230693,5.4557661274889568,1.1793276250568072,1.7129908601697728,-2714.911883271312,0.99999736903484093,2,"{""alpha[1]"": 0.17197662776710346, ""ar[1]"": -1.8700123623502396, ""ar[2]"": -0.9971931556098136, ""beta[1]"": 0.8280207412677375, ""ma[1]"": 1.8680264450963273, ""ma[2]"": 0.9956618790173787, ""mu"": 0.11014268699685563, ""nu"": 5.455766127488957, ""omega"": 0.01927165375698426}"
2127,0.12505684837942244,0.59361578926056779,5.4500532001655007,1.0880019027432866,1.5905101923893419,-2715.6086966602434,0.99999558380324483,2,"{""alpha[1]"": 0.17199079501699627, ""ar[1]"": -1.8699914736755168, ""ar[2]"": -0.9971920153310654, ""beta[1]"": 0.8280047887862486, ""ma[1]"": 1.8680432630483352, ""ma[2]"": 0.9957024761659935, ""mu"": 0.10992580523687769, ""nu"": 5.450053200165501, ""omega"": 0.019263492015051682}"
2128,0.080077662776996572,0.63894065792764798,5.4616639044460777,1.1786803702024822,1.6995414928603099,-2717.0797057932982,0.99999936233469455,2,"{""alpha[1]"": 0.17189147200397273, ""ar[1]"": -1.8700443719506818, ""ar[2]"": -0.9972231461156377, ""beta[1]"": 0.8281078903307219, ""ma[1]"": 1.8680761769873966, ""ma[2]"": 0.9957019138188458, ""mu"": 0.11034642549550476, ""nu"": 5.461663904446078, ""omega"": 0.01923043476690043}"
2129,0.14759542761910138,0.72859629446001528,5.4770389143857932,1.1969152931400147,1.7524476950706738,-2718.8459575732895,0.99999935225141412,2,"{""alpha[1]"": 0.17194775320356442, ""ar[1]"": -1.8700356930431423, ""ar[2]"": -0.9972230986068198, ""beta[1]"": 0.8280515990478498, ""ma[1]"": 1.8680638888741194, ""ma[2]"": 0.9957025098397757, ""mu"": 0.1107561921421864, ""nu"": 5.477038914385793, ""omega"": 0.019254610488588415}"
2130,0.071454087623363249,0.62346015898704643,5.4656555619719853,1.1720427799337494,1.6863934094546869,-2719.434435644625,0.99999934242828536,2,"{""alpha[1]"": 0.17182403581625966, ""ar[1]"": -1.8700135021293447, ""ar[2]"": -0.9972191802631599, ""beta[1]"": 0.8281753066120258, ""ma[1]"": 1.8680692704981832, ""ma[2]"": 0.9957315432455028, ""mu"": 0.11076481549662143, ""nu"": 5.465655561971985, ""omega"": 0.019229943227410347}"
2131,0.1462993710906646,0.62127499864470537,5.4717744741781358,1.0951402380112647,1.6083413332043217,-2720.6128586732384,0.99999933236484351,2,"{""alpha[1]"": 0.17186011366609838, ""ar[1]"": -1.8699829074482377, ""ar[2]"": -0.9972159013401445, ""beta[1]"": 0.8281392186987452, ""ma[1]"": 1.8680644795359576, ""ma[2]"": 0.9957606411149242, ""mu"": 0.11110183256293807, ""nu"": 5.471774474178136, ""omega"": 0.019227417673791998}"
2132,0.08147938239418262,0.55472548744169681,5.4667069408406572,1.0914904911277576,1.5766203349693495,-2721.2907569836261,0.99999932234383204,2,"{""alpha[1]"": 0.17187415220263844, ""ar[1]"": -1.869988767701542, ""ar[2]"": -0.997216181687032, ""beta[1]"": 0.8281251701411936, ""ma[1]"": 1.8680702358001873, ""ma[2]"": 0.9957604135943994, ""mu"": 0.1113527847310794, ""nu"": 5.466706940840657, ""omega"": 0.019216484932986364}"
2133,0.13040651665712699,0.50497602839945988,5.4639494682982068,0.98867987738315011,1.45164548943941,-2721.985907889285,0.9999997366896497,2,"{""alpha[1]"": 0.17192380188852185, ""ar[1]"": -1.8699836342258505, ""ar[2]"": -0.9972268447716126, ""beta[1]"": 0.8280759348011278, ""ma[1]"": 1.8680760590544598, ""ma[2]"": 0.9957830746566637, ""mu"": 0.11165009959321895, ""nu"": 5.463949468298207, ""omega"": 0.019202549151254304}"
2134,0.10581580619581024,0.44152162730132127,5.4492723778702779,0.94034755972731821,1.3737520196491171,-2722.4279644376038,0.99999973675792753,2,"{""alpha[1]"": 0.17214700272297656, ""ar[1]"": -1.8699906271643465, ""ar[2]"": -0.9972443617102906, ""beta[1]"": 0.827852734034951, ""ma[1]"": 1.8681005436912383, ""ma[2]"": 0.9958170762436811, ""mu"": 0.11159961954256944, ""nu"": 5.449272377870278, ""omega"": 0.019243692540555354}"
2135,0.092494552598657687,0.40034909047131473,5.4421080690676149,0.90357912154410713,1.3165160645203633,-2722.9674165486595,0.99999972703561768,2,"{""alpha[1]"": 0.17247230257776744, ""ar[1]"": -1.8705512916502598, ""ar[2]"": -0.9979036072094247, ""beta[1]"": 0.8275274244578502, ""ma[1]"": 1.8689181655395781, ""ma[2]"": 0.9966892204208504, ""mu"": 0.11198713926651686, ""nu"": 5.442108069067615, ""omega"": 0.0192601380899007}"
2136,0.1394057793825787,0.43397671162407719,5.4505574739150164,0.89780241243583925,1.3274440537096845,-2724.2128066591631,0.99999894223876573,2,"{""alpha[1]"": 0.17232368119614405, ""ar[1]"": -1.870529715110672, ""ar[2]"": -0.9978831617603404, ""beta[1]"": 0.8276752610426217, ""ma[1]"": 1.8688900975805043, ""ma[2]"": 0.9966650074156175, ""mu"": 0.11230780483470322, ""nu"": 5.450557473915016, ""omega"": 0.019262384238528482}"
2137,0.082555712837768969,0.51241279178163279,5.4644409113450205,1.0447499925382964,1.5110941068109247,-2725.8827473824199,0.99999941968681028,2,"{""alpha[1]"": 0.17203446194997443, ""ar[1]"": -1.8704660638507111, ""ar[2]"": -0.9978444227614113, ""beta[1]"": 0.8279649577368359, ""ma[1]"": 1.868850964855937, ""ma[2]"": 0.9966636678037382, ""mu"": 0.11170438593646215, ""nu"": 5.4644409113450205, ""omega"": 0.01923322327264638}"
2138,0.14335942545678182,0.44702636231006093,5.4588756950114652,0.90947169677906992,1.3452382389833639,-2726.317592368142,0.99999493615408996,2,"{""alpha[1]"": 0.17188517683431012, ""ar[1]"": -1.8704810359309663, ""ar[2]"": -0.9978394505402525, ""beta[1]"": 0.8281097593197798, ""ma[1]"": 1.8688219736364893, ""ma[2]"": 0.9966101022551892, ""mu"": 0.11163368457489188, ""nu"": 5.458875695011465, ""omega"": 0.019177827482966144}"
2139,0.080085123492061761,0.42522123861499322,5.4568995659702715,0.94671410429624248,1.3717862262421119,-2727.0572035557379,0.99999891416053122,2,"{""alpha[1]"": 0.17188347605315818, ""ar[1]"": -1.8704998693887762, ""ar[2]"": -0.9978265130859472, ""beta[1]"": 0.8281154381073731, ""ma[1]"": 1.868808552763292, ""ma[2]"": 0.9965586254309708, ""mu"": 0.11197776377175842, ""nu"": 5.4568995659702715, ""omega"": 0.019165090878867985}"
2140,0.13575946673849637,0.37757861524394476,5.4545051239923055,0.83177102407984005,1.2323988377484159,-2727.4514706825648,0.99999890383668533,2,"{""alpha[1]"": 0.17206476034966448, ""ar[1]"": -1.870450409526926, ""ar[2]"": -0.9978063728541252, ""beta[1]"": 0.8279341434870209, ""ma[1]"": 1.8687979731894893, ""ma[2]"": 0.9965870097399246, ""mu"": 0.11220250321995555, ""nu"": 5.4545051239923055, ""omega"": 0.019162216870686512}"
2141,0.099161819308992039,0.37196185050585817,5.459821388849285,0.86122918142995808,1.2586989186821287,-2728.2380806512738,0.99999562432161337,2,"{""alpha[1]"": 0.1720211168690996, ""ar[1]"": -1.8704013308605794, ""ar[2]"": -0.9977873803279776, ""beta[1]"": 0.8279745074525138, ""ma[1]"": 1.8687689527966609, ""ma[2]"": 0.9965958435200241, ""mu"": 0.11181100129410089, ""nu"": 5.459821388849285, ""omega"": 0.01913284838847004}"
2142,0.11396284970370957,0.32814594642739514,5.4526575200465484,0.78798469263633231,1.1615223902726302,-2728.5005198566964,0.99999561302491446,2,"{""alpha[1]"": 0.17214956574993648, ""ar[1]"": -1.870394209714974, ""ar[2]"": -0.9977873019811305, ""beta[1]"": 0.827846047274978, ""ma[1]"": 1.86876074844966, ""ma[2]"": 0.9965958466273174, ""mu"": 0.11192205957114439, ""nu"": 5.452657520046548, ""omega"": 0.019113158874318744}"
2143,0.12059957124282694,0.34096924553780367,5.4613678469584128,0.79893379247585183,1.1794379751634578,-2729.4205975075829,0.99999516991191983,2,"{""alpha[1]"": 0.17197622183831957, ""ar[1]"": -1.8703751676960294, ""ar[2]"": -0.9977783193119745, ""beta[1]"": 0.8280189480736002, ""ma[1]"": 1.8687513362137742, ""ma[2]"": 0.9965977351444286, ""mu"": 0.11140385666503111, ""nu"": 5.461367846958413, ""omega"": 0.019073128163273226}"
2144,0.092566219141981237,0.30896432499672344,5.4555185634140866,0.78266413595150253,1.1450379013800684,-2729.741183671048,0.99999720165537509,2,"{""alpha[1]"": 0.17203128619418126, ""ar[1]"": -1.870382077547457, ""ar[2]"": -0.9977860574394924, ""beta[1]"": 0.8279659154611938, ""ma[1]"": 1.8687546764421683, ""ma[2]"": 0.9966003361585215, ""mu"": 0.11155778909303124, ""nu"": 5.455518563414087, ""omega"": 0.019038130343649498}"
2145,0.13572593804948219,0.32075562427222121,5.4643697151386874,0.75617856844855291,1.1251443553793279,-2730.6159722285706,0.99998084187669956,2,"{""alpha[1]"": 0.17215097489562398, ""ar[1]"": -1.8703308033211257, ""ar[2]"": -0.997760485632797, ""beta[1]"": 0.8278298669810755, ""ma[1]"": 1.8687356691694739, ""ma[2]"": 0.9966172691987489, ""mu"": 0.11213006313807909, ""nu"": 5.464369715138687, ""omega"": 0.01907469491276538}"
2146,0.085989259212839064,0.29175070233046801,5.4586191700271351,0.76455373975673036,1.1166018950515384,-2730.9079327832719,0.99998083116387038,2,"{""alpha[1]"": 0.1721690905856786, ""ar[1]"": -1.8703199895739822, ""ar[2]"": -0.9977604837971537, ""beta[1]"": 0.8278117405781917, ""ma[1]"": 1.8687221349163985, ""ma[2]"": 0.9966172700424362, ""mu"": 0.11193875311024232, ""nu"": 5.458619170027135, ""omega"": 0.01903933419089373}"
2147,0.13636607347943125,0.26165310330530395,5.4516444298626396,0.66901877232040263,1.0025977730704958,-2731.0613794143205,0.9999997368201472,2,"{""alpha[1]"": 0.1723504000534703, ""ar[1]"": -1.8703157351051445, ""ar[2]"": -0.9977799417650987, ""beta[1]"": 0.827649336766677, ""ma[1]"": 1.8687365423689026, ""ma[2]"": 0.9966604171309286, ""mu"": 0.11219250483663724, ""nu"": 5.45164442986264, ""omega"": 0.01900493426981172}"
2148,0.092610519325771579,0.2372684571128327,5.4516266285777668,0.67432770619316806,0.99198320221358016,-2731.1784221872454,0.99999671366473297,2,"{""alpha[1]"": 0.172321937000934, ""ar[1]"": -1.8702883274141282, ""ar[2]"": -0.9977698540415229, ""beta[1]"": 0.827674776663799, ""ma[1]"": 1.8687264730371482, ""ma[2]"": 0.9966708493177417, ""mu"": 0.11197270680080566, ""nu"": 5.451626628577767, ""omega"": 0.018897178566298578}"
2149,0.12385047935442151,0.31460202954730476,5.4536604311907162,0.75930199306954316,1.1250207160997756,-2732.9056810171687,0.99999670472301627,2,"{""alpha[1]"": 0.17218308260414789, ""ar[1]"": -1.8702645464134988, ""ar[2]"": -0.9977691245150629, ""beta[1]"": 0.8278136221188683, ""ma[1]"": 1.8687032673101531, ""ma[2]"": 0.9966744194405682, ""mu"": 0.11263395096550864, ""nu"": 5.453660431190716, ""omega"": 0.019058131618119947}"
2150,0.1100969497530993,0.27946302969902426,5.4507725081964375,0.72223477328719654,1.0670035570999983,-2733.0847977819208,0.99998780278728694,2,"{""alpha[1]"": 0.17186686117064445, ""ar[1]"": -1.8702175495888422, ""ar[2]"": -0.9977565432928313, ""beta[1]"": 0.8281209416166425, ""ma[1]"": 1.8687108557073469, ""ma[2]"": 0.9967256226249689, ""mu"": 0.11260651949345997, ""nu"": 5.4507725081964375, ""omega"": 0.0189154787301176}"
2151,0.10752434609152867,0.26677766610659343,5.4501833927747922,0.70568952985800815,1.0425583087113601,-2733.4926702359899,0.99998861602981115,2,"{""alpha[1]"": 0.17189157585857107, ""ar[1]"": -1.8702273078438014, ""ar[2]"": -0.997770016665838, ""beta[1]"": 0.8280970401712401, ""ma[1]"": 1.8687113380616438, ""ma[2]"": 0.9967281757086148, ""mu"": 0.112935731909447, ""nu"": 5.450183392774792, ""omega"": 0.018888165664163396}"
2152,0.13865868032628201,0.23700259231540222,5.4342167407123911,0.62762858283454659,0.94554542473122039,-2733.576279698395,0.99998869770554466,2,"{""alpha[1]"": 0.171864562471009, ""ar[1]"": -1.8707302765869207, ""ar[2]"": -0.9984047286217685, ""beta[1]"": 0.8281241352345357, ""ma[1]"": 1.8694738179658121, ""ma[2]"": 0.9975799500023127, ""mu"": 0.1129948626342277, ""nu"": 5.434216740712391, ""omega"": 0.018790505994181157}"
2153,0.090640116669628235,0.24278774248722162,5.4422889994463066,0.68504725369174968,1.0066142361852635,-2734.1684116175484,0.9999997361969255,2,"{""alpha[1]"": 0.17182569569865394, ""ar[1]"": -1.8705736975652436, ""ar[2]"": -0.9982479302284469, ""beta[1]"": 0.8281740404982716, ""ma[1]"": 1.8692952694798137, ""ma[2]"": 0.9974186270037123, ""mu"": 0.11246169691646561, ""nu"": 5.442288999446307, ""omega"": 0.01876728854007689}"
2154,0.13283106613399909,0.2277449407720501,5.4412602555362959,0.61842899325938372,0.92990022813500461,-2734.3714640017956,0.99999972608507826,2,"{""alpha[1]"": 0.17200965477224092, ""ar[1]"": -1.8705817047878242, ""ar[2]"": -0.9982479480658685, ""beta[1]"": 0.8279900713128373, ""ma[1]"": 1.8693043351133534, ""ma[2]"": 0.997418587471062, ""mu"": 0.1121593792232217, ""nu"": 5.441260255536296, ""omega"": 0.01875653135061133}"
2155,0.098015004419567342,0.25117531538855875,5.443150220597226,0.69096867590916344,1.0180206968808736,-2735.2799194223721,0.99999971623025263,2,"{""alpha[1]"": 0.17177837627917, ""ar[1]"": -1.870556206217724, ""ar[2]"": -0.9982479471878266, ""beta[1]"": 0.8282213399510826, ""ma[1]"": 1.869274506151196, ""ma[2]"": 0.9974185860136294, ""mu"": 0.11156935877001432, ""nu"": 5.443150220597226, ""omega"": 0.0187622452986267}"
2156,0.12459340791308104,0.7490284285359331,5.3930885561060755,1.2367335435509359,1.8037804244694766,-2740.1371291011501,0.99999970573813779,2,"{""alpha[1]"": 0.17251737235905723, ""ar[1]"": -1.8706094578445727, ""ar[2]"": -0.998248718589771, ""beta[1]"": 0.8274823333790806, ""ma[1]"": 1.8693338093559906, ""ma[2]"": 0.9974161630538906, ""mu"": 0.11140989071032525, ""nu"": 5.3930885561060755, ""omega"": 0.01943882968633586}"
2157,0.096253674402453138,0.97650177171497354,5.4184978282429963,1.4587706990398392,2.1048990454734904,-2742.5210650046884,0.9999997292036662,2,"{""alpha[1]"": 0.17393361212472427, ""ar[1]"": -1.8705012117619855, ""ar[2]"": -0.9980436928791719, ""beta[1]"": 0.826066117078942, ""ma[1]"": 1.8690565389145757, ""ma[2]"": 0.9970449229152027, ""mu"": 0.11199885500167815, ""nu"": 5.418497828242996, ""omega"": 0.01969569306256332}"
2158,0.12108059123842738,0.88794038703588007,5.4187005049658152,1.3617586479814525,1.9778812381365001,-2743.5751271074669,0.99999971941971344,2,"{""alpha[1]"": 0.1735828067135106, ""ar[1]"": -1.8705118448230114, ""ar[2]"": -0.9980439001296159, ""beta[1]"": 0.8264169127062029, ""ma[1]"": 1.8690678225047086, ""ma[2]"": 0.9970439990319727, ""mu"": 0.11176754666733288, ""nu"": 5.418700504965815, ""omega"": 0.019618194795132955}"
2159,0.11038628389269872,0.82520008324742089,5.4187140584620979,1.3191062638991971,1.9130624197105046,-2744.6619309236944,0.99999970942274174,2,"{""alpha[1]"": 0.17357806696946165, ""ar[1]"": -1.8705199845438951, ""ar[2]"": -0.9980439016249254, ""beta[1]"": 0.8264216424532801, ""ma[1]"": 1.8690770126276472, ""ma[2]"": 0.99704399027964, ""mu"": 0.1119914022965735, ""nu"": 5.418714058462098, ""omega"": 0.01961814575006343}"
2160,0.10517837287580373,0.705787543213239,5.4111363674915651,1.2166762916219791,1.7663128707335862,-2745.3405548066794,0.99998457263326301,2,"{""alpha[1]"": 0.17297572887326632, ""ar[1]"": -1.8705580697934605, ""ar[2]"": -0.9980504018985792, ""beta[1]"": 0.8270088437599967, ""ma[1]"": 1.8690617149212383, ""ma[2]"": 0.9969894773130792, ""mu"": 0.1118548581751818, ""nu"": 5.411136367491565, ""omega"": 0.019509747413455736}"
2161,0.12590739795531647,0.68200619366575466,5.4153329435600872,1.173578799869774,1.7136942158732262,-2746.4527862035011,0.99999967729605244,2,"{""alpha[1]"": 0.17316978561469457, ""ar[1]"": -1.870532856141104, ""ar[2]"": -0.9980265243993085, ""beta[1]"": 0.8268298916813579, ""ma[1]"": 1.8690365393494148, ""ma[2]"": 0.9969710489346408, ""mu"": 0.11212999359714425, ""nu"": 5.415332943560087, ""omega"": 0.019542042544636363}"
2162,0.091862514506589096,0.60053144682258497,5.4113344495345004,1.1274528492248042,1.634443095440369,-2747.1351145196222,0.99999642187393456,2,"{""alpha[1]"": 0.17269807008895857, ""ar[1]"": -1.8705328852081315, ""ar[2]"": -0.9980121994014425, ""beta[1]"": 0.827298351784976, ""ma[1]"": 1.8690031426780735, ""ma[2]"": 0.9969208496794105, ""mu"": 0.11192420637427945, ""nu"": 5.4113344495345, ""omega"": 0.01941797483625727}"
2163,0.13183570387647658,0.6798339959566102,5.4277460228683374,1.1658501091723863,1.7045694266970579,-2748.8230365057179,0.99999872229932907,2,"{""alpha[1]"": 0.17300576704031556, ""ar[1]"": -1.8704407291401544, ""ar[2]"": -0.9979671532441236, ""beta[1]"": 0.8269929552590135, ""ma[1]"": 1.868965418298088, ""ma[2]"": 0.9969464345292394, ""mu"": 0.11238371582677889, ""nu"": 5.427746022868337, ""omega"": 0.019478133232539847}"
2164,0.089824195335079571,0.5885887295686657,5.417095253977477,1.1174235165866757,1.6191153624815611,-2749.422712345799,0.99999349550019634,2,"{""alpha[1]"": 0.17278990044212064, ""ar[1]"": -1.8704704255485667, ""ar[2]"": -0.997963255091492, ""beta[1]"": 0.8272035950580757, ""ma[1]"": 1.8689398975413456, ""ma[2]"": 0.9968805515580281, ""mu"": 0.1125574838660247, ""nu"": 5.417095253977477, ""omega"": 0.019435879586802134}"
2165,0.13871892588211343,0.50184937164146082,5.4196916528592265,0.97607887414812222,1.4392350448438926,-2749.8646753879602,0.99999351179653262,2,"{""alpha[1]"": 0.17255486033905693, ""ar[1]"": -1.869946905373983, ""ar[2]"": -0.997343037048934, ""beta[1]"": 0.8274386514574757, ""ma[1]"": 1.8682046686110947, ""ma[2]"": 0.9960955088956519, ""mu"": 0.11255244441048905, ""nu"": 5.4196916528592265, ""omega"": 0.01937460628579872}"
2166,0.088078455579638559,0.45845345324670889,5.4178764244283286,0.97739776429082892,1.4201405734897075,-2750.5037972140335,0.99999536682139789,2,"{""alpha[1]"": 0.17259962524280803, ""ar[1]"": -1.8699134075374753, ""ar[2]"": -0.9973298296652785, ""beta[1]"": 0.8273957415785899, ""ma[1]"": 1.8681905438596016, ""ma[2]"": 0.9961079961429122, ""mu"": 0.11233497429924232, ""nu"": 5.417876424428329, ""omega"": 0.019357308879906047}"
2167,0.13336261950374129,0.40047049774044524,5.4108142241147528,0.86233990784041248,1.2763730723950961,-2750.8726285566263,0.99999535536800355,2,"{""alpha[1]"": 0.17273687933654494, ""ar[1]"": -1.8699170654189339, ""ar[2]"": -0.9973299270554681, ""beta[1]"": 0.8272584760314586, ""ma[1]"": 1.8681936939455697, ""ma[2]"": 0.9961077208137977, ""mu"": 0.11226943301573289, ""nu"": 5.410814224114753, ""omega"": 0.01934744565379139}"
2168,0.098135387710176936,0.42954868359756931,5.420376610765989,0.9332491384592525,1.3617218293586648,-2752.0727531010589,0.99999534657885469,2,"{""alpha[1]"": 0.17262317825257664, ""ar[1]"": -1.8699050862084579, ""ar[2]"": -0.9973299180500506, ""beta[1]"": 0.827372168326278, ""ma[1]"": 1.8681825981203066, ""ma[2]"": 0.996108187273655, ""mu"": 0.11179890300198579, ""nu"": 5.420376610765989, ""omega"": 0.019345940985864278}"
2169,0.11779224940814914,0.39735592450887652,5.4180733021110656,0.87415236488305825,1.2863323408948395,-2752.6614545810748,0.99999533700137799,2,"{""alpha[1]"": 0.1725848102185089, ""ar[1]"": -1.8699077180131405, ""ar[2]"": -0.9973298784939999, ""beta[1]"": 0.8274105267828691, ""ma[1]"": 1.8681841912297878, ""ma[2]"": 0.9961085280484365, ""mu"": 0.11149217343360002, ""nu"": 5.418073302111066, ""omega"": 0.01931176285173413}"
2170,0.11457152785726299,0.39420449677723801,5.4264853420484931,0.87357133028579159,1.2838374167290056,-2753.5138745717004,0.99999973685205457,2,"{""alpha[1]"": 0.17245470594292048, ""ar[1]"": -1.869913638970338, ""ar[2]"": -0.9973389701893869, ""beta[1]"": 0.8275450309091341, ""ma[1]"": 1.8682020566803663, ""ma[2]"": 0.9961257404496204, ""mu"": 0.11111084923526564, ""nu"": 5.426485342048493, ""omega"": 0.019249196513919285}"
2171,0.09664605451833852,0.69462070766642792,5.4145133886337682,1.2147847080058616,1.7599080968665657,-2756.7144425167789,0.99999968956844687,2,"{""alpha[1]"": 0.17242443950461364, ""ar[1]"": -1.869958875569464, ""ar[2]"": -0.9973753096702186, ""beta[1]"": 0.8275752500638333, ""ma[1]"": 1.8682560148619847, ""ma[2]"": 0.9961617063381982, ""mu"": 0.11181386925619105, ""nu"": 5.414513388633768, ""omega"": 0.019494721855335136}"
2172,0.13585918116317608,0.64297139987033214,5.425358198297018,1.1261036769936252,1.6501139069961939,-2757.6321275332893,0.99999973675077125,2,"{""alpha[1]"": 0.17212360885872316, ""ar[1]"": -1.8699953329976053, ""ar[2]"": -0.9973957625427018, ""beta[1]"": 0.8278761278920481, ""ma[1]"": 1.8682758268319253, ""ma[2]"": 0.9961594366950149, ""mu"": 0.11164872404497074, ""nu"": 5.425358198297018, ""omega"": 0.019382569759551577}"
2173,0.082372697010819451,0.56526624650584345,5.4165085876100152,1.1007033219226614,1.592378195467288,-2758.2603632404284,0.99999972687310978,2,"{""alpha[1]"": 0.17192128942482318, ""ar[1]"": -1.8700022520656359, ""ar[2]"": -0.9973961660230335, ""beta[1]"": 0.8280784374482866, ""ma[1]"": 1.8682845002405597, ""ma[2]"": 0.9961595674593103, ""mu"": 0.11177993389057278, ""nu"": 5.416508587610015, ""omega"": 0.019350724034528814}"
2174,0.13595185612035032,0.48619599858384788,5.4024025941169365,0.96100118123508116,1.4175101254288798,-2758.7084021759451,0.99995615174687102,2,"{""alpha[1]"": 0.17173006577285763, ""ar[1]"": -1.8705274041125735, ""ar[2]"": -0.9980110629454225, ""beta[1]"": 0.8282260859740134, ""ma[1]"": 1.86902191245234, ""ma[2]"": 0.9969434945137231, ""mu"": 0.11188193419905756, ""nu"": 5.4024025941169365, ""omega"": 0.019284909582168372}"
2175,0.093397926247544838,0.42984118406474814,5.3941493049626992,0.93787873566479329,1.3674019333705763,-2759.1717399643517,0.99998801384638891,2,"{""alpha[1]"": 0.17181356686345858, ""ar[1]"": -1.8705454143359619, ""ar[2]"": -0.9980127458345128, ""beta[1]"": 0.8281744469829303, ""ma[1]"": 1.8690245124445664, ""ma[2]"": 0.9969257004908954, ""mu"": 0.1120695249409395, ""nu"": 5.394149304962699, ""omega"": 0.019281638904937098}"
2176,0.12364890694356601,0.45618743389044147,5.4045822715957765,0.93895180559273617,1.3810706903692656,-2760.3834698300425,0.99998369211680238,2,"{""alpha[1]"": 0.17169554735077813, ""ar[1]"": -1.8705769081681827, ""ar[2]"": -0.9980119320286343, ""beta[1]"": 0.8282881447660242, ""ma[1]"": 1.869023310546495, ""ma[2]"": 0.9968865127221278, ""mu"": 0.11158985637774016, ""nu"": 5.4045822715957765, ""omega"": 0.01926828803056799}"
2177,0.11184135294927433,0.52584164928444155,5.4146535271664753,1.0291964211734823,1.5034859790354442,-2761.9791002393872,0.99998693840760788,2,"{""alpha[1]"": 0.17166827306085491, ""ar[1]"": -1.8705227942231237, ""ar[2]"": -0.9979959975368482, ""beta[1]"": 0.828318665346753, ""ma[1]"": 1.8690149045776343, ""ma[2]"": 0.9969250102014136, ""mu"": 0.11115333022657814, ""nu"": 5.414653527166475, ""omega"": 0.019284954325118644}"
2178,0.099871950815997923,0.48659643073534692,5.4146149164023392,0.9977599173910463,1.4540088659461929,-2762.7063978450833,0.99998692673041056,2,"{""alpha[1]"": 0.17172393029885288, ""ar[1]"": -1.8705207828909978, ""ar[2]"": -0.9979960098928281, ""beta[1]"": 0.8282629964315577, ""ma[1]"": 1.8690134505849851, ""ma[2]"": 0.9969250165128755, ""mu"": 0.11139609764955853, ""nu"": 5.414614916402339, ""omega"": 0.019281920897874786}"
2179,0.13094725187183132,0.51528712572756463,5.4251611685614982,0.99878091417759651,1.4678917031387051,-2763.9845238804742,0.99998691446035703,2,"{""alpha[1]"": 0.1717994757242554, ""ar[1]"": -1.8705170518340049, ""ar[2]"": -0.9979959809116647, ""beta[1]"": 0.8281874387361016, ""ma[1]"": 1.869007698521865, ""ma[2]"": 0.9969250433797737, ""mu"": 0.11183176656125252, ""nu"": 5.425161168561498, ""omega"": 0.019292350027827143}"
2180,0.087492709881741459,0.47624433176261427,5.4251736890231346,0.99859353060244715,1.4495818052692615,-2764.6940562744239,0.99999082551945251,2,"{""alpha[1]"": 0.1717229173860931, ""ar[1]"": -1.8705042525432822, ""ar[2]"": -0.9979873034350641, ""beta[1]"": 0.8282679081333594, ""ma[1]"": 1.868986805239321, ""ma[2]"": 0.9969108076939143, ""mu"": 0.11157651465640546, ""nu"": 5.425173689023135, ""omega"": 0.019251434213975068}"
2181,0.13677425739101412,0.417714129490589,5.417416278515792,0.88025243823268162,1.3028816230342199,-2765.1053708490826,0.99999967986912264,2,"{""alpha[1]"": 0.17158074143007718, ""ar[1]"": -1.870461108722346, ""ar[2]"": -0.9979628652852705, ""beta[1]"": 0.8284189384390455, ""ma[1]"": 1.8689636295847811, ""ma[2]"": 0.9969136044633982, ""mu"": 0.11170356492755953, ""nu"": 5.417416278515792, ""omega"": 0.019191613360076975}"
2182,0.086825969698412664,0.36646013466149385,5.4155207427159393,0.86573384565972789,1.2616463728007485,-2765.4229745869825,0.99999966972542675,2,"{""alpha[1]"": 0.17177511540452967, ""ar[1]"": -1.8704678242046975, ""ar[2]"": -0.9979628660945181, ""beta[1]"": 0.8282245543208971, ""ma[1]"": 1.8689716715260358, ""ma[2]"": 0.9969135744289984, ""mu"": 0.11175950359027625, ""nu"": 5.415520742715939, ""omega"": 0.019183404199738893}"
2183,0.13225911600162177,0.32945152006988154,5.4062248604239418,0.7707794922823562,1.1464488585819728,-2765.7578372125663,0.99999965968090632,2,"{""alpha[1]"": 0.17183375959327438, ""ar[1]"": -1.8704580277355904, ""ar[2]"": -0.9979628041699619, ""beta[1]"": 0.8281659000876319, ""ma[1]"": 1.868960031280874, ""ma[2]"": 0.9969135957979943, ""mu"": 0.11197379931102439, ""nu"": 5.406224860423942, ""omega"": 0.019164426067117424}"
2184,0.094852661561733553,0.37545669843417895,5.4189463842641477,0.86938455817883853,1.2700174528608086,-2767.0894481244977,0.99994491829035437,2,"{""alpha[1]"": 0.17156657910379247, ""ar[1]"": -1.8705154084752014, ""ar[2]"": -0.9979691592386478, ""beta[1]"": 0.8283783391865619, ""ma[1]"": 1.8689641883005594, ""ma[2]"": 0.9968554663229756, ""mu"": 0.1124713059648362, ""nu"": 5.418946384264148, ""omega"": 0.019179807176388067}"
2185,0.12184219876200114,0.33264063248021414,5.4129586771787288,0.78566012640173133,1.1629392399766574,-2767.3729967296676,0.99999807170126265,2,"{""alpha[1]"": 0.17158539921630872, ""ar[1]"": -1.870504884894135, ""ar[2]"": -0.9979513825932051, ""beta[1]"": 0.8284126724849539, ""ma[1]"": 1.8689548107457803, ""ma[2]"": 0.9968401490385382, ""mu"": 0.11249221766621371, ""nu"": 5.412958677178729, ""omega"": 0.019111737867026395}"
2186,0.10270367009963599,0.32083746580442241,5.4231207695330959,0.78870526158647158,1.1589289027819416,-2767.973646486806,0.9999980629016324,2,"{""alpha[1]"": 0.17171572374089786, ""ar[1]"": -1.8701075746784577, ""ar[2]"": -0.9974735736088137, ""beta[1]"": 0.8282823391607346, ""ma[1]"": 1.8683759421894852, ""ma[2]"": 0.9962153003888724, ""mu"": 0.11282382012711036, ""nu"": 5.423120769533096, ""omega"": 0.01912672937590828}"
2187,0.11264887102324539,0.29422292155258895,5.4231478772870307,0.74098746308048802,1.0955223031026828,-2768.3036311175483,0.99999757326432226,2,"{""alpha[1]"": 0.17159974699186423, ""ar[1]"": -1.8701111121447695, ""ar[2]"": -0.9974593817388364, ""beta[1]"": 0.8283978262724581, ""ma[1]"": 1.8683471817232378, ""ma[2]"": 0.9961683109034195, ""mu"": 0.11260606737711694, ""nu"": 5.423147877287031, ""omega"": 0.01904383727079194}"
2188,0.12367619336263358,0.27201830680667405,5.4222994133815083,0.69710522983671119,1.0380226577937051,-2768.6003395971761,0.99999439944428425,2,"{""alpha[1]"": 0.17160228170644423, ""ar[1]"": -1.870106875643109, ""ar[2]"": -0.9974526619017877, ""beta[1]"": 0.82839211773784, ""ma[1]"": 1.8683446135584671, ""ma[2]"": 0.9961620453334288, ""mu"": 0.11234757226734998, ""nu"": 5.422299413381508, ""omega"": 0.01897943735435628}"
2189,0.090835638684822695,0.26423985090970725,5.4263393821418964,0.7181802385503897,1.0540795028940262,-2769.0665938787893,0.99999438736039759,2,"{""alpha[1]"": 0.17176328139199917, ""ar[1]"": -1.870116572544568, ""ar[2]"": -0.997452845272821, ""beta[1]"": 0.8282311059683984, ""ma[1]"": 1.8683584005617857, ""ma[2]"": 0.9961618137454705, ""mu"": 0.11277967518367435, ""nu"": 5.426339382141896, ""omega"": 0.0189825681566664}"
2190,0.14096753034987342,0.2658244354802588,5.4264045934996572,0.67047134712363321,1.0073745058372039,-2769.66849019346,0.99999437733168728,2,"{""alpha[1]"": 0.17176550586018235, ""ar[1]"": -1.8701017654551708, ""ar[2]"": -0.9974528429832603, ""beta[1]"": 0.8282288714715049, ""ma[1]"": 1.8683386333022067, ""ma[2]"": 0.9961618197013699, ""mu"": 0.11325086324111151, ""nu"": 5.426404593499657, ""omega"": 0.018982521184205292}"
2191,0.081454070490926345,0.25765914095205728,5.4270545833960231,0.71743387331356867,1.0491051516418617,-2770.1070045097258,0.99999436551634968,2,"{""alpha[1]"": 0.17190549551093157, ""ar[1]"": -1.8701181669814806, ""ar[2]"": -0.9974528641775389, ""beta[1]"": 0.8280888700054181, ""ma[1]"": 1.8683588978145438, ""ma[2]"": 0.9961617727377747, ""mu"": 0.11368267590593722, ""nu"": 5.427054583396023, ""omega"": 0.018977385885147243}"
2192,0.14872922485765294,0.29886807829273387,5.4451125127040996,0.71193434718620074,1.0686321676568489,-2771.3375346592288,0.99989360190600984,2,"{""alpha[1]"": 0.17164259489203226, ""ar[1]"": -1.8701909150761062, ""ar[2]"": -0.9974676348220308, ""beta[1]"": 0.8282510070139776, ""ma[1]"": 1.8683599539473512, ""ma[2]"": 0.9960888397403344, ""mu"": 0.11293327844216848, ""nu"": 5.4451125127041, ""omega"": 0.019017874717017987}"
2193,0.084495364800422523,0.30420294976275469,5.4494082039176002,0.7838774145819144,1.1436221274953953,-2772.083654144225,0.99989361687989209,2,"{""alpha[1]"": 0.17167275050411968, ""ar[1]"": -1.8701335474329683, ""ar[2]"": -0.9974532824807253, ""beta[1]"": 0.8282208663757724, ""ma[1]"": 1.8683536787665767, ""ma[2]"": 0.9961360590315034, ""mu"": 0.11248150408332652, ""nu"": 5.4494082039176, ""omega"": 0.019017226892515202}"
2194,0.13399461516698685,0.32160640570499394,5.4567272893044176,0.75898012796777636,1.1286579611149827,-2773.0274075326561,0.99997189587678303,2,"{""alpha[1]"": 0.17179001367517036, ""ar[1]"": -1.8701341040818906, ""ar[2]"": -0.9974189887014064, ""beta[1]"": 0.8281818822016127, ""ma[1]"": 1.8683117315721445, ""ma[2]"": 0.996057461109777, ""mu"": 0.11198579517242646, ""nu"": 5.456727289304418, ""omega"": 0.019021219087848096}"
2195,0.10063551643716773,0.31829745293908918,5.462073200473835,0.78781140077110456,1.1554272531682117,-2773.7115310052714,0.99997188189887531,2,"{""alpha[1]"": 0.1718521796489132, ""ar[1]"": -1.8701453205560485, ""ar[2]"": -0.9974190081486153, ""beta[1]"": 0.8281197022499621, ""ma[1]"": 1.8683213390796238, ""ma[2]"": 0.9960567710975974, ""mu"": 0.11239271596942656, ""nu"": 5.462073200473835, ""omega"": 0.019019372148218815}"
2196,0.11128279046886058,0.28757915985149218,5.4581608247132891,0.73315130029642805,1.0826862074228569,-2773.9690881871834,0.99995258483986693,2,"{""alpha[1]"": 0.17156196504945104, ""ar[1]"": -1.8701647153659622, ""ar[2]"": -0.9974212379571198, ""beta[1]"": 0.828390619790416, ""ma[1]"": 1.8683046384820805, ""ma[2]"": 0.996016560405224, ""mu"": 0.11260177821276673, ""nu"": 5.458160824713289, ""omega"": 0.018921709956638732}"
2197,0.12586399490371114,0.26899806769570733,5.4583254950895466,0.69083647684245331,1.0288863497634964,-2774.301869382753,0.99996638520234882,2,"{""alpha[1]"": 0.17154170199720528, ""ar[1]"": -1.8701305152384184, ""ar[2]"": -0.9973994192730978, ""beta[1]"": 0.8284246832051435, ""ma[1]"": 1.8682950417193789, ""ma[2]"": 0.9960277422667629, ""mu"": 0.11286133363263817, ""nu"": 5.458325495089547, ""omega"": 0.01886035365511973}"
2198,0.087729711179653558,0.24897596712623729,5.4574607549077196,0.69797756630721164,1.0232255362508222,-2774.5367900090641,0.99995171571701369,2,"{""alpha[1]"": 0.171448833941872, ""ar[1]"": -1.8701609686463798, ""ar[2]"": -0.9974015040949088, ""beta[1]"": 0.8285028817751416, ""ma[1]"": 1.8682804213078241, ""ma[2]"": 0.9959760713080789, ""mu"": 0.11313023745136096, ""nu"": 5.45746075490772, ""omega"": 0.01879601328376578}"
2199,0.14589431156544411,0.22474471631169357,5.4523713505018918,0.60053804256182408,0.90967825553564374,-2774.5792547688602,0.99998950153291699,2,"{""alpha[1]"": 0.17148345486825847, ""ar[1]"": -1.8701310372728877, ""ar[2]"": -0.9973806094270905, ""beta[1]"": 0.8285060466646585, ""ma[1]"": 1.868274025471773, ""ma[2]"": 0.9959844852985744, ""mu"": 0.11321156218780706, ""nu"": 5.452371350501892, ""omega"": 0.018699633185347484}"
2200,0.076777402903754594,0.20810921775943048,5.4522290252558028,0.6414969351471892,0.93897935780727082,-2774.6566084699643,0.99999822766219237,2,"{""alpha[1]"": 0.1714643035726887, ""ar[1]"": -1.8701139103139393, ""ar[2]"": -0.9973665970047463, ""beta[1]"": 0.8285339240895037, ""ma[1]"": 1.8682409384492593, ""ma[2]"": 0.9959573461815213, ""mu"": 0.1130212752698012, ""nu"": 5.452229025255803, ""omega"": 0.018605400465141187}"
2201,0.14681437787570012,0.20421732876525317,5.4532312712421618,0.56472371673707444,0.85938799068999905,-2774.9429229898014,0.99999821749546725,2,"{""alpha[1]"": 0.1715147037625985, ""ar[1]"": -1.8700613377554434, ""ar[2]"": -0.9973499619804905, ""beta[1]"": 0.8284835137328688, ""ma[1]"": 1.8682247918135277, ""ma[2]"": 0.9959867160910922, ""mu"": 0.11350746820477751, ""nu"": 5.453231271242162, ""omega"": 0.01856525291145028}"
2202,0.086849783712408479,0.2336593004124356,5.4579857449990792,0.67431264066430041,0.98938433930849712,-2775.9185910312053,0.99999820763267389,2,"{""alpha[1]"": 0.17148314213701205, ""ar[1]"": -1.8700054800738255, ""ar[2]"": -0.997336821033935, ""beta[1]"": 0.8285150654956618, ""ma[1]"": 1.868207349078228, ""ma[2]"": 0.9960202652565623, ""mu"": 0.11281565111548712, ""nu"": 5.457985744999079, ""omega"": 0.018630411061240193}"
2203,0.12994401629107838,0.25662442382724376,5.4638747705635993,0.66782414112267108,0.9978628696892069,-2776.824959130437,0.99999708220063843,2,"{""alpha[1]"": 0.17167120951635995, ""ar[1]"": -1.8699709784906333, ""ar[2]"": -0.997327899437751, ""beta[1]"": 0.8283258726842785, ""ma[1]"": 1.8681975041725503, ""ma[2]"": 0.9960388718011075, ""mu"": 0.11343246603443807, ""nu"": 5.463874770563599, ""omega"": 0.018705870426689985}"
2204,0.10742698208558782,0.26132744126487734,5.469573352704483,0.69769299913797322,1.0305926813058008,-2777.4641632467192,0.9999997366097586,2,"{""alpha[1]"": 0.17166263611524762, ""ar[1]"": -1.8699757447007261, ""ar[2]"": -0.9973381369915558, ""beta[1]"": 0.828337100494511, ""ma[1]"": 1.8682027969010022, ""ma[2]"": 0.996045854350037, ""mu"": 0.1129433873087947, ""nu"": 5.469573352704483, ""omega"": 0.018691652105153868}"
2205,0.11237800398923525,1.6058929293021089,5.3327474643936501,1.8788169647258999,2.7132018355685785,-2784.8330683541435,0.99999972581234142,2,"{""alpha[1]"": 0.17293220712946217, ""ar[1]"": -1.8699960292888536, ""ar[2]"": -0.9973387114057565, ""beta[1]"": 0.8270675186828793, ""ma[1]"": 1.8682164235840244, ""ma[2]"": 0.996044556999846, ""mu"": 0.11275163238620065, ""nu"": 5.33274746439365, ""omega"": 0.019765111477134594}"
2206,0.12050414644206692,1.7036717469795177,5.3471303569984689,1.9309378628651954,2.7893333939945308,-2786.8139393311308,0.99999971528191722,2,"{""alpha[1]"": 0.1737792893231054, ""ar[1]"": -1.8699945708222683, ""ar[2]"": -0.9973388862299726, ""beta[1]"": 0.8262204259588118, ""ma[1]"": 1.8682124481754268, ""ma[2]"": 0.9960437905423214, ""mu"": 0.11304435031782141, ""nu"": 5.347130356998469, ""omega"": 0.019878674814518955}"
2207,0.097784927072844252,1.4333502603359403,5.3365100250676107,1.7835267177247394,2.5715692964836605,-2787.8427566155246,0.99999782011979665,2,"{""alpha[1]"": 0.17286562878814482, ""ar[1]"": -1.8699838802944793, ""ar[2]"": -0.9973195318716637, ""beta[1]"": 0.8271321913316518, ""ma[1]"": 1.8681736294614915, ""ma[2]"": 0.9959968391707029, ""mu"": 0.11295408239225645, ""nu"": 5.336510025067611, ""omega"": 0.01973711250721049}"
2208,0.1325025367911809,1.2238530162556163,5.326978388358004,1.6055999697243326,2.3343515102881658,-2788.8312064656702,0.99997300778702947,2,"{""alpha[1]"": 0.1723042452632707, ""ar[1]"": -1.8699363503955586, ""ar[2]"": -0.9972911191174391, ""beta[1]"": 0.8276687625237588, ""ma[1]"": 1.8681567845049805, ""ma[2]"": 0.9960080494542631, ""mu"": 0.11299703233033546, ""nu"": 5.326978388358004, ""omega"": 0.019662669338119804}"
2209,0.091154479298078073,1.146387249432494,5.329761489726911,1.5911245545060331,2.2962733189258535,-2790.1382902231512,0.99999741019448107,2,"{""alpha[1]"": 0.17225821593047647, ""ar[1]"": -1.869928820933218, ""ar[2]"": -0.9972834052090493, ""beta[1]"": 0.8277391942640047, ""ma[1]"": 1.8681275821327663, ""ma[2]"": 0.9959796947616157, ""mu"": 0.11279205585040045, ""nu"": 5.329761489726911, ""omega"": 0.01963496613837882}"
2210,0.13305090893019667,1.0064978145032279,5.3241498903554803,1.4430904843310377,2.1041229279771998,-2791.1192318660951,0.99997476484103953,2,"{""alpha[1]"": 0.1720168194979266, ""ar[1]"": -1.8698869943831253, ""ar[2]"": -0.9972637590814125, ""beta[1]"": 0.827957945343113, ""ma[1]"": 1.8681159482592546, ""ma[2]"": 0.995998257281406, ""mu"": 0.11290608231155154, ""nu"": 5.32414989035548, ""omega"": 0.019599517459701198}"
2211,0.093478734811172082,0.99450760916725989,5.3328340075147782,1.4734895924578049,2.1301019998688382,-2792.5471761682006,0.99997474691337418,2,"{""alpha[1]"": 0.17215479016383028, ""ar[1]"": -1.8698975241405704, ""ar[2]"": -0.9972640153230125, ""beta[1]"": 0.8278199567495439, ""ma[1]"": 1.8681272795473705, ""ma[2]"": 0.9959973398211072, ""mu"": 0.11317208097975481, ""nu"": 5.332834007514778, ""omega"": 0.019605849866393767}"
2212,0.12860730445169877,0.84457078737522528,5.3201334461705532,1.3150877741824933,1.9208172180716336,-2793.2831732022432,0.99997474836989353,2,"{""alpha[1]"": 0.17195882320660963, ""ar[1]"": -1.8698974083757398, ""ar[2]"": -0.9972642168396234, ""beta[1]"": 0.8280159251632839, ""ma[1]"": 1.8681252823131032, ""ma[2]"": 0.9959964854771499, ""mu"": 0.11314863134377681, ""nu"": 5.320133446170553, ""omega"": 0.019588146789878455}"
2213,0.10490870561825738,0.79104157225986083,5.3260267179087535,1.2924342563477924,1.8783681882491923,-2794.3698140961878,0.99997475044596074,2,"{""alpha[1]"": 0.17176797500944632, ""ar[1]"": -1.8699004230020368, ""ar[2]"": -0.9972665080255187, ""beta[1]"": 0.8282067754365144, ""ma[1]"": 1.8681207920922507, ""ma[2]"": 0.9959892721097015, ""mu"": 0.11289361479671942, ""nu"": 5.3260267179087535, ""omega"": 0.019506255024178753}"
2214,0.11248703926567288,0.71553267087770889,5.3206838058739709,1.2163645415713369,1.7738783219788685,-2795.2567244777529,0.9999747276650186,2,"{""alpha[1]"": 0.17198952075260288, ""ar[1]"": -1.8699010870130575, ""ar[2]"": -0.9972668076346353, ""beta[1]"": 0.8279852069124157, ""ma[1]"": 1.868121966033923, ""ma[2]"": 0.9959886935999289, ""mu"": 0.11310738953111281, ""nu"": 5.320683805873971, ""omega"": 0.019567850836566633}"
2215,0.1205661226884911,0.69733537135327739,5.3270643323987255,1.1914291485170945,1.7415177163016484,-2796.4187193407224,0.99999231399875665,2,"{""alpha[1]"": 0.1719905916669324, ""ar[1]"": -1.869899124692143, ""ar[2]"": -0.9972617674744748, ""beta[1]"": 0.8280017223318242, ""ma[1]"": 1.8680988855560772, ""ma[2]"": 0.99596384586163, ""mu"": 0.11339345730482024, ""nu"": 5.3270643323987255, ""omega"": 0.019546451890228887}"
2216,0.097481018473372316,0.78972254085520399,5.3401428006949709,1.2990476612776578,1.8838121376115347,-2798.2153960098003,0.99999230428233332,2,"{""alpha[1]"": 0.1719747077556755, ""ar[1]"": -1.869911628987384, ""ar[2]"": -0.9972618542548229, ""beta[1]"": 0.8280175965266579, ""ma[1]"": 1.868116451165303, ""ma[2]"": 0.9959637078378627, ""mu"": 0.1137107529199404, ""nu"": 5.340142800694971, ""omega"": 0.01954994819979009}"
2217,0.13486338836918943,0.67822711231697741,5.3315575387858321,1.159135350420369,1.7014337310790775,-2798.861738393759,0.99999229530644862,2,"{""alpha[1]"": 0.1719162496799877, ""ar[1]"": -1.8699088447384304, ""ar[2]"": -0.9972618881124343, ""beta[1]"": 0.828076045626461, ""ma[1]"": 1.8681126645437622, ""ma[2]"": 0.9959636760635225, ""mu"": 0.113853788199448, ""nu"": 5.331557538785832, ""omega"": 0.019532843720749163}"
2218,0.090739670113937992,0.58224043448827156,5.3238716609858399,1.1080355905600778,1.6108150515660886,-2799.408397113672,0.99998577464353877,2,"{""alpha[1]"": 0.17201158221884189, ""ar[1]"": -1.8699032709281438, ""ar[2]"": -0.9972591741760565, ""beta[1]"": 0.8279741924246968, ""ma[1]"": 1.8681078117789016, ""ma[2]"": 0.995962756318073, ""mu"": 0.11388666661507593, ""nu"": 5.32387166098584, ""omega"": 0.019537723054523774}"
2219,0.13854716503517217,0.7453341387886514,5.3392154542806711,1.2181438672424547,1.7862799099881546,-2801.6030942831553,0.9999857760006885,2,"{""alpha[1]"": 0.17166592361999844, ""ar[1]"": -1.8699216506065235, ""ar[2]"": -0.99725953558896, ""beta[1]"": 0.8283198523806901, ""ma[1]"": 1.8681284520322965, ""ma[2]"": 0.9959617391678696, ""mu"": 0.11332962948107089, ""nu"": 5.339215454280671, ""omega"": 0.019517146970481968}"
2220,0.090338960395634715,0.64261868890638474,5.3307497248553197,1.1692147638797952,1.6971204554136459,-2802.230428286025,0.99998577532791755,2,"{""alpha[1]"": 0.1713994084630148, ""ar[1]"": -1.8699547105453178, ""ar[2]"": -0.9972704727189864, ""beta[1]"": 0.8285863668649027, ""ma[1]"": 1.868123190556536, ""ma[2]"": 0.9959279436824782, ""mu"": 0.11339911605357286, ""nu"": 5.33074972485532, ""omega"": 0.01944911492638047}"
2221,0.12992484447725372,0.55339507688519818,5.3230262449610892,1.0387606452043876,1.5289618254482353,-2802.7535052447229,0.99998576344715406,2,"{""alpha[1]"": 0.171456394295667, ""ar[1]"": -1.8699551798949576, ""ar[2]"": -0.9972704386354353, ""beta[1]"": 0.828529369151487, ""ma[1]"": 1.8681239097487805, ""ma[2]"": 0.9959278987512064, ""mu"": 0.11346128463759649, ""nu"": 5.323026244961089, ""omega"": 0.019443431770708366}"
2222,0.10752164646542717,0.77426972139770434,5.3342685273811199,1.2751319840156561,1.8544270477488152,-2805.2818591619134,0.99996906659041884,2,"{""alpha[1]"": 0.1709321831785346, ""ar[1]"": -1.869930777046934, ""ar[2]"": -0.9972658751596816, ""beta[1]"": 0.8290368834118843, ""ma[1]"": 1.8681242217454201, ""ma[2]"": 0.9959495735462296, ""mu"": 0.11297721859352028, ""nu"": 5.33426852738112, ""omega"": 0.01940926431072267}"
2223,0.10845972299573103,0.67110138342885572,5.3261266859979646,1.1785985251547353,1.7182824414144715,-2805.9536588852561,0.99996906701946908,2,"{""alpha[1]"": 0.17078786759349932, ""ar[1]"": -1.8699329692345918, ""ar[2]"": -0.9972660735485216, ""beta[1]"": 0.8291811994259698, ""ma[1]"": 1.8681274937760048, ""ma[2]"": 0.9959495313932292, ""mu"": 0.11304428474235594, ""nu"": 5.326126685997965, ""omega"": 0.019390670212591422}"
2224,0.12968851608321463,0.81342561317789919,5.3441953749161861,1.2877449549048838,1.8810226494208062,-2808.0194003281604,0.99996033319098365,2,"{""alpha[1]"": 0.17073808139212315, ""ar[1]"": -1.8699812563041995, ""ar[2]"": -0.9972905790626491, ""beta[1]"": 0.8292222517988604, ""ma[1]"": 1.8681392486689041, ""ma[2]"": 0.9959259235021536, ""mu"": 0.11269558764286539, ""nu"": 5.344195374916186, ""omega"": 0.019377494986156422}"
2225,0.088657912620918378,0.69409063867110798,5.3325112195617095,1.2204087352103257,1.7689694204511821,-2808.6469074641236,0.99996034719084137,2,"{""alpha[1]"": 0.17052132849406693, ""ar[1]"": -1.8699646258363587, ""ar[2]"": -0.99728870579603, ""beta[1]"": 0.8294390186967744, ""ma[1]"": 1.868158289277896, ""ma[2]"": 0.9959641486504994, ""mu"": 0.11261036709398803, ""nu"": 5.3325112195617095, ""omega"": 0.019346032903934208}"
2226,0.13761422222256758,0.96448925476609459,5.3452803437252587,1.4058650078525019,2.0518301930961624,-2811.2845144504363,0.99997905728221759,2,"{""alpha[1]"": 0.17070456146253782, ""ar[1]"": -1.8699314062858954, ""ar[2]"": -0.997285464657607, ""beta[1]"": 0.8292744958196797, ""ma[1]"": 1.8681538675728033, ""ma[2]"": 0.9959992379802105, ""mu"": 0.11317271064342346, ""nu"": 5.345280343725259, ""omega"": 0.019402045069218925}"
2227,0.087291660849308839,0.82061191239606324,5.3345700018469646,1.3361461559323544,1.9325106956064457,-2812.0053168506201,0.99998210766308926,2,"{""alpha[1]"": 0.17032467626682363, ""ar[1]"": -1.8699627514248363, ""ar[2]"": -0.9973039854729432, ""beta[1]"": 0.8296574313962657, ""ma[1]"": 1.8681562520954467, ""ma[2]"": 0.995983247583581, ""mu"": 0.11318220299993258, ""nu"": 5.334570001846965, ""omega"": 0.019341828689730403}"
2228,0.13598877139174498,0.70025932292965676,5.3250946388868066,1.1787078856591167,1.7300382264449139,-2812.637273560777,0.99999895551590456,2,"{""alpha[1]"": 0.17013087141851593, ""ar[1]"": -1.8699562742921247, ""ar[2]"": -0.9973050045675123, ""beta[1]"": 0.8298680840973887, ""ma[1]"": 1.8681638053623753, ""ma[2]"": 0.9959998360161874, ""mu"": 0.11314918887383896, ""nu"": 5.325094638886807, ""omega"": 0.019293498874063193}"
2229,0.099257771021286079,1.1482344425444364,5.3331826946779177,1.5844788056244659,2.2899963748023136,-2815.935620663648,0.99998280384564853,2,"{""alpha[1]"": 0.1701053755181323, ""ar[1]"": -1.8699243008447817, ""ar[2]"": -0.9972952469877858, ""beta[1]"": 0.8298774283275162, ""ma[1]"": 1.868164982721808, ""ma[2]"": 0.9960288878992118, ""mu"": 0.11277763029849278, ""nu"": 5.333182694677918, ""omega"": 0.019366617514647657}"
2230,0.11843912571234849,0.97387871731994624,5.3227573861998012,1.4319130001012699,2.082220557920142,-2816.7457484163792,0.99998281547965284,2,"{""alpha[1]"": 0.16956962976224016, ""ar[1]"": -1.8699239938875083, ""ar[2]"": -0.9972961421633632, ""beta[1]"": 0.8304131857174126, ""ma[1]"": 1.8681635502735467, ""ma[2]"": 0.9960291241593708, ""mu"": 0.11261289110900578, ""nu"": 5.322757386199801, ""omega"": 0.019289211176287877}"
2231,0.11770987454448001,1.014769552092456,5.3290761184860154,1.4650344183494877,2.1285075691386721,-2818.3864446843727,0.99999763255491092,2,"{""alpha[1]"": 0.16973523629040568, ""ar[1]"": -1.8699727831066022, ""ar[2]"": -0.9973385612033677, ""beta[1]"": 0.8302623962645053, ""ma[1]"": 1.8682120137277676, ""ma[2]"": 0.9960610358224248, ""mu"": 0.11242559713622248, ""nu"": 5.329076118486015, ""omega"": 0.019293354547093463}"
2232,0.10040727001493144,1.0165800348905585,5.3404435832341228,1.4840688431231228,2.1475120669340484,-2819.8823685335974,0.99999534796528344,2,"{""alpha[1]"": 0.16974942113789432, ""ar[1]"": -1.869958590407282, ""ar[2]"": -0.9973429517974719, ""beta[1]"": 0.8302459268273891, ""ma[1]"": 1.8682242620030594, ""ma[2]"": 0.9960989575476074, ""mu"": 0.11211121509508319, ""nu"": 5.340443583234123, ""omega"": 0.019281744853395937}"
2233,0.12961311432356881,0.87710197175431204,5.3320599130190525,1.3419375329909136,1.9586145852687915,-2820.6957793848896,0.99999743682824527,2,"{""alpha[1]"": 0.16970284718404816, ""ar[1]"": -1.869970014832802, ""ar[2]"": -0.9973603805981182, ""beta[1]"": 0.8302945896441971, ""ma[1]"": 1.8682420584834751, ""ma[2]"": 0.9961235382355004, ""mu"": 0.1121965322200197, ""nu"": 5.3320599130190525, ""omega"": 0.019273723042249214}"
2234,0.093941612349619064,1.2114645079860298,5.3483168931814831,1.6359971272641758,2.3597787846475118,-2823.4511362157023,0.99999742633806943,2,"{""alpha[1]"": 0.16978468356387233, ""ar[1]"": -1.8699630318922251, ""ar[2]"": -0.9973604336977094, ""beta[1]"": 0.8302127427741971, ""ma[1]"": 1.8682328847188931, ""ma[2]"": 0.9961237505603782, ""mu"": 0.11200043880557742, ""nu"": 5.348316893181483, ""omega"": 0.01929212569253263}"
2235,0.12861684946309851,1.1624629507826636,5.3549410248399489,1.5661718766216217,2.2747800479079552,-2824.858196254072,0.99998713804856465,2,"{""alpha[1]"": 0.16980625565344853, ""ar[1]"": -1.8699416211873081, ""ar[2]"": -0.9973561784361047, ""beta[1]"": 0.8301808823951161, ""ma[1]"": 1.868229705542999, ""ma[2]"": 0.9961422287960952, ""mu"": 0.1122221054460392, ""nu"": 5.354941024839949, ""omega"": 0.01926829337592201}"
2236,0.095277260411397613,1.2922089468321192,5.3654092704602476,1.6919177219869523,2.4383865369328701,-2826.8717410198656,0.99998711273236363,2,"{""alpha[1]"": 0.1703199552265104, ""ar[1]"": -1.8699606512969158, ""ar[2]"": -0.9973586181326106, ""beta[1]"": 0.8296671575058532, ""ma[1]"": 1.868246231757051, ""ma[2]"": 0.9961384072559837, ""mu"": 0.112573672203498, ""nu"": 5.365409270460248, ""omega"": 0.01938173547232845}"
2237,0.12490402194095251,1.2124946840393096,5.370793458471435,1.6064512414344525,2.329212317430323,-2828.2157904850619,0.99998710925436562,2,"{""alpha[1]"": 0.1701050271375764, ""ar[1]"": -1.869954904871047, ""ar[2]"": -0.9973592667632007, ""beta[1]"": 0.8298820821167893, ""ma[1]"": 1.8682388259511706, ""ma[2]"": 0.9961381690463567, ""mu"": 0.11275910844230677, ""nu"": 5.370793458471435, ""omega"": 0.01930331942658344}"
2238,0.10523835704516982,1.0798932730179986,5.3663290241371424,1.5285768963415423,2.2109205471987137,-2829.284244022861,0.99998710168234228,2,"{""alpha[1]"": 0.17002505626312303, ""ar[1]"": -1.8699579810573626, ""ar[2]"": -0.9973594640751394, ""beta[1]"": 0.8299620454192193, ""ma[1]"": 1.8682415770546186, ""ma[2]"": 0.9961379632221213, ""mu"": 0.11292684716506261, ""nu"": 5.366329024137142, ""omega"": 0.019295614467586774}"
2239,0.11383117554060296,0.94848605356745896,5.3613723578448091,1.4172225279803017,2.0569629645144474,-2830.2202384705047,0.9999870930258018,2,"{""alpha[1]"": 0.1699803055462773, ""ar[1]"": -1.8699555991977772, ""ar[2]"": -0.9973596218466985, ""beta[1]"": 0.8300067874795245, ""ma[1]"": 1.8682389743806491, ""ma[2]"": 0.9961379323106538, ""mu"": 0.11308388059681183, ""nu"": 5.361372357844809, ""omega"": 0.019287197724480332}"
2240,0.11968279419033556,0.86174857254274029,5.3650633168604305,1.33978068052066,1.9493847159931226,-2831.2344518004165,0.99998708834848249,2,"{""alpha[1]"": 0.16979306347269935, ""ar[1]"": -1.869963393800861, ""ar[2]"": -0.9973665093941254, ""beta[1]"": 0.8301940248757832, ""ma[1]"": 1.8682441760918627, ""ma[2]"": 0.9961403816836989, ""mu"": 0.11289506454894777, ""nu"": 5.3650633168604305, ""omega"": 0.019207452821469368}"
2241,0.10015838520523568,0.73517668522962953,5.3470408400960512,1.2474430371312191,1.811331928866019,-2831.8956907358597,0.99999808974031368,2,"{""alpha[1]"": 0.17011555261184266, ""ar[1]"": -1.8699697540076998, ""ar[2]"": -0.997377880831024, ""beta[1]"": 0.829882537128471, ""ma[1]"": 1.8682556384346192, ""ma[2]"": 0.9961556281819993, ""mu"": 0.11296831584355681, ""nu"": 5.347040840096051, ""omega"": 0.019306737879473908}"
2242,0.12932481336791024,0.63888842548714098,5.3436480151222714,1.1268557438388864,1.6526685145820919,-2832.549367953161,0.9999965991304981,2,"{""alpha[1]"": 0.17046251886770147, ""ar[1]"": -1.8699662556923466, ""ar[2]"": -0.9973851879551636, ""beta[1]"": 0.8295340802627966, ""ma[1]"": 1.8682718364532862, ""ma[2]"": 0.9961860289008634, ""mu"": 0.11310336627865278, ""nu"": 5.343648015122271, ""omega"": 0.019350654648938807}"
2243,0.095254265376901653,0.54922680770774246,5.3338588793838557,1.0692469761362742,1.5571620230361698,-2833.0606304555031,0.99999658684878878,2,"{""alpha[1]"": 0.17075061102942174, ""ar[1]"": -1.8699645554904074, ""ar[2]"": -0.9973854473331053, ""beta[1]"": 0.829245975819367, ""ma[1]"": 1.8682694679447192, ""ma[2]"": 0.9961861280672826, ""mu"": 0.11314122729012926, ""nu"": 5.333858879383856, ""omega"": 0.019382147425254913}"
2244,0.13039511267253592,0.47481744680233945,5.3293741504403336,0.95226637574561457,1.4060954247782316,-2833.5061401365192,0.99999657069162351,2,"{""alpha[1]"": 0.1715279332235821, ""ar[1]"": -1.8699615676625547, ""ar[2]"": -0.9973857673479681, ""beta[1]"": 0.8284686374680414, ""ma[1]"": 1.8682661976016561, ""ma[2]"": 0.9961867086837523, ""mu"": 0.11326837245491869, ""nu"": 5.329374150440334, ""omega"": 0.019506384132116163}"
2245,0.1002058698122551,0.44390847560982838,5.3287287802931411,0.94661185019976612,1.3854443741784008,-2834.2139725042653,0.99997224267857721,2,"{""alpha[1]"": 0.1717092299403953, ""ar[1]"": -1.869939348882105, ""ar[2]"": -0.9973874168260658, ""beta[1]"": 0.8282630127381819, ""ma[1]"": 1.8682743378705247, ""ma[2]"": 0.9962238212596238, ""mu"": 0.11300583579763138, ""nu"": 5.328728780293141, ""omega"": 0.0195286063113512}"
2246,0.12187832976660284,0.39222972307078113,5.3248205507443043,0.86205172597977364,1.2746833716500892,-2834.6110170273219,0.99996496972098614,2,"{""alpha[1]"": 0.1722893017325922, ""ar[1]"": -1.8699716847048766, ""ar[2]"": -0.9974052422228501, ""beta[1]"": 0.827675667988394, ""ma[1]"": 1.8682779512826262, ""ma[2]"": 0.9962076625422839, ""mu"": 0.11288937648334332, ""nu"": 5.324820550744304, ""omega"": 0.01960345909388203}"
2247,0.10900916485468704,0.39471350299369046,5.3302442706894304,0.87812707090445319,1.29187779672267,-2835.5136124677224,0.99996496126289403,2,"{""alpha[1]"": 0.172271114465875, ""ar[1]"": -1.8699796100907489, ""ar[2]"": -0.997405254418144, ""beta[1]"": 0.8276938467970191, ""ma[1]"": 1.8682865192456242, ""ma[2]"": 0.9962079019656929, ""mu"": 0.1132804651114557, ""nu"": 5.33024427068943, ""omega"": 0.019598795090117457}"
2248,0.11146995777771451,0.34798493528980678,5.3239614959876693,0.81529053461630052,1.20398051261087,-2835.8149026900351,0.9999969409458509,2,"{""alpha[1]"": 0.17284670260786703, ""ar[1]"": -1.8699713648523577, ""ar[2]"": -0.9974050191336337, ""beta[1]"": 0.8271502383379838, ""ma[1]"": 1.8682903717981068, ""ma[2]"": 0.9962220189187929, ""mu"": 0.1134627874000888, ""nu"": 5.323961495987669, ""omega"": 0.019645654897213368}"
2249,0.12722905824557307,0.54903088545763634,5.3189043647950447,1.0367528727915436,1.5251838970211204,-2838.5130032323832,0.99998465573537421,2,"{""alpha[1]"": 0.17098980721595472, ""ar[1]"": -1.8702969462306225, ""ar[2]"": -0.997780198406562, ""beta[1]"": 0.8289948485194195, ""ma[1]"": 1.868745892582465, ""ma[2]"": 0.9966971670829916, ""mu"": 0.11272330037515839, ""nu"": 5.318904364795045, ""omega"": 0.019483138801845254}"
2250,0.095206690987535536,0.48774647754311024,5.3144789897046198,1.0018025827701869,1.4623360640813992,-2839.0742839974896,0.99999973641897599,2,"{""alpha[1]"": 0.17103896403169117, ""ar[1]"": -1.870288737679463, ""ar[2]"": -0.9977734858063517, ""beta[1]"": 0.8289607723872848, ""ma[1]"": 1.8687322683363252, ""ma[2]"": 0.9966862416682082, ""mu"": 0.1125137806276845, ""nu"": 5.31447898970462, ""omega"": 0.019469684551807618}"
2251,0.13170575970921505,0.44662117903875903,5.3123097051826456,0.91799588044742086,1.358765814718504,-2839.6989211646242,0.99998855091562799,2,"{""alpha[1]"": 0.17100277214421666, ""ar[1]"": -1.8703251350519048, ""ar[2]"": -0.9978051748523322, ""beta[1]"": 0.8289857787714113, ""ma[1]"": 1.8687780815138535, ""ma[2]"": 0.996722773738845, ""mu"": 0.11223187815443303, ""nu"": 5.312309705182646, ""omega"": 0.01944946908596013}"
2252,0.097404701548749362,0.64865112821831772,5.3206060131770609,1.1678172700146396,1.6986396900925502,-2842.2505825040316,0.99995320699284662,2,"{""alpha[1]"": 0.1706821761019317, ""ar[1]"": -1.8702771341580589, ""ar[2]"": -0.9977890471481471, ""beta[1]"": 0.8292710308909149, ""ma[1]"": 1.8687526391947369, ""ma[2]"": 0.9967380845269999, ""mu"": 0.11192555433724591, ""nu"": 5.320606013177061, ""omega"": 0.019501469661630556}"
2253,0.12124377559831655,0.63092921774321209,5.3251022991774875,1.1266754865533883,1.6500016990406292,-2843.3415775697435,0.99996933567732627,2,"{""alpha[1]"": 0.17075046924324294, ""ar[1]"": -1.8702533348359527, ""ar[2]"": -0.9977810882692058, ""beta[1]"": 0.8292188664340833, ""ma[1]"": 1.868737324854362, ""ma[2]"": 0.9967426620137684, ""mu"": 0.11223414758102478, ""nu"": 5.3251022991774875, ""omega"": 0.019491089913305917}"
2254,0.10641821601961032,0.64808901068585845,5.3375661258463829,1.158638679945311,1.6884888708043302,-2844.6548079745917,0.9998468500837483,2,"{""alpha[1]"": 0.17080434440051578, ""ar[1]"": -1.870286910773554, ""ar[2]"": -0.9977854348356838, ""beta[1]"": 0.8290425056832325, ""ma[1]"": 1.8687370840276036, ""ma[2]"": 0.9967067417598928, ""mu"": 0.11260262526008623, ""nu"": 5.337566125846383, ""omega"": 0.01953937568749316}"
2255,0.1122800280258982,0.60228517159065986,5.33754434098147,1.1072532258094534,1.6180376323385872,-2845.5369774874798,0.99984683934132168,2,"{""alpha[1]"": 0.17080645111838735, ""ar[1]"": -1.8702796650361, ""ar[2]"": -0.9977854315738556, ""beta[1]"": 0.8290403882229344, ""ma[1]"": 1.8687290704088324, ""ma[2]"": 0.9967067493955271, ""mu"": 0.11284931901379233, ""nu"": 5.33754434098147, ""omega"": 0.019539002774454643}"
2256,0.11889876639111652,0.53898820775105472,5.3313635664746055,1.0346458821822246,1.5180911493710831,-2846.1951643227394,0.9999511824918641,2,"{""alpha[1]"": 0.17074559328297903, ""ar[1]"": -1.8702580143738765, ""ar[2]"": -0.9977708798655792, ""beta[1]"": 0.8292055892088851, ""ma[1]"": 1.8687278508631588, ""ma[2]"": 0.996716144920203, ""mu"": 0.11304070231746889, ""nu"": 5.3313635664746055, ""omega"": 0.01946182252274325}"
2257,0.10223635398190745,0.47550241930064024,5.3250685377353593,0.98112233592064391,1.4354401286747298,-2846.7105393315042,0.99995117233687014,2,"{""alpha[1]"": 0.17074662587291248, ""ar[1]"": -1.8702566097703932, ""ar[2]"": -0.9977708627860183, ""beta[1]"": 0.8292045464639577, ""ma[1]"": 1.8687261800060826, ""ma[2]"": 0.9967161647362295, ""mu"": 0.11322788649848363, ""nu"": 5.325068537735359, ""omega"": 0.019446341631170438}"
2258,0.1277968131800874,0.41559401581705691,5.3215322743545359,0.88495494188296997,1.3098141364116662,-2847.09396341402,0.99984399941178359,2,"{""alpha[1]"": 0.17067250078210786, ""ar[1]"": -1.870254133305921, ""ar[2]"": -0.9977692184415917, ""beta[1]"": 0.8291714986296758, ""ma[1]"": 1.8687256180742875, ""ma[2]"": 0.9967167889448615, ""mu"": 0.11319799594949065, ""nu"": 5.321532274354536, ""omega"": 0.01943649163830921}"
2259,0.098026901742633177,0.4038723410533086,5.3217451686951431,0.9003443747846358,1.3191618405358159,-2847.879718026657,0.99996346533313119,2,"{""alpha[1]"": 0.17080560330202876, ""ar[1]"": -1.870226698673461, ""ar[2]"": -0.9977529541406849, ""beta[1]"": 0.8291578620311024, ""ma[1]"": 1.8687025580304752, ""ma[2]"": 0.9967093318572393, ""mu"": 0.11288076458145561, ""nu"": 5.321745168695143, ""omega"": 0.019400462282795707}"
2260,0.12752359677500569,0.36225066749323631,5.3204650614888056,0.81798315304214098,1.2146750529879633,-2848.2682175619839,0.99996344094106981,2,"{""alpha[1]"": 0.17097505458893908, ""ar[1]"": -1.8702312999854813, ""ar[2]"": -0.9977529595123898, ""beta[1]"": 0.8289883863521307, ""ma[1]"": 1.868708193794875, ""ma[2]"": 0.9967093112131391, ""mu"": 0.11267315232170629, ""nu"": 5.320465061488806, ""omega"": 0.01939304041802711}"
