Date,Close,AdjustedClose
2017-01-03,108.16999816894531,81.69380187988281
2017-01-04,108.19999694824219,81.71646118164062
2017-01-05,108.6500015258789,82.05633544921875
2017-01-06,108.29000091552734,81.784423828125
2017-01-09,108.47000122070312,81.92041015625
2017-01-10,108.44000244140625,81.8977279663086
2017-01-11,108.56999969482422,81.99594116210938
2017-01-12,108.61000061035156,82.02608489990234
2017-01-13,108.41999816894531,81.88263702392578
2017-01-17,108.79000091552734,82.16202545166016
2017-01-18,108.31999969482422,81.80709838867188
2017-01-19,108.04000091552734,81.59565734863281
2017-01-20,108.08000183105469,81.6258773803711
2017-01-23,108.37999725341797,81.85238647460938
2017-01-24,108.20999908447266,81.72398376464844
2017-01-25,107.91999816894531,81.5050048828125
2017-01-26,107.98999786376953,81.55787658691406
2017-01-27,108.08000183105469,81.6258773803711
2017-01-30,108.02999877929688,81.58808135986328
2017-01-31,108.29000091552734,81.784423828125
2017-02-01,107.91999816894531,81.6694107055664
2017-02-02,107.9800033569336,81.71478271484375
2017-02-03,108.01000213623047,81.73751068115234
2017-02-06,108.31999969482422,81.97212219238281
2017-02-07,108.43000030517578,82.05538177490234
2017-02-08,108.73999786376953,82.2899398803711
2017-02-09,108.4800033569336,82.09322357177734
2017-02-10,108.45999908447266,82.07808685302734
2017-02-13,108.30000305175781,81.95700073242188
2017-02-14,108.05999755859375,81.77533721923828
2017-02-15,107.88999938964844,81.64668273925781
2017-02-16,108.12000274658203,81.82074737548828
2017-02-17,108.36000061035156,82.00243377685547
2017-02-21,108.3499984741211,81.99481964111328
2017-02-22,108.41999816894531,82.04781341552734
2017-02-23,108.5999984741211,82.18402099609375
2017-02-24,109.0,82.48674011230469
2017-02-27,108.80000305175781,82.33539581298828
2017-02-28,108.7699966430664,82.31262969970703
2017-03-01,108.04000091552734,81.92594909667969
2017-03-02,107.83999633789062,81.77423858642578
2017-03-03,107.91999816894531,81.83493041992188
2017-03-06,107.87000274658203,81.79698944091797
2017-03-07,107.7300033569336,81.69087219238281
2017-03-08,107.47000122070312,81.49369812011719
2017-03-09,107.13999938964844,81.24346923828125
2017-03-10,107.30000305175781,81.36480712890625
2017-03-13,107.12000274658203,81.22830963134766
2017-03-14,107.16000366210938,81.25862121582031
2017-03-15,107.77999877929688,81.72872161865234
2017-03-16,107.66000366210938,81.63780212402344
2017-03-17,107.88999938964844,81.8121566772461
2017-03-20,108.05000305175781,81.93347930908203
2017-03-21,108.2699966430664,82.10030364990234
2017-03-22,108.41999816894531,82.21410369873047
2017-03-23,108.44999694824219,82.23684692382812
2017-03-24,108.36000061035156,82.16863250732422
2017-03-27,108.62000274658203,82.36576080322266
2017-03-28,108.37000274658203,82.17620086669922
2017-03-29,108.61000061035156,82.35812377929688
2017-03-30,108.41000366210938,82.20653533935547
2017-03-31,108.48999786376953,82.26712036132812
2017-04-03,108.66999816894531,82.57255554199219
2017-04-04,108.56999969482422,82.49665069580078
2017-04-05,108.69000244140625,82.58782958984375
2017-04-06,108.68000030517578,82.5802001953125
2017-04-07,108.44000244140625,82.39786529541016
2017-04-10,108.58000183105469,82.50422668457031
2017-04-11,108.88999938964844,82.73979187011719
2017-04-12,109.12999725341797,82.92213439941406
2017-04-13,109.2699966430664,83.02851867675781
2017-04-17,109.20999908447266,82.98296356201172
2017-04-18,109.6500015258789,83.31721496582031
2017-04-19,109.4800033569336,83.18807983398438
2017-04-20,109.30999755859375,83.05892181396484
2017-04-21,109.33999633789062,83.08172607421875
2017-04-24,109.18000030517578,82.96013641357422
2017-04-25,108.81999969482422,82.68659973144531
2017-04-26,108.95999908447266,82.79297637939453
2017-04-27,109.05999755859375,82.86894989013672
2017-04-28,109.25,83.01334381103516
2017-05-01,108.7300033569336,82.7993392944336
2017-05-02,108.87999725341797,82.91355895996094
2017-05-03,108.7699966430664,82.8298110961914
2017-05-04,108.68000030517578,82.7612533569336
2017-05-05,108.69999694824219,82.77654266357422
2017-05-08,108.48999786376953,82.6165771484375
2017-05-09,108.5,82.62420654296875
2017-05-10,108.52999877929688,82.64704132080078
2017-05-11,108.5199966430664,82.639404296875
2017-05-12,108.91999816894531,82.9440689086914
2017-05-15,108.87999725341797,82.91355895996094
2017-05-16,109.0199966430664,83.0201644897461
2017-05-17,109.58000183105469,83.44666290283203
2017-05-18,109.5199966430664,83.4009017944336
2017-05-19,109.5199966430664,83.4009017944336
2017-05-22,109.44999694824219,83.3476333618164
2017-05-23,109.23999786376953,83.18770599365234
2017-05-24,109.43000030517578,83.33243560791016
2017-05-25,109.4800033569336,83.37051391601562
2017-05-26,109.44000244140625,83.34003448486328
2017-05-30,109.6500015258789,83.4999008178711
2017-05-31,109.76000213623047,83.58367919921875
2017-06-01,109.4800033569336,83.54554748535156
2017-06-02,109.83999633789062,83.82029724121094
2017-06-05,109.66999816894531,83.69049835205078
2017-06-06,109.88999938964844,83.85844421386719
2017-06-07,109.76000213623047,83.75921630859375
2017-06-08,109.6500015258789,83.67522430419922
2017-06-09,109.55999755859375,83.60660552978516
2017-06-12,109.55999755859375,83.60660552978516
2017-06-13,109.58999633789062,83.62947845458984
2017-06-14,109.94000244140625,83.89659881591797
2017-06-15,109.87000274658203,83.84318542480469
2017-06-16,109.94000244140625,83.89659881591797
2017-06-19,109.79000091552734,83.78214263916016
2017-06-20,109.95999908447266,83.91184997558594
2017-06-21,109.9800033569336,83.92711639404297
2017-06-22,110.02999877929688,83.9652328491211
2017-06-23,110.05000305175781,83.98051452636719
2017-06-26,110.1500015258789,84.0567855834961
2017-06-27,109.81999969482422,83.80500030517578
2017-06-28,109.86000061035156,83.83552551269531
2017-06-29,109.6500015258789,83.67522430419922
2017-06-30,109.51000213623047,83.56841278076172
2017-07-03,109.08999633789062,83.4193344116211
2017-07-05,109.1500015258789,83.46521759033203
2017-07-06,108.94000244140625,83.30461883544922
2017-07-07,108.9000015258789,83.27406311035156
2017-07-10,108.94999694824219,83.31227111816406
2017-07-11,109.05000305175781,83.3887710571289
2017-07-12,109.37999725341797,83.64106750488281
2017-07-13,109.26000213623047,83.54932403564453
2017-07-14,109.37000274658203,83.6334457397461
2017-07-17,109.41999816894531,83.67170715332031
2017-07-18,109.66999816894531,83.86280822753906
2017-07-19,109.69999694824219,83.88579559326172
2017-07-20,109.7300033569336,83.90872192382812
2017-07-21,109.91999816894531,84.05403900146484
2017-07-24,109.81999969482422,83.97754669189453
2017-07-25,109.43000030517578,83.67930603027344
2017-07-26,109.63999938964844,83.8399658203125
2017-07-27,109.4800033569336,83.71755981445312
2017-07-28,109.69999694824219,83.88579559326172
2017-07-31,109.6500015258789,83.84750366210938
2017-08-01,109.72000122070312,84.07746124267578
2017-08-02,109.63999938964844,84.01615142822266
2017-08-03,109.86000061035156,84.18474578857422
2017-08-04,109.68000030517578,84.04683685302734
2017-08-07,109.66999816894531,84.03914642333984
2017-08-08,109.56999969482422,83.96249389648438
2017-08-09,109.66999816894531,84.03914642333984
2017-08-10,109.77999877929688,84.12340545654297
2017-08-11,109.87000274658203,84.1923828125
2017-08-14,109.81999969482422,84.15406799316406
2017-08-15,109.66000366210938,84.031494140625
2017-08-16,109.86000061035156,84.18474578857422
2017-08-17,110.0199966430664,84.30731201171875
2017-08-18,109.94999694824219,84.25369262695312
2017-08-21,110.02999877929688,84.31500244140625
2017-08-22,109.93000030517578,84.23837280273438
2017-08-23,110.18000030517578,84.42993927001953
2017-08-24,110.04000091552734,84.32264709472656
2017-08-25,110.12000274658203,84.3839340209961
2017-08-28,110.16000366210938,84.41461944580078
2017-08-29,110.31999969482422,84.53720092773438
2017-08-30,110.30000305175781,84.52188110351562
2017-08-31,110.44999694824219,84.6368408203125
2017-09-01,109.97000122070312,84.44487762451172
2017-09-05,110.41999816894531,84.7904052734375
2017-09-06,110.30000305175781,84.6982421875
2017-09-07,110.56999969482422,84.90558624267578
2017-09-08,110.44000244140625,84.80577087402344
2017-09-11,110.13999938964844,84.57540893554688
2017-09-12,109.9800033569336,84.45252227783203
2017-09-13,109.87000274658203,84.36808776855469
2017-09-14,109.93000030517578,84.4141845703125
2017-09-15,109.91000366210938,84.3988265991211
2017-09-18,109.86000061035156,84.36042785644531
2017-09-19,109.80000305175781,84.31434631347656
2017-09-20,109.70999908447266,84.2452163696289
2017-09-21,109.69000244140625,84.22982788085938
2017-09-22,109.7699966430664,84.29126739501953
2017-09-25,110.02999877929688,84.49095916748047
2017-09-26,109.98999786376953,84.46018981933594
2017-09-27,109.66999816894531,84.21446228027344
2017-09-28,109.68000030517578,84.22222137451172
2017-09-29,109.58999633789062,84.15308380126953
2017-10-02,109.43000030517578,84.20462799072266
2017-10-03,109.5199966430664,84.27385711669922
2017-10-04,109.48999786376953,84.25078582763672
2017-10-05,109.44000244140625,84.21233367919922
2017-10-06,109.27999877929688,84.08920288085938
2017-10-09,109.43000030517578,84.20462799072266
2017-10-10,109.44000244140625,84.21233367919922
2017-10-11,109.45999908447266,84.22767639160156
2017-10-12,109.58999633789062,84.32772827148438
2017-10-13,109.86000061035156,84.5355224609375
2017-10-16,109.75,84.45086669921875
2017-10-17,109.70999908447266,84.4200668334961
2017-10-18,109.54000091552734,84.28926849365234
2017-10-19,109.62000274658203,84.350830078125
2017-10-20,109.30000305175781,84.1046142578125
2017-10-23,109.41999816894531,84.19691467285156
2017-10-24,109.19000244140625,84.01994323730469
2017-10-25,109.12000274658203,83.9660873413086
2017-10-26,109.0,83.87374114990234
2017-10-27,109.23999786376953,84.05841827392578
2017-10-30,109.54000091552734,84.28926849365234
2017-10-31,109.47000122070312,84.23540496826172
2017-11-01,109.29000091552734,84.27237701416016
2017-11-02,109.3499984741211,84.31864929199219
2017-11-03,109.44999694824219,84.39576721191406
2017-11-06,109.55000305175781,84.47289276123047
2017-11-07,109.58000183105469,84.49602508544922
2017-11-08,109.51000213623047,84.44207763671875
2017-11-09,109.43000030517578,84.38037872314453
2017-11-10,108.98999786376953,84.04110717773438
2017-11-13,108.98999786376953,84.04110717773438
2017-11-14,109.0999984741211,84.12588500976562
2017-11-15,109.30999755859375,84.28783416748047
2017-11-16,109.19000244140625,84.19530487060547
2017-11-17,109.30999755859375,84.28783416748047
2017-11-20,109.25,84.2415771484375
2017-11-21,109.36000061035156,84.32637786865234
2017-11-22,109.55000305175781,84.47289276123047
2017-11-24,109.52999877929688,84.45748138427734
2017-11-27,109.52999877929688,84.45748138427734
2017-11-28,109.52999877929688,84.45748138427734
2017-11-29,109.26000213623047,84.24932098388672
2017-11-30,109.08000183105469,84.11050415039062
2017-12-01,109.16000366210938,84.35083770751953
2017-12-04,109.1500015258789,84.34307098388672
2017-12-05,109.26000213623047,84.42807006835938
2017-12-06,109.37000274658203,84.51307678222656
2017-12-07,109.2300033569336,84.4048843383789
2017-12-08,109.19000244140625,84.37400817871094
2017-12-11,109.1500015258789,84.34307098388672
2017-12-12,109.0999984741211,84.3044662475586
2017-12-13,109.41000366210938,84.54402923583984
2017-12-14,109.44000244140625,84.56716918945312
2017-12-15,109.47000122070312,84.59036254882812
2017-12-18,109.33000183105469,84.48217010498047
2017-12-19,109.01000213623047,84.2348861694336
2017-12-20,108.76000213623047,84.04170989990234
2017-12-21,108.81999969482422,84.11592864990234
2017-12-22,108.87000274658203,84.15457153320312
2017-12-26,108.95999908447266,84.22415161132812
2017-12-27,109.30000305175781,84.48697662353516
2017-12-28,109.22000122070312,84.42507934570312
2017-12-29,109.33000183105469,84.51011657714844
2018-01-02,109.16999816894531,84.38645935058594
2018-01-03,109.18000030517578,84.39419555664062
2018-01-04,109.11000061035156,84.34007263183594
2018-01-05,109.04000091552734,84.28601837158203
2018-01-08,109.01000213623047,84.26277923583984
2018-01-09,108.70999908447266,84.0308837890625
2018-01-10,108.70999908447266,84.0308837890625
2018-01-11,108.76000213623047,84.06953430175781
2018-01-12,108.73999786376953,84.05406188964844
2018-01-16,108.7699966430664,84.07725524902344
2018-01-17,108.6500015258789,83.98452758789062
2018-01-18,108.41000366210938,83.79898834228516
2018-01-19,108.18000030517578,83.62120056152344
2018-01-22,108.13999938964844,83.59028625488281
2018-01-23,108.4000015258789,83.79125213623047
2018-01-24,108.29000091552734,83.70622253417969
2018-01-25,108.56999969482422,83.92269897460938
2018-01-26,108.37000274658203,83.76805877685547
2018-01-29,108.18000030517578,83.62120056152344
2018-01-30,108.01000213623047,83.48980712890625
2018-01-31,108.0999984741211,83.5593490600586
2018-02-01,107.5199966430664,83.29754638671875
2018-02-02,107.19999694824219,83.04959869384766
2018-02-05,107.62999725341797,83.38273620605469
2018-02-06,107.31999969482422,83.14258575439453
2018-02-07,107.08000183105469,82.95663452148438
2018-02-08,106.9000015258789,82.81718444824219
2018-02-09,106.76000213623047,82.70874786376953
2018-02-12,106.79000091552734,82.73200988769531
2018-02-13,106.81999969482422,82.75520324707031
2018-02-14,106.45999908447266,82.476318359375
2018-02-15,106.58999633789062,82.5770034790039
2018-02-16,106.80000305175781,82.73970794677734
2018-02-20,106.69000244140625,82.65452575683594
2018-02-21,106.3499984741211,82.39112854003906
2018-02-22,106.36000061035156,82.39881896972656
2018-02-23,106.62999725341797,82.60801696777344
2018-02-26,106.70999908447266,82.66998291015625
2018-02-27,106.4800033569336,82.49180603027344
2018-02-28,106.7699966430664,82.7164535522461
2018-03-01,106.62999725341797,82.79023742675781
2018-03-02,106.45999908447266,82.65824890136719
2018-03-05,106.4000015258789,82.61165618896484
2018-03-06,106.41999816894531,82.62715911865234
2018-03-07,106.4000015258789,82.61165618896484
2018-03-08,106.56999969482422,82.7436752319336
2018-03-09,106.37000274658203,82.58839416503906
2018-03-12,106.43000030517578,82.6349868774414
2018-03-13,106.56999969482422,82.7436752319336
2018-03-14,106.75,82.88343811035156
2018-03-15,106.76000213623047,82.89119720458984
2018-03-16,106.69999694824219,82.84458923339844
2018-03-19,106.58999633789062,82.7591552734375
2018-03-20,106.41999816894531,82.62715911865234
2018-03-21,106.41000366210938,82.6194076538086
2018-03-22,106.61000061035156,82.77469635009766
2018-03-23,106.61000061035156,82.77469635009766
2018-03-26,106.56999969482422,82.7436752319336
2018-03-27,106.87999725341797,82.9843521118164
2018-03-28,106.94000244140625,83.03093719482422
2018-03-29,107.25,83.27162170410156
2018-04-02,106.9000015258789,83.18836212158203
2018-04-03,106.77999877929688,83.094970703125
2018-04-04,106.81999969482422,83.12611389160156
2018-04-05,106.66999816894531,83.00940704345703
2018-04-06,106.91000366210938,83.19610595703125
2018-04-09,107.0,83.26619720458984
2018-04-10,106.91999816894531,83.20392608642578
2018-04-11,107.01000213623047,83.27394104003906
2018-04-12,106.7699966430664,83.08720397949219
2018-04-13,106.80000305175781,83.11053466796875
2018-04-16,106.81999969482422,83.12611389160156
2018-04-17,106.8499984741211,83.14947509765625
2018-04-18,106.55000305175781,82.91600799560547
2018-04-19,106.29000091552734,82.71369171142578
2018-04-20,106.0,82.48795318603516
2018-04-23,105.94999694824219,82.44908142089844
2018-04-24,105.80999755859375,82.34014892578125
2018-04-25,105.66999816894531,82.23115539550781
2018-04-26,105.8499984741211,82.37123107910156
2018-04-27,105.9800033569336,82.47242736816406
2018-04-30,106.0,82.48795318603516
2018-05-01,105.66999816894531,82.41781616210938
2018-05-02,105.66999816894531,82.41781616210938
2018-05-03,105.79000091552734,82.51139068603516
2018-05-04,105.86000061035156,82.56598663330078
2018-05-07,105.80999755859375,82.52696228027344
2018-05-08,105.69000244140625,82.43339538574219
2018-05-09,105.56999969482422,82.33978271484375
2018-05-10,105.80999755859375,82.52696228027344
2018-05-11,105.86000061035156,82.56598663330078
2018-05-14,105.76000213623047,82.48794555664062
2018-05-15,105.29000091552734,82.12142181396484
2018-05-16,105.16999816894531,82.02778625488281
2018-05-17,105.02999877929688,81.91862487792969
2018-05-18,105.30000305175781,82.12920379638672
2018-05-21,105.30999755859375,82.13700103759766
2018-05-22,105.30999755859375,82.13700103759766
2018-05-23,105.5999984741211,82.36323547363281
2018-05-24,105.88999938964844,82.5893783569336
2018-05-25,106.12000274658203,82.76878356933594
2018-05-29,106.81999969482422,83.31474304199219
2018-05-30,106.55000305175781,83.10416412353516
2018-05-31,106.45999908447266,83.03394317626953
2018-06-01,106.08000183105469,82.93154907226562
2018-06-04,105.83000183105469,82.73607635498047
2018-06-05,105.91000366210938,82.79864501953125
2018-06-06,105.66999816894531,82.61103820800781
2018-06-07,105.9000015258789,82.79085540771484
2018-06-08,105.75,82.6735610961914
2018-06-11,105.63999938964844,82.58753967285156
2018-06-12,105.66999816894531,82.61103820800781
2018-06-13,105.56999969482422,82.5328140258789
2018-06-14,105.83999633789062,82.74394226074219
2018-06-15,105.87999725341797,82.7751693725586
2018-06-18,105.9000015258789,82.79085540771484
2018-06-19,106.01000213623047,82.87683868408203
2018-06-20,105.80999755859375,82.7204360961914
2018-06-21,105.83999633789062,82.74394226074219
2018-06-22,105.94000244140625,82.82210540771484
2018-06-25,105.87999725341797,82.7751693725586
2018-06-26,106.05000305175781,82.90811157226562
2018-06-27,106.23999786376953,83.05663299560547
2018-06-28,106.2300033569336,83.04878234863281
2018-06-29,106.31999969482422,83.11917114257812
2018-07-02,105.98999786376953,83.04005432128906
2018-07-03,106.20999908447266,83.21243286132812
2018-07-05,106.30999755859375,83.2907485961914
2018-07-06,106.41999816894531,83.37696075439453
2018-07-09,106.31999969482422,83.2986068725586
2018-07-10,106.23999786376953,83.23589324951172
2018-07-11,106.27999877929688,83.26724243164062
2018-07-12,106.41000366210938,83.36908721923828
2018-07-13,106.51000213623047,83.44745635986328
2018-07-16,106.38999938964844,83.35343170166016
2018-07-17,106.3499984741211,83.32211303710938
2018-07-18,106.31999969482422,83.2986068725586
2018-07-19,106.4800033569336,83.42390441894531
2018-07-20,106.2699966430664,83.25941467285156
2018-07-23,105.9000015258789,82.96956634521484
2018-07-24,106.05000305175781,83.08706665039062
2018-07-25,106.05999755859375,83.09490966796875
2018-07-26,106.0,83.04789733886719
2018-07-27,106.08000183105469,83.11054229736328
2018-07-30,105.97000122070312,83.02440643310547
2018-07-31,106.05999755859375,83.09490966796875
2018-08-01,105.69999694824219,83.00930786132812
2018-08-02,105.73999786376953,83.04068756103516
2018-08-03,105.97000122070312,83.22132873535156
2018-08-06,106.04000091552734,83.27629089355469
2018-08-07,105.8499984741211,83.12706756591797
2018-08-08,105.8499984741211,83.12706756591797
2018-08-09,106.0,83.24490356445312
2018-08-10,106.2300033569336,83.42552947998047
2018-08-13,106.29000091552734,83.47264099121094
2018-08-14,106.19000244140625,83.39411163330078
2018-08-15,106.33999633789062,83.51188659667969
2018-08-16,106.4000015258789,83.55902099609375
2018-08-17,106.45999908447266,83.60613250732422
2018-08-20,106.66999816894531,83.77105712890625
2018-08-21,106.58000183105469,83.70040130615234
2018-08-22,106.66999816894531,83.77105712890625
2018-08-23,106.61000061035156,83.72393035888672
2018-08-24,106.7300033569336,83.81816864013672
2018-08-27,106.58999633789062,83.70822143554688
2018-08-28,106.38999938964844,83.55115509033203
2018-08-29,106.37000274658203,83.53544616699219
2018-08-30,106.41999816894531,83.57470703125
2018-08-31,106.41000366210938,83.56689453125
2018-09-04,106.05999755859375,83.47400665283203
2018-09-05,106.01000213623047,83.43465423583984
2018-09-06,106.19000244140625,83.5763168334961
2018-09-07,105.80999755859375,83.27725219726562
2018-09-10,105.91000366210938,83.35594177246094
2018-09-11,105.7300033569336,83.21427917480469
2018-09-12,105.80000305175781,83.26936340332031
2018-09-13,105.87000274658203,83.32443237304688
2018-09-14,105.66999816894531,83.16706848144531
2018-09-17,105.66999816894531,83.16706848144531
2018-09-18,105.44000244140625,82.98603057861328
2018-09-19,105.23999786376953,82.8286361694336
2018-09-20,105.37999725341797,82.93881225585938
2018-09-21,105.45999908447266,83.00178527832031
2018-09-24,105.36000061035156,82.92308044433594
2018-09-25,105.30999755859375,82.88374328613281
2018-09-26,105.55999755859375,83.08045959472656
2018-09-27,105.62999725341797,83.13557434082031
2018-09-28,105.5199966430664,83.04898834228516
2018-10-01,105.23999786376953,83.02690124511719
2018-10-02,105.36000061035156,83.12158966064453
2018-10-03,104.86000061035156,82.72709655761719
2018-10-04,104.55999755859375,82.49041748046875
2018-10-05,104.33000183105469,82.30896759033203
2018-10-08,104.29000091552734,82.27743530273438
2018-10-09,104.44000244140625,82.39574432373047
2018-10-10,104.41000366210938,82.37213134765625
2018-10-11,104.72000122070312,82.61663055419922
2018-10-12,104.75,82.64033508300781
2018-10-15,104.68000030517578,82.58511352539062
2018-10-16,104.73999786376953,82.63243103027344
2018-10-17,104.52999877929688,82.46675872802734
2018-10-18,104.45999908447266,82.41151428222656
2018-10-19,104.37000274658203,82.3405532836914
2018-10-22,104.3499984741211,82.32476043701172
2018-10-23,104.4800033569336,82.42730712890625
2018-10-24,104.75,82.64033508300781
2018-10-25,104.66000366210938,82.56932830810547
2018-10-26,104.9000015258789,82.75865173339844
2018-10-29,104.79000091552734,82.67189025878906
2018-10-30,104.63999938964844,82.55354309082031
2018-10-31,104.58999633789062,82.51411437988281
2018-11-01,104.33999633789062,82.72261047363281
2018-11-02,104.02999877929688,82.47686004638672
2018-11-05,104.0999984741211,82.53237915039062
2018-11-06,104.11000061035156,82.54023742675781
2018-11-07,104.19999694824219,82.61161041259766
2018-11-08,104.01000213623047,82.46097564697266
2018-11-09,104.13999938964844,82.56404113769531
2018-11-12,104.30999755859375,82.69884490966797
2018-11-13,104.3499984741211,82.73054504394531
2018-11-14,104.36000061035156,82.73847961425781
2018-11-15,104.48999786376953,82.84153747558594
2018-11-16,104.66000366210938,82.97632598876953
2018-11-19,104.6500015258789,82.96837615966797
2018-11-20,104.61000061035156,82.93667602539062
2018-11-21,104.68000030517578,82.99215698242188
2018-11-23,104.6500015258789,82.96837615966797
2018-11-26,104.62999725341797,82.95252227783203
2018-11-27,104.66000366210938,82.97632598876953
2018-11-28,104.86000061035156,83.13488006591797
2018-11-29,104.91000366210938,83.17454528808594
2018-11-30,104.87999725341797,83.15070343017578
2018-12-03,104.80000305175781,83.2866439819336
2018-12-04,105.08000183105469,83.5091552734375
2018-12-06,105.33999633789062,83.71576690673828
2018-12-07,105.4800033569336,83.82701873779297
2018-12-10,105.55000305175781,83.88262176513672
2018-12-11,105.58000183105469,83.90652465820312
2018-12-12,105.5,83.84291076660156
2018-12-13,105.52999877929688,83.86677551269531
2018-12-14,105.55999755859375,83.89059448242188
2018-12-17,105.73999786376953,84.03364562988281
2018-12-18,105.83999633789062,84.2804946899414
2018-12-19,105.94000244140625,84.36014556884766
2018-12-20,105.83999633789062,84.2804946899414
2018-12-21,105.79000091552734,84.24070739746094
2018-12-24,105.86000061035156,84.29645538330078
2018-12-26,105.66000366210938,84.13719177246094
2018-12-27,105.83000183105469,84.2725830078125
2018-12-28,106.22000122070312,84.58309173583984
2018-12-31,106.48999786376953,84.79812622070312
2019-01-02,106.56999969482422,84.86181640625
2019-01-03,107.01000213623047,85.21219635009766
2019-01-04,106.69000244140625,84.9573974609375
2019-01-07,106.51000213623047,84.81401824951172
2019-01-08,106.43000030517578,84.75033569335938
2019-01-09,106.5199966430664,84.82202911376953
2019-01-10,106.4000015258789,84.7264404296875
2019-01-11,106.55000305175781,84.84589385986328
2019-01-14,106.4000015258789,84.7264404296875
2019-01-15,106.41999816894531,84.74237060546875
2019-01-16,106.51000213623047,84.81401824951172
2019-01-17,106.43000030517578,84.75033569335938
2019-01-18,106.3499984741211,84.68665313720703
2019-01-22,106.44000244140625,84.7583236694336
2019-01-23,106.55000305175781,84.84589385986328
2019-01-24,106.7300033569336,84.98920440673828
2019-01-25,106.68000030517578,84.94941711425781
2019-01-28,106.62000274658203,84.9016342163086
2019-01-29,106.9000015258789,85.12459564208984
2019-01-30,107.13999938964844,85.31570434570312
2019-01-31,107.45999908447266,85.57054138183594
2019-02-01,106.97000122070312,85.39326477050781
2019-02-04,106.87999725341797,85.32147979736328
2019-02-05,107.11000061035156,85.50505828857422
2019-02-06,107.05000305175781,85.45716857910156
2019-02-07,107.0999984741211,85.49712371826172
2019-02-08,107.33999633789062,85.68863677978516
2019-02-11,107.2300033569336,85.60082244873047
2019-02-12,107.25,85.61682891845703
2019-02-13,107.05999755859375,85.46515655517578
2019-02-14,107.22000122070312,85.5928955078125
2019-02-15,107.30000305175781,85.65676879882812
2019-02-19,107.36000061035156,85.70464324951172
2019-02-20,107.37000274658203,85.7126693725586
2019-02-21,107.12999725341797,85.52103424072266
2019-02-22,107.4000015258789,85.73655700683594
2019-02-25,107.37000274658203,85.7126693725586
2019-02-26,107.48999786376953,85.80841827392578
2019-02-27,107.26000213623047,85.62486267089844
2019-02-28,107.06999969482422,85.47313690185547
2019-03-01,106.62999725341797,85.33468627929688
2019-03-04,106.76000213623047,85.438720703125
2019-03-05,106.83000183105469,85.4947738647461
2019-03-06,106.98999786376953,85.62277221679688
2019-03-07,107.29000091552734,85.86286163330078
2019-03-08,107.43000030517578,85.97490692138672
2019-03-11,107.44000244140625,85.98295593261719
2019-03-12,107.63999938964844,86.14292907714844
2019-03-13,107.58999633789062,86.10295104980469
2019-03-14,107.43000030517578,85.97490692138672
2019-03-15,107.69999694824219,86.19097137451172
2019-03-18,107.68000030517578,86.17498016357422
2019-03-19,107.62000274658203,86.12691497802734
2019-03-20,108.05999755859375,86.4791259765625
2019-03-21,108.08000183105469,86.49510192871094
2019-03-22,108.62000274658203,86.92729949951172
2019-03-25,108.81999969482422,87.08734893798828
2019-03-26,108.83999633789062,87.103271484375
2019-03-27,109.06999969482422,87.28739166259766
2019-03-28,109.08000183105469,87.29537963867188
2019-03-29,109.06999969482422,87.28739166259766
2019-04-01,108.30999755859375,86.88788604736328
2019-04-02,108.43000030517578,86.98414611816406
2019-04-03,108.2300033569336,86.82369995117188
2019-04-04,108.30999755859375,86.88788604736328
2019-04-05,108.38999938964844,86.95205688476562
2019-04-08,108.33999633789062,86.91190338134766
2019-04-09,108.4000015258789,86.9600830078125
2019-04-10,108.61000061035156,87.1285171508789
2019-04-11,108.4800033569336,87.0242919921875
2019-04-12,108.2699966430664,86.85579681396484
2019-04-15,108.25,86.83975982666016
2019-04-16,108.05999755859375,86.68736267089844
2019-04-17,108.05000305175781,86.6792984008789
2019-04-18,108.19000244140625,86.79161071777344
2019-04-22,108.05999755859375,86.68736267089844
2019-04-23,108.25,86.83975982666016
2019-04-24,108.5,87.04029846191406
2019-04-25,108.48999786376953,87.03228759765625
2019-04-26,108.70999908447266,87.20880126953125
2019-04-29,108.5199966430664,87.05636596679688
2019-04-30,108.58999633789062,87.11250305175781
2019-05-01,108.4000015258789,87.16876220703125
2019-05-02,108.16000366210938,86.9758071899414
2019-05-03,108.33999633789062,87.1205825805664
2019-05-06,108.4800033569336,87.2331314086914
2019-05-07,108.61000061035156,87.3376693725586
2019-05-08,108.58999633789062,87.32157897949219
2019-05-09,108.6500015258789,87.36979675292969
2019-05-10,108.66999816894531,87.38592529296875
2019-05-13,108.8499984741211,87.53068542480469
2019-05-14,108.94000244140625,87.60301208496094
2019-05-15,109.12999725341797,87.75581359863281
2019-05-16,109.0,87.6512680053711
2019-05-17,109.02999877929688,87.67540740966797
2019-05-20,108.87999725341797,87.55480194091797
2019-05-21,108.87000274658203,87.5467529296875
2019-05-22,109.05000305175781,87.69145965576172
2019-05-23,109.37000274658203,87.9488296508789
2019-05-24,109.41000366210938,87.98094177246094
2019-05-28,109.56999969482422,88.10964965820312
2019-05-29,109.5999984741211,88.13377380371094
2019-05-30,109.88999938964844,88.36698150634766
2019-05-31,110.4000015258789,88.77709197998047
2019-06-03,110.4000015258789,88.98665618896484
2019-06-04,110.30000305175781,88.90605926513672
2019-06-05,110.23999786376953,88.85768127441406
2019-06-06,110.22000122070312,88.84154510498047
2019-06-07,110.52999877929688,89.09143829345703
2019-06-10,110.23999786376953,88.85768127441406
2019-06-11,110.22000122070312,88.84154510498047
2019-06-12,110.36000061035156,88.95439147949219
2019-06-13,110.5999984741211,89.14785766601562
2019-06-14,110.56999969482422,89.12368774414062
2019-06-17,110.54000091552734,89.0994873046875
2019-06-18,110.83999633789062,89.34127807617188
2019-06-19,111.22000122070312,89.64762115478516
2019-06-20,111.41000366210938,89.80074310302734
2019-06-21,111.12000274658203,89.56696319580078
2019-06-24,111.31999969482422,89.72819519042969
2019-06-25,111.33999633789062,89.74432373046875
2019-06-26,111.08999633789062,89.54281616210938
2019-06-27,111.4000015258789,89.79267883300781
2019-06-28,111.3499984741211,89.75240325927734
2019-07-01,111.18000030517578,89.81864166259766
2019-07-02,111.37999725341797,89.98018646240234
2019-07-03,111.55999755859375,90.12559509277344
2019-07-05,111.08999633789062,89.74591827392578
2019-07-08,111.02999877929688,89.69747924804688
2019-07-09,111.0,89.6732177734375
2019-07-10,111.08000183105469,89.73783111572266
2019-07-11,110.66999816894531,89.40660095214844
2019-07-12,110.79000091552734,89.50357818603516
2019-07-15,110.94999694824219,89.6327896118164
2019-07-16,110.83000183105469,89.53589630126953
2019-07-17,111.12000274658203,89.77012634277344
2019-07-18,111.30000305175781,89.91556549072266
2019-07-19,111.16999816894531,89.81051635742188
2019-07-22,111.30999755859375,89.92366027832031
2019-07-23,111.19999694824219,89.83477783203125
2019-07-24,111.36000061035156,89.96405792236328
2019-07-25,111.19000244140625,89.82673645019531
2019-07-26,111.20999908447266,89.84284973144531
2019-07-29,111.26000213623047,89.88324737548828
2019-07-30,111.25,89.87519836425781
2019-07-31,111.30000305175781,89.91556549072266
2019-08-01,111.91000366210938,90.62004089355469
2019-08-02,111.94999694824219,90.6524429321289
2019-08-05,112.44000244140625,91.04922485351562
2019-08-06,112.73999786376953,91.29216003417969
2019-08-07,112.68000030517578,91.24356079101562
2019-08-08,112.79000091552734,91.33265686035156
2019-08-09,112.63999938964844,91.21118927001953
2019-08-12,113.05000305175781,91.54317474365234
2019-08-13,112.88999938964844,91.41363525390625
2019-08-14,113.23999786376953,91.69700622558594
2019-08-15,113.76000213623047,92.11811065673828
2019-08-16,113.66999816894531,92.04521179199219
2019-08-19,113.37000274658203,91.80231475830078
2019-08-20,113.68000030517578,92.0533218383789
2019-08-21,113.62000274658203,92.00473022460938
2019-08-22,113.31999969482422,91.76184844970703
2019-08-23,113.77999877929688,92.13430786132812
2019-08-26,113.7300033569336,92.09383392333984
2019-08-27,114.08999633789062,92.38534545898438
2019-08-28,114.0999984741211,92.39348602294922
2019-08-29,114.02999877929688,92.33673858642578
2019-08-30,114.12999725341797,92.41771697998047
2019-09-03,113.83999633789062,92.39579010009766
2019-09-04,114.04000091552734,92.55814361572266
2019-09-05,113.55000305175781,92.1604232788086
2019-09-06,113.66999816894531,92.2578125
2019-09-09,113.19000244140625,91.86820983886719
2019-09-10,112.58000183105469,91.37317657470703
2019-09-11,112.5999984741211,91.38936614990234
2019-09-12,112.41999816894531,91.24330139160156
2019-09-13,111.75,90.69952392578125
2019-09-16,112.05000305175781,90.94298553466797
2019-09-17,112.22000122070312,91.0809326171875
2019-09-18,112.3499984741211,91.18646240234375
2019-09-19,112.51000213623047,91.31632232666016
2019-09-20,112.91999816894531,91.64910125732422
2019-09-23,112.97000122070312,91.689697265625
2019-09-24,113.27999877929688,91.94129180908203
2019-09-25,112.80999755859375,91.55987548828125
2019-09-26,113.0,91.71401977539062
2019-09-27,113.13999938964844,91.82769775390625
2019-09-30,113.16999816894531,91.85201263427734
2019-10-01,113.12000274658203,92.01874542236328
2019-10-02,113.19999694824219,92.08386993408203
2019-10-03,113.63999938964844,92.44181823730469
2019-10-04,113.81999969482422,92.58820343017578
2019-10-07,113.51000213623047,92.33602142333984
2019-10-08,113.55000305175781,92.36853790283203
2019-10-09,113.48999786376953,92.31975555419922
2019-10-10,113.0999984741211,92.00253295898438
2019-10-11,112.7300033569336,91.7015609741211
2019-10-14,112.91999816894531,91.8560791015625
2019-10-15,112.55000305175781,91.55511474609375
2019-10-16,112.75,91.71780395507812
2019-10-17,112.72000122070312,91.69336700439453
2019-10-18,112.80000305175781,91.75848388671875
2019-10-21,112.48999786376953,91.50630950927734
2019-10-22,112.66000366210938,91.64462280273438
2019-10-23,112.75,91.71780395507812
2019-10-24,112.77999877929688,91.74220275878906
2019-10-25,112.62000274658203,91.61206817626953
2019-10-28,112.37999725341797,91.41680908203125
2019-10-29,112.38999938964844,91.4249496459961
2019-10-30,112.70999908447266,91.68526458740234
2019-10-31,113.1500015258789,92.043212890625
2019-11-01,112.93000030517578,92.06846618652344
2019-11-04,112.6500015258789,91.84016418457031
2019-11-05,112.2300033569336,91.49774932861328
2019-11-06,112.4000015258789,91.6363525390625
2019-11-07,111.87000274658203,91.20428466796875
2019-11-08,111.80999755859375,91.15533447265625
2019-11-11,111.83000183105469,91.171630859375
2019-11-12,111.94999694824219,91.26948547363281
2019-11-13,112.1500015258789,91.43254089355469
2019-11-14,112.47000122070312,91.69343566894531
2019-11-15,112.41000366210938,91.6445541381836
2019-11-18,112.62000274658203,91.81575012207031
2019-11-19,112.69999694824219,91.88096618652344
2019-11-20,112.97000122070312,92.10108947753906
2019-11-21,112.80999755859375,91.97064208984375
2019-11-22,112.87000274658203,92.0195541381836
2019-11-25,112.9800033569336,92.10920715332031
2019-11-26,113.13999938964844,92.23968505859375
2019-11-27,113.0,92.12554168701172
2019-11-29,112.86000061035156,92.01140594482422
2019-12-02,112.48999786376953,91.91007232666016
2019-12-03,113.0,92.32679748535156
2019-12-04,112.80999755859375,92.17155456542969
2019-12-05,112.68000030517578,92.0652847290039
2019-12-06,112.5199966430664,91.93458557128906
2019-12-09,112.58000183105469,91.98363494873047
2019-12-10,112.54000091552734,91.95092010498047
2019-12-11,112.83999633789062,92.19605255126953
2019-12-12,112.36000061035156,91.8038558959961
2019-12-13,112.80999755859375,92.17155456542969
2019-12-16,112.58000183105469,91.98363494873047
2019-12-17,112.58999633789062,91.99178314208984
2019-12-18,112.37000274658203,91.81204223632812
2019-12-19,112.30000305175781,91.91105651855469
2019-12-20,112.31999969482422,91.92743682861328
2019-12-23,112.23999786376953,91.86194610595703
2019-12-24,112.37999725341797,91.9765396118164
2019-12-26,112.4800033569336,92.05838012695312
2019-12-27,112.62999725341797,92.18112182617188
2019-12-30,112.62999725341797,92.18112182617188
2019-12-31,112.37000274658203,91.96833038330078
2020-01-02,112.68000030517578,92.2220458984375
2020-01-03,113.01000213623047,92.49215698242188
2020-01-06,112.91999816894531,92.41848754882812
2020-01-07,112.80000305175781,92.32028198242188
2020-01-08,112.66999816894531,92.2138442993164
2020-01-09,112.79000091552734,92.31208038330078
2020-01-10,112.9800033569336,92.46758270263672
2020-01-13,112.91000366210938,92.41031646728516
2020-01-14,113.01000213623047,92.49215698242188
2020-01-15,113.18000030517578,92.63129425048828
2020-01-16,113.18000030517578,92.63129425048828
2020-01-17,113.05000305175781,92.52488708496094
2020-01-21,113.37000274658203,92.78675079345703
2020-01-22,113.43000030517578,92.83590698242188
2020-01-23,113.58000183105469,92.95866394042969
2020-01-24,113.79000091552734,93.13052368164062
2020-01-27,114.13999938964844,93.41695404052734
2020-01-28,114.04000091552734,93.33516693115234
2020-01-29,114.30000305175781,93.54794311523438
2020-01-30,114.30999755859375,93.55609130859375
2020-01-31,114.6500015258789,93.83436584472656
2020-02-03,114.37000274658203,93.80406188964844
2020-02-04,113.98999786376953,93.49236297607422
2020-02-05,113.81999969482422,93.35298156738281
2020-02-06,113.88999938964844,93.41038513183594
2020-02-07,114.22000122070312,93.6810302734375
2020-02-10,114.3499984741211,93.78764343261719
2020-02-11,114.20999908447266,93.6728286743164
2020-02-12,114.08999633789062,93.57440948486328
2020-02-13,114.16999816894531,93.64005279541016
2020-02-14,114.29000091552734,93.73838806152344
2020-02-18,114.44000244140625,93.8614501953125
2020-02-19,114.41000366210938,93.83684539794922
2020-02-20,114.66999816894531,94.05009460449219
2020-02-21,114.9000015258789,94.23876953125
2020-02-24,115.2699966430664,94.54219055175781
2020-02-25,115.47000122070312,94.70626068115234
2020-02-26,115.3499984741211,94.6078109741211
2020-02-27,115.37000274658203,94.62421417236328
2020-02-28,116.22000122070312,95.32134246826172
2020-03-02,115.94000244140625,95.28765869140625
2020-03-03,116.7300033569336,95.93700408935547
2020-03-04,116.63999938964844,95.86299133300781
2020-03-05,117.0,96.15888977050781
2020-03-06,117.86000061035156,96.86566162109375
2020-03-09,117.70999908447266,96.74240112304688
2020-03-10,116.37999725341797,95.64932250976562
2020-03-11,114.72000122070312,94.28499603271484
2020-03-12,110.12999725341797,90.51261901855469
2020-03-13,111.86000061035156,91.93444061279297
2020-03-16,113.7300033569336,93.47136688232422
2020-03-17,110.79000091552734,91.05506134033203
2020-03-18,106.56999969482422,87.58670806884766
2020-03-19,108.94999694824219,89.54283142089844
2020-03-20,110.02999877929688,90.43042755126953
2020-03-23,112.63999938964844,92.57552337646484
2020-03-24,113.56999969482422,93.33983612060547
2020-03-25,114.7300033569336,94.29322052001953
2020-03-26,115.08000183105469,94.58089447021484
2020-03-27,115.56999969482422,94.98359680175781
2020-03-30,115.68000030517578,95.0739974975586
2020-03-31,115.37000274658203,94.8192367553711
2020-04-01,114.7300033569336,94.49718475341797
2020-04-02,114.9000015258789,94.63720703125
2020-04-03,114.9800033569336,94.70308685302734
2020-04-06,115.54000091552734,95.164306640625
2020-04-07,115.69999694824219,95.29611206054688
2020-04-08,115.80999755859375,95.38675689697266
2020-04-09,117.25,96.57274627685547
2020-04-13,116.69999694824219,96.11972045898438
2020-04-14,116.76000213623047,96.16918182373047
2020-04-15,117.23999786376953,96.56450653076172
2020-04-16,117.38999938964844,96.68806457519531
2020-04-17,117.25,96.57274627685547
2020-04-20,117.08000183105469,96.4327392578125
2020-04-21,117.13999938964844,96.48217010498047
2020-04-22,117.13999938964844,96.48217010498047
2020-04-23,117.41999816894531,96.71281433105469
2020-04-24,117.36000061035156,96.66334533691406
2020-04-27,116.81999969482422,96.21861267089844
2020-04-28,117.27999877929688,96.59745788574219
2020-04-29,117.36000061035156,96.66334533691406
2020-04-30,117.0999984741211,96.44922637939453
2020-05-01,116.87000274658203,96.45417022705078
2020-05-04,116.97000122070312,96.5367202758789
2020-05-05,116.87999725341797,96.4623794555664
2020-05-06,116.41000366210938,96.07452392578125
2020-05-07,116.7699966430664,96.37162780761719
2020-05-08,116.45999908447266,96.11579895019531
2020-05-11,116.11000061035156,95.82691955566406
2020-05-12,116.41000366210938,96.07452392578125
2020-05-13,116.5999984741211,96.2313232421875
2020-05-14,116.95999908447266,96.52845001220703
2020-05-15,117.02999877929688,96.58621978759766
2020-05-18,116.86000061035156,96.44589233398438
2020-05-19,116.98999786376953,96.55321502685547
2020-05-20,117.29000091552734,96.80081939697266
2020-05-21,117.37999725341797,96.87507629394531
2020-05-22,117.44000244140625,96.92459869384766
2020-05-26,117.25,96.76779174804688
2020-05-27,117.41999816894531,96.90811920166016
2020-05-28,117.33999633789062,96.84208679199219
2020-05-29,117.6500015258789,97.09789276123047
2020-06-01,117.37000274658203,97.04334259033203
2020-06-02,117.47000122070312,97.12602233886719
2020-06-03,117.18000030517578,96.8862533569336
2020-06-04,116.83000183105469,96.59683990478516
2020-06-05,116.9000015258789,96.65470123291016
2020-06-08,117.02999877929688,96.7622299194336
2020-06-09,117.18000030517578,96.8862533569336
2020-06-10,117.66000366210938,97.2831039428711
2020-06-11,117.45999908447266,97.11776733398438
2020-06-12,117.58000183105469,97.21698760986328
2020-06-15,117.97000122070312,97.5394287109375
2020-06-16,117.73999786376953,97.34925842285156
2020-06-17,117.63999938964844,97.26658630371094
2020-06-18,117.76000213623047,97.36579132080078
2020-06-19,117.80000305175781,97.39888763427734
2020-06-22,117.7699966430664,97.37405395507812
2020-06-23,117.75,97.35752868652344
2020-06-24,117.7300033569336,97.34101104736328
2020-06-25,117.87000274658203,97.45677185058594
2020-06-26,118.01000213623047,97.57249450683594
2020-06-29,118.11000061035156,97.6551742553711
2020-06-30,118.20999908447266,97.73786926269531
2020-07-01,118.05000305175781,97.7900390625
2020-07-02,118.19000244140625,97.9060287475586
2020-07-06,118.18000030517578,97.89772033691406
2020-07-07,118.36000061035156,98.04688262939453
2020-07-08,118.31999969482422,98.01371002197266
2020-07-09,118.62999725341797,98.27049255371094
2020-07-10,118.48999786376953,98.15454864501953
2020-07-13,118.4800033569336,98.14627075195312
2020-07-14,118.66999816894531,98.30367279052734
2020-07-15,118.68000030517578,98.31195831298828
2020-07-16,118.76000213623047,98.37818145751953
2020-07-17,118.87999725341797,98.47761535644531
2020-07-20,119.01000213623047,98.58529663085938
2020-07-21,119.08000183105469,98.64325714111328
2020-07-22,119.18000030517578,98.72611236572266
2020-07-23,119.31999969482422,98.84212493896484
2020-07-24,119.27999877929688,98.8089599609375
2020-07-27,119.19999694824219,98.74269104003906
2020-07-28,119.27999877929688,98.8089599609375
2020-07-29,119.41999816894531,98.92491912841797
2020-07-30,119.51000213623047,98.99945831298828
2020-07-31,119.55999755859375,99.04090118408203
2020-08-03,119.4000015258789,99.07992553710938
2020-08-04,119.62999725341797,99.27078247070312
2020-08-05,119.4000015258789,99.07992553710938
2020-08-06,119.56999969482422,99.22096252441406
2020-08-07,119.43000030517578,99.10478973388672
2020-08-10,119.31999969482422,99.01351165771484
2020-08-11,118.98999786376953,98.73969268798828
2020-08-12,118.75,98.54054260253906
2020-08-13,118.30999755859375,98.17540740966797
2020-08-14,118.19999694824219,98.0840835571289
2020-08-17,118.36000061035156,98.21690368652344
2020-08-18,118.52999877929688,98.35796356201172
2020-08-19,118.3499984741211,98.20860290527344
2020-08-20,118.55999755859375,98.38285064697266
2020-08-21,118.68000030517578,98.48246765136719
2020-08-24,118.62999725341797,98.44094848632812
2020-08-25,118.37999725341797,98.23350524902344
2020-08-26,118.36000061035156,98.21690368652344
2020-08-27,117.94999694824219,97.87666320800781
2020-08-28,118.11000061035156,98.00944519042969
2020-08-31,118.37000274658203,98.22521209716797
2020-09-01,118.41999816894531,98.42886352539062
2020-09-02,118.66000366210938,98.62831115722656
2020-09-03,118.69000244140625,98.65325927734375
2020-09-04,118.0999984741211,98.16284942626953
2020-09-08,118.2300033569336,98.27090454101562
2020-09-09,118.22000122070312,98.26258087158203
2020-09-10,118.2300033569336,98.27090454101562
2020-09-11,118.37000274658203,98.38727569580078
2020-09-14,118.37999725341797,98.39561462402344
2020-09-15,118.38999938964844,98.40388488769531
2020-09-16,118.33000183105469,98.35404205322266
2020-09-17,118.36000061035156,98.37895965576172
2020-09-18,118.22000122070312,98.26258087158203
2020-09-21,118.23999786376953,98.27921295166016
2020-09-22,118.33000183105469,98.35404205322266
2020-09-23,118.08000183105469,98.1462173461914
2020-09-24,118.08999633789062,98.15455627441406
2020-09-25,118.12999725341797,98.18780517578125
2020-09-28,118.2300033569336,98.27090454101562
2020-09-29,118.25,98.28752899169922
2020-09-30,118.05999755859375,98.12959289550781
2020-10-01,118.0199966430664,98.26451110839844
2020-10-02,117.9000015258789,98.16458892822266
2020-10-05,117.5199966430664,97.84820556640625
2020-10-06,117.62000274658203,97.93148803710938
2020-10-07,117.54000091552734,97.86486053466797
2020-10-08,117.69000244140625,97.98971557617188
2020-10-09,117.72000122070312,98.01473236083984
2020-10-12,117.94999694824219,98.20622253417969
2020-10-13,117.9800033569336,98.23118591308594
2020-10-14,118.05000305175781,98.28947448730469
2020-10-15,117.94999694824219,98.20622253417969
2020-10-16,117.88999938964844,98.1562728881836
2020-10-19,117.75,98.03970336914062
2020-10-20,117.6500015258789,97.95642852783203
2020-10-21,117.51000213623047,97.83983612060547
2020-10-22,117.30000305175781,97.66500091552734
2020-10-23,117.47000122070312,97.80655670166016
2020-10-26,117.62999725341797,97.93976593017578
2020-10-27,117.9000015258789,98.16458892822266
2020-10-28,117.7300033569336,98.02301788330078
2020-10-29,117.5199966430664,97.84820556640625
2020-10-30,117.19999694824219,97.58174896240234
2020-11-02,117.22000122070312,97.7585678100586
2020-11-03,117.16999816894531,97.71685028076172
2020-11-04,117.94999694824219,98.36736297607422
2020-11-05,118.05999755859375,98.45909881591797
2020-11-06,117.80000305175781,98.24227905273438
2020-11-09,117.25,97.7835922241211
2020-11-10,117.05999755859375,97.62512969970703
2020-11-11,117.12999725341797,97.68350982666016
2020-11-12,117.62000274658203,98.0921630859375
2020-11-13,117.63999938964844,98.10882568359375
2020-11-16,117.62999725341797,98.10047149658203
2020-11-17,117.87000274658203,98.30067443847656
2020-11-18,117.94999694824219,98.36736297607422
2020-11-19,118.16999816894531,98.55081939697266
2020-11-20,118.29000091552734,98.65090942382812
2020-11-23,118.26000213623047,98.62589263916016
2020-11-24,118.0999984741211,98.4924545288086
2020-11-25,118.05999755859375,98.45909881591797
2020-11-27,118.26000213623047,98.62589263916016
2020-11-30,118.41999816894531,98.75934600830078
2020-12-01,117.83999633789062,98.44689178466797
2020-12-02,117.70999908447266,98.3382797241211
2020-12-03,117.91000366210938,98.50534057617188
2020-12-04,117.58999633789062,98.2380142211914
2020-12-07,117.7699966430664,98.38838958740234
2020-12-08,117.77999877929688,98.396728515625
2020-12-09,117.61000061035156,98.25471496582031
2020-12-10,117.9000015258789,98.49699401855469
2020-12-11,118.02999877929688,98.60562896728516
2020-12-14,117.95999908447266,98.54713439941406
2020-12-15,118.02999877929688,98.60562896728516
2020-12-16,117.9800033569336,98.56382751464844
2020-12-17,117.8499984741211,98.55962371826172
2020-12-18,117.79000091552734,98.50950622558594
2020-12-21,117.79000091552734,98.50950622558594
2020-12-22,117.95999908447266,98.65164947509766
2020-12-23,117.87999725341797,98.58473205566406
2020-12-24,117.98999786376953,98.67675018310547
2020-12-28,118.01000213623047,98.6934585571289
2020-12-29,118.02999877929688,98.71018981933594
2020-12-30,118.0999984741211,98.76876068115234
2020-12-31,118.19000244140625,98.84398651123047
2021-01-04,118.04000091552734,98.71856689453125
2021-01-05,117.91999816894531,98.6181869506836
2021-01-06,117.33999633789062,98.13311767578125
2021-01-07,117.22000122070312,98.03275299072266
2021-01-08,117.08000183105469,97.91571807861328
2021-01-11,116.88999938964844,97.75678253173828
2021-01-12,116.98999786376953,97.84042358398438
2021-01-13,117.36000061035156,98.14986419677734
2021-01-14,117.12999725341797,97.95748138427734
2021-01-15,117.25,98.05789184570312
2021-01-19,117.41000366210938,98.19170379638672
2021-01-20,117.41999816894531,98.20002746582031
2021-01-21,117.25,98.05789184570312
2021-01-22,117.25,98.05789184570312
2021-01-25,117.55000305175781,98.30879211425781
2021-01-26,117.51000213623047,98.2752914428711
2021-01-27,117.5199966430664,98.28367614746094
2021-01-28,117.44000244140625,98.2167739868164
2021-01-29,117.30999755859375,98.10807037353516
2021-02-01,117.2300033569336,98.2018814086914
2021-02-02,117.05000305175781,98.05107116699219
2021-02-03,116.91000366210938,97.93379974365234
2021-02-04,116.86000061035156,97.89189910888672
2021-02-05,116.70999908447266,97.76626586914062
2021-02-08,116.83000183105469,97.86679077148438
2021-02-09,116.87999725341797,97.90864562988281
2021-02-10,116.98999786376953,98.00081634521484
2021-02-11,116.8499984741211,97.883544921875
2021-02-12,116.58000183105469,97.65736389160156
2021-02-16,116.02999877929688,97.1966552734375
2021-02-17,116.26000213623047,97.3893051147461
2021-02-18,116.19999694824219,97.33905792236328
2021-02-19,115.83999633789062,97.03748321533203
2021-02-22,115.4800033569336,96.73591613769531
2021-02-23,115.51000213623047,96.76103210449219
2021-02-24,115.47000122070312,96.7275390625
2021-02-25,114.41000366210938,95.83958435058594
2021-02-26,115.33999633789062,96.61863708496094
2021-03-01,115.08999633789062,96.56829071044922
2021-03-02,115.11000061035156,96.5850601196289
2021-03-03,114.69000244140625,96.23267364501953
2021-03-04,114.36000061035156,95.95577239990234
2021-03-05,114.27999877929688,95.88863372802734
2021-03-08,113.83000183105469,95.51107025146484
2021-03-09,114.26000213623047,95.87187957763672
2021-03-10,114.44999694824219,96.03129577636719
2021-03-11,114.44000244140625,96.02288818359375
2021-03-12,113.79000091552734,95.47754669189453
2021-03-15,113.91000366210938,95.5782241821289
2021-03-16,113.87000274658203,95.54461669921875
2021-03-17,113.86000061035156,95.5362319946289
2021-03-18,113.41999816894531,95.16705322265625
2021-03-19,113.51000213623047,95.24256134033203
2021-03-22,113.7300033569336,95.42720031738281
2021-03-23,114.0199966430664,95.67047882080078
2021-03-24,114.16000366210938,95.78792572021484
2021-03-25,114.0999984741211,95.73760223388672
2021-03-26,113.91000366210938,95.5782241821289
2021-03-29,113.72000122070312,95.41878509521484
2021-03-30,113.80999755859375,95.49427795410156
2021-03-31,113.83000183105469,95.51107025146484
2021-04-01,114.04000091552734,95.83207702636719
2021-04-05,113.80999755859375,95.63880157470703
2021-04-06,114.20999908447266,95.97493743896484
2021-04-07,114.02999877929688,95.8237075805664
2021-04-08,114.30999755859375,96.05897521972656
2021-04-09,114.18000030517578,95.94971466064453
2021-04-12,114.1500015258789,95.92449188232422
2021-04-13,114.4800033569336,96.20185089111328
2021-04-14,114.38999938964844,96.12618255615234
2021-04-15,114.83999633789062,96.50434875488281
2021-04-16,114.54000091552734,96.25223541259766
2021-04-19,114.44999694824219,96.17662811279297
2021-04-20,114.62999725341797,96.3279037475586
2021-04-21,114.73999786376953,96.4202880859375
2021-04-22,114.7699966430664,96.44548797607422
2021-04-23,114.75,96.4287338256836
2021-04-26,114.6500015258789,96.34468841552734
2021-04-27,114.37000274658203,96.10939025878906
2021-04-28,114.43000030517578,96.15980529785156
2021-04-29,114.37000274658203,96.10939025878906
2021-04-30,114.48999786376953,96.21022033691406
2021-05-03,114.38999938964844,96.27165222167969
2021-05-04,114.52999877929688,96.38951873779297
2021-05-05,114.62000274658203,96.46524810791016
2021-05-06,114.63999938964844,96.4820785522461
2021-05-07,114.61000061035156,96.4568099975586
2021-05-10,114.43000030517578,96.30532836914062
2021-05-11,114.18000030517578,96.09490203857422
2021-05-12,113.77999877929688,95.75827026367188
2021-05-13,114.04000091552734,95.97711181640625
2021-05-14,114.30000305175781,96.19593048095703
2021-05-17,114.19999694824219,96.11177062988281
2021-05-18,114.05999755859375,95.99392700195312
2021-05-19,113.9000015258789,95.8592758178711
2021-05-20,114.29000091552734,96.18753051757812
2021-05-21,114.33999633789062,96.22958374023438
2021-05-24,114.44999694824219,96.3221435546875
2021-05-25,114.7300033569336,96.55780792236328
2021-05-26,114.69000244140625,96.52415466308594
2021-05-27,114.55000305175781,96.40628814697266
2021-05-28,114.55000305175781,96.40628814697266
2021-06-01,114.33000183105469,96.36164855957031
2021-06-02,114.4800033569336,96.48809051513672
2021-06-03,114.20999908447266,96.26050567626953
2021-06-04,114.68000030517578,96.6566390991211
2021-06-07,114.5999984741211,96.58922576904297
2021-06-08,114.80999755859375,96.76620483398438
2021-06-09,115.04000091552734,96.96006774902344
2021-06-10,115.27999877929688,97.162353515625
2021-06-11,115.2300033569336,97.12018585205078
2021-06-14,114.94000244140625,96.87579345703125
2021-06-15,114.98999786376953,96.91790008544922
2021-06-16,114.62000274658203,96.60608673095703
2021-06-17,114.9800033569336,96.9095230102539
2021-06-18,115.29000091552734,97.17076873779297
2021-06-21,114.98999786376953,96.91790008544922
2021-06-22,115.11000061035156,97.01905059814453
2021-06-23,115.05000305175781,96.96851348876953
2021-06-24,115.08999633789062,97.0022201538086
2021-06-25,114.86000061035156,96.808349609375
2021-06-28,115.19000244140625,97.08651733398438
2021-06-29,115.25,97.1370849609375
2021-06-30,115.33000183105469,97.20449829101562
2021-07-01,115.11000061035156,97.15046691894531
2021-07-02,115.36000061035156,97.36146545410156
2021-07-06,115.7300033569336,97.67375183105469
2021-07-07,115.93000030517578,97.842529296875
2021-07-08,116.05999755859375,97.9522476196289
2021-07-09,115.68000030517578,97.63154602050781
2021-07-12,115.61000061035156,97.57247161865234
2021-07-13,115.36000061035156,97.36146545410156
2021-07-14,115.75,97.69064331054688
2021-07-15,116.0,97.90161895751953
2021-07-16,115.9000015258789,97.81721496582031
2021-07-19,116.51000213623047,98.33203887939453
2021-07-20,116.4000015258789,98.23921203613281
2021-07-21,116.0199966430664,97.91847229003906
2021-07-22,116.29000091552734,98.14636993408203
2021-07-23,116.20999908447266,98.078857421875
2021-07-26,116.11000061035156,97.99444580078125
2021-07-27,116.37999725341797,98.22232818603516
2021-07-28,116.48999786376953,98.31519317626953
2021-07-29,116.30000305175781,98.15481567382812
2021-07-30,116.45999908447266,98.28982543945312
2021-08-02,116.54000091552734,98.49859619140625
2021-08-03,116.58000183105469,98.53241729736328
2021-08-04,116.56999969482422,98.52398681640625
2021-08-05,116.30999755859375,98.30423736572266
2021-08-06,115.79000091552734,97.86473083496094
2021-08-09,115.58000183105469,97.68721771240234
2021-08-10,115.43000030517578,97.56047058105469
2021-08-11,115.54000091552734,97.65342712402344
2021-08-12,115.55000305175781,97.66188049316406
2021-08-13,115.97000122070312,98.016845703125
2021-08-16,116.02999877929688,98.06753540039062
2021-08-17,115.94000244140625,97.99148559570312
2021-08-18,115.94999694824219,97.99996948242188
2021-08-19,116.1500015258789,98.16899871826172
2021-08-20,116.16000366210938,98.1774673461914
2021-08-23,116.16000366210938,98.1774673461914
2021-08-24,115.98999786376953,98.03375244140625
2021-08-25,115.7699966430664,97.8478012084961
2021-08-26,115.77999877929688,97.85626983642578
2021-08-27,116.0999984741211,98.12672424316406
2021-08-30,116.2300033569336,98.23657989501953
2021-08-31,116.05999755859375,98.09291076660156
2021-09-01,115.93000030517578,98.12425231933594
2021-09-02,116.05000305175781,98.2258071899414
2021-09-03,115.8499984741211,98.05653381347656
2021-09-07,115.54000091552734,97.7941665649414
2021-09-08,115.7300033569336,97.9549331665039
2021-09-09,116.0999984741211,98.26812744140625
2021-09-10,115.87000274658203,98.07344818115234
2021-09-13,116.0199966430664,98.20040130615234
2021-09-14,116.27999877929688,98.42048645019531
2021-09-15,116.16999816894531,98.32735443115234
2021-09-16,115.97000122070312,98.15812683105469
2021-09-17,115.87000274658203,98.07344818115234
2021-09-20,116.08999633789062,98.2596435546875
2021-09-21,116.13999938964844,98.3019790649414
2021-09-22,116.18000030517578,98.33585357666016
2021-09-23,115.61000061035156,97.85338592529297
2021-09-24,115.41000366210938,97.68411254882812
2021-09-27,115.25,97.54871368408203
2021-09-28,114.7699966430664,97.14238739013672
2021-09-29,114.8499984741211,97.2101058959961
2021-09-30,114.83000183105469,97.19318389892578
2021-10-01,115.0,97.4898910522461
2021-10-04,114.91999816894531,97.42205810546875
2021-10-05,114.6500015258789,97.19318389892578
2021-10-06,114.69999694824219,97.23555755615234
2021-10-07,114.37999725341797,96.96429443359375
2021-10-08,114.12999725341797,96.75235748291016
2021-10-11,113.94999694824219,96.59976959228516
2021-10-12,114.37000274658203,96.95584106445312
2021-10-13,114.62999725341797,97.17620086669922
2021-10-14,114.8499984741211,97.36272430419922
2021-10-15,114.56999969482422,97.12535095214844
2021-10-18,114.48999786376953,97.05755615234375
2021-10-19,114.16000366210938,96.7778091430664
2021-10-20,114.08000183105469,96.7099609375
2021-10-21,113.83999633789062,96.50653076171875
2021-10-22,114.05999755859375,96.69300842285156
2021-10-25,114.16999816894531,96.78626251220703
2021-10-26,114.37999725341797,96.96429443359375
2021-10-27,114.76000213623047,97.28644561767578
2021-10-28,114.66999816894531,97.21012878417969
2021-10-29,114.63999938964844,97.1847152709961
2021-11-01,114.38999938964844,97.12527465820312
2021-11-02,114.62000274658203,97.3205337524414
2021-11-03,114.38999938964844,97.12527465820312
2021-11-04,114.7699966430664,97.44790649414062
2021-11-05,115.22000122070312,97.83000946044922
2021-11-08,115.01000213623047,97.65171813964844
2021-11-09,115.33000183105469,97.92337036132812
2021-11-10,114.55000305175781,97.26110076904297
2021-11-11,114.33999633789062,97.08284759521484
2021-11-12,114.31999969482422,97.0658187866211
2021-11-15,113.9000015258789,96.709228515625
2021-11-16,113.86000061035156,96.67522430419922
2021-11-17,114.12999725341797,96.90450286865234
2021-11-18,114.2300033569336,96.98941040039062
2021-11-19,114.44999694824219,97.17621612548828
2021-11-22,113.9000015258789,96.709228515625
2021-11-23,113.44999694824219,96.3271484375
2021-11-24,113.70999908447266,96.54790496826172
2021-11-26,114.5199966430664,97.23565673828125
2021-11-29,114.58000183105469,97.2865982055664
2021-11-30,114.7699966430664,97.44790649414062
2021-12-01,114.62999725341797,97.46659088134766
2021-12-02,114.61000061035156,97.44962310791016
2021-12-03,115.06999969482422,97.84075164794922
2021-12-06,114.66999816894531,97.5006332397461
2021-12-07,114.48999786376953,97.34757232666016
2021-12-08,114.19000244140625,97.09249877929688
2021-12-09,114.19999694824219,97.10101318359375
2021-12-10,114.2300033569336,97.12652587890625
2021-12-13,114.62999725341797,97.46659088134766
2021-12-14,114.41000366210938,97.27958679199219
2021-12-15,114.31999969482422,97.20301818847656
2021-12-16,114.36000061035156,97.33670043945312
2021-12-17,114.5,97.4558334350586
2021-12-20,114.33000183105469,97.3111572265625
2021-12-21,114.23999786376953,97.23453521728516
2021-12-22,114.33999633789062,97.31961822509766
2021-12-23,114.19999694824219,97.20046997070312
2021-12-27,114.26000213623047,97.25152587890625
2021-12-28,114.20999908447266,97.2090072631836
2021-12-29,113.87000274658203,96.91961669921875
2021-12-30,114.12000274658203,97.13240051269531
2021-12-31,114.08000183105469,97.0983657836914
2022-01-03,113.30000305175781,96.4344711303711
2022-01-04,113.29000091552734,96.42595672607422
2022-01-05,112.94000244140625,96.1280288696289
2022-01-06,112.81999969482422,96.0259017944336
2022-01-07,112.48999786376953,95.74506378173828
2022-01-10,112.38999938964844,95.65991973876953
2022-01-11,112.5999984741211,95.83867645263672
2022-01-12,112.5999984741211,95.83867645263672
2022-01-13,112.80000305175781,96.00886535644531
2022-01-14,112.16999816894531,95.47267150878906
2022-01-18,111.48999786376953,94.89391326904297
2022-01-19,111.7300033569336,95.09815979003906
2022-01-20,111.79000091552734,95.14922332763672
2022-01-21,112.2300033569336,95.52374267578125
2022-01-24,112.0999984741211,95.4130859375
2022-01-25,111.98999786376953,95.31950378417969
2022-01-26,111.36000061035156,94.78324127197266
2022-01-27,111.7300033569336,95.09815979003906
2022-01-28,111.80999755859375,95.16624450683594
2022-01-31,111.80000305175781,95.15776062011719
2022-02-01,111.5999984741211,95.12451171875
2022-02-02,111.72000122070312,95.22679901123047
2022-02-03,111.2699966430664,94.84319305419922
2022-02-04,110.56999969482422,94.24653625488281
2022-02-07,110.66999816894531,94.33180236816406
2022-02-08,110.33000183105469,94.04199981689453
2022-02-09,110.4000015258789,94.10167694091797
2022-02-10,109.37999725341797,93.23223114013672
2022-02-11,110.0999984741211,93.84595489501953
2022-02-14,109.45999908447266,93.30042266845703
2022-02-15,109.27999877929688,93.14700317382812
2022-02-16,109.41000366210938,93.25782012939453
2022-02-17,109.63999938964844,93.45384979248047
2022-02-18,109.87000274658203,93.64989471435547
2022-02-22,109.75,93.54762268066406
2022-02-23,109.26000213623047,93.12995147705078
2022-02-24,109.45999908447266,93.30042266845703
2022-02-25,109.56999969482422,93.3941879272461
2022-02-28,110.36000061035156,94.06755828857422
2022-03-01,110.81999969482422,94.59765625
2022-03-02,109.48999786376953,93.46237182617188
2022-03-03,109.86000061035156,93.77816009521484
2022-03-04,110.30000305175781,94.15379333496094
2022-03-07,109.66000366210938,93.60746002197266
2022-03-08,109.2699966430664,93.27454376220703
2022-03-09,109.04000091552734,93.07826232910156
2022-03-10,108.43000030517578,92.55751037597656
2022-03-11,108.41000366210938,92.54045867919922
2022-03-14,107.36000061035156,91.64415740966797
2022-03-15,107.5999984741211,91.84902954101562
2022-03-16,107.68000030517578,91.91729736328125
2022-03-17,107.86000061035156,92.07096099853516
2022-03-18,108.0999984741211,92.27579498291016
2022-03-21,107.04000091552734,91.3709716796875
2022-03-22,106.75,91.12345886230469
2022-03-23,107.19000244140625,91.49903106689453
2022-03-24,106.94999694824219,91.29417419433594
2022-03-25,106.0999984741211,90.56859588623047
2022-03-28,106.36000061035156,90.79052734375
2022-03-29,106.86000061035156,91.21736145019531
2022-03-30,107.1500015258789,91.46489715576172
2022-03-31,107.0999984741211,91.42222595214844
2022-04-01,106.75,91.25977325439453
2022-04-04,106.83999633789062,91.33673095703125
2022-04-05,105.76000213623047,90.41344451904297
2022-04-06,105.48999786376953,90.18260955810547
2022-04-07,105.26000213623047,89.98599243164062
2022-04-08,104.7300033569336,89.53289794921875
2022-04-11,104.27999877929688,89.148193359375
2022-04-12,104.61000061035156,89.43028259277344
2022-04-13,104.81999969482422,89.60984802246094
2022-04-14,103.97000122070312,88.88318634033203
2022-04-18,103.6500015258789,88.60962677001953
2022-04-19,103.0199966430664,88.07105255126953
2022-04-20,103.61000061035156,88.5754165649414
2022-04-21,103.04000091552734,88.08810424804688
2022-04-22,102.94000244140625,88.00263214111328
2022-04-25,103.62999725341797,88.59253692626953
2022-04-26,103.94999694824219,88.86613464355469
2022-04-27,103.52999877929688,88.50706481933594
2022-04-28,103.48999786376953,88.47282409667969
2022-04-29,102.87000274658203,87.94281005859375
2022-05-02,102.12999725341797,87.4640884399414
2022-05-03,102.36000061035156,87.6610336303711
2022-05-04,103.0199966430664,88.2262954711914
2022-05-05,102.0,87.35272216796875
2022-05-06,101.56999969482422,86.98445892333984
2022-05-09,102.06999969482422,87.41271209716797
2022-05-10,102.37999725341797,87.67818450927734
2022-05-11,102.76000213623047,88.00361633300781
2022-05-12,102.94999694824219,88.16631317138672
2022-05-13,102.51000213623047,87.78949737548828
2022-05-16,102.73999786376953,87.98650360107422
2022-05-17,102.18000030517578,87.50689697265625
2022-05-18,102.58999633789062,87.85802459716797
2022-05-19,102.8499984741211,88.08068084716797
2022-05-20,103.16000366210938,88.3461685180664
2022-05-23,102.81999969482422,88.05498504638672
2022-05-24,103.61000061035156,88.73153686523438
2022-05-25,104.04000091552734,89.09979248046875
2022-05-26,103.95999908447266,89.0312728881836
2022-05-27,104.12999725341797,89.17687225341797
2022-05-31,103.47000122070312,88.61166381835938
2022-06-01,102.86000061035156,88.24788665771484
2022-06-02,102.98999786376953,88.35942077636719
2022-06-03,102.81999969482422,88.21353912353516
2022-06-06,102.19000244140625,87.67306518554688
2022-06-07,102.58000183105469,88.00767517089844
2022-06-08,102.16000366210938,87.64732360839844
2022-06-09,102.05000305175781,87.55294036865234
2022-06-10,101.26000213623047,86.87517547607422
2022-06-13,99.5999984741211,85.45098876953125
2022-06-14,99.01000213623047,84.94481658935547
2022-06-15,100.11000061035156,85.8885498046875
2022-06-16,100.3499984741211,86.09443664550781
2022-06-17,100.33999633789062,86.08584594726562
2022-06-21,99.94000244140625,85.74268341064453
2022-06-22,100.79000091552734,86.47191619873047
2022-06-23,101.20999908447266,86.8322525024414
2022-06-24,101.05000305175781,86.69501495361328
2022-06-27,100.5999984741211,86.30891418457031
2022-06-28,100.63999938964844,86.34326934814453
2022-06-29,101.22000122070312,86.84087371826172
2022-06-30,101.68000030517578,87.23552703857422
2022-07-01,102.33999633789062,87.96267700195312
2022-07-05,102.52999877929688,88.1259765625
2022-07-06,101.83999633789062,87.53287506103516
2022-07-07,101.61000061035156,87.33521270751953
2022-07-08,101.2300033569336,87.00859832763672
2022-07-11,101.69999694824219,87.41259765625
2022-07-12,101.83999633789062,87.53287506103516
2022-07-13,102.20999908447266,87.85092163085938
2022-07-14,101.8499984741211,87.54150390625
2022-07-15,102.25,87.88532257080078
2022-07-18,101.91999816894531,87.6016616821289
2022-07-19,101.77999877929688,87.48129272460938
2022-07-20,101.70999908447266,87.42117309570312
2022-07-21,102.55999755859375,88.15174865722656
2022-07-22,103.36000061035156,88.83934783935547
2022-07-25,102.9800033569336,88.51275634765625
2022-07-26,102.95999908447266,88.49554443359375
2022-07-27,103.31999969482422,88.80497741699219
2022-07-28,104.05999755859375,89.44103240966797
2022-07-29,104.06999969482422,89.44964599609375
2022-08-01,104.2300033569336,89.7596435546875
2022-08-02,103.16000366210938,88.83819580078125
2022-08-03,103.62000274658203,89.23432922363281
2022-08-04,103.87000274658203,89.44962310791016
2022-08-05,102.70999908447266,88.45064544677734
2022-08-08,103.18000030517578,88.85540008544922
2022-08-09,102.94999694824219,88.65734100341797
2022-08-10,103.20999908447266,88.88123321533203
2022-08-11,102.66000366210938,88.40760040283203
2022-08-12,103.12000274658203,88.8037109375
2022-08-15,103.25,88.91567993164062
2022-08-16,103.0999984741211,88.78652954101562
2022-08-17,102.48999786376953,88.26119995117188
2022-08-18,102.70999908447266,88.45064544677734
2022-08-19,101.98999786376953,87.83061981201172
2022-08-22,101.55000305175781,87.45169830322266
2022-08-23,101.51000213623047,87.4172592163086
2022-08-24,101.23999786376953,87.18472290039062
2022-08-25,101.80000305175781,87.66703033447266
2022-08-26,101.61000061035156,87.50337219238281
2022-08-29,101.12000274658203,87.08142852783203
2022-08-30,101.25,87.1933822631836
2022-08-31,100.70999908447266,86.72832489013672
2022-09-01,100.06999969482422,86.3520736694336
2022-09-02,100.36000061035156,86.60233306884766
2022-09-06,99.41999816894531,85.79121398925781
2022-09-07,100.11000061035156,86.38660430908203
2022-09-08,99.79000091552734,86.1104736328125
2022-09-09,99.77999877929688,86.10185241699219
2022-09-12,99.62999725341797,85.97239685058594
2022-09-13,99.06999969482422,85.48918151855469
2022-09-14,99.19999694824219,85.60137176513672
2022-09-15,98.9000015258789,85.3425064086914
2022-09-16,98.83000183105469,85.28206634521484
2022-09-19,98.68000030517578,85.15264892578125
2022-09-20,98.23999786376953,84.77294921875
2022-09-21,98.55000305175781,85.04045867919922
2022-09-22,97.5,84.13439178466797
2022-09-23,97.19999694824219,83.87550354003906
2022-09-26,95.94999694824219,82.79685974121094
2022-09-27,95.54000091552734,82.4430923461914
2022-09-28,97.08000183105469,83.77194213867188
2022-09-29,96.56999969482422,83.33189392089844
2022-09-30,96.33999633789062,83.1334228515625
2022-10-03,96.91000366210938,83.80885314941406
2022-10-04,97.16999816894531,84.03367614746094
2022-10-05,96.66000366210938,83.59263610839844
2022-10-06,96.27999877929688,83.26399993896484
2022-10-07,95.7699966430664,82.82294464111328
2022-10-10,95.33999633789062,82.4510498046875
2022-10-11,95.4000015258789,82.50296020507812
2022-10-12,95.4800033569336,82.57213592529297
2022-10-13,95.18000030517578,82.31267547607422
2022-10-14,94.66000366210938,81.86299896240234
2022-10-17,94.86000061035156,82.03596496582031
2022-10-18,95.0199966430664,82.17434692382812
2022-10-19,94.19999694824219,81.46519470214844
2022-10-20,93.62999725341797,80.97222137451172
2022-10-21,93.7699966430664,81.0932846069336
2022-10-24,93.63999938964844,80.98088836669922
2022-10-25,94.55999755859375,81.77654266357422
2022-10-26,94.9800033569336,82.1397476196289
2022-10-27,95.45999908447266,82.55484008789062
2022-10-28,95.22000122070312,82.3472900390625
2022-10-31,94.9000015258789,82.0705795288086
2022-11-01,94.86000061035156,82.22311401367188
2022-11-02,94.69999694824219,82.08440399169922
2022-11-03,94.3499984741211,81.78107452392578
2022-11-04,94.33999633789062,81.77237701416016
2022-11-07,94.04000091552734,81.5123519897461
2022-11-08,94.44000244140625,81.85906219482422
2022-11-09,94.55000305175781,81.95441436767578
2022-11-10,96.58000183105469,83.71398162841797
2022-11-11,96.51000213623047,83.65331268310547
2022-11-14,96.23999786376953,83.41927337646484
2022-11-15,96.94999694824219,84.03466796875
2022-11-16,97.55000305175781,84.55477142333984
2022-11-17,97.13999938964844,84.19939422607422
2022-11-18,97.0,84.07801818847656
2022-11-21,96.94000244140625,84.02603912353516
2022-11-22,97.44000244140625,84.45941925048828
2022-11-23,98.0199966430664,84.96214294433594
2022-11-25,98.04000091552734,84.97949981689453
2022-11-28,97.87999725341797,84.84077453613281
2022-11-29,97.52999877929688,84.53742218017578
2022-11-30,98.29000091552734,85.19619750976562
2022-12-01,98.87999725341797,85.90508270263672
2022-12-02,99.29000091552734,86.26129913330078
2022-12-05,98.51000213623047,85.58365631103516
2022-12-06,98.80000305175781,85.83561706542969
2022-12-07,99.68000030517578,86.60011291503906
2022-12-08,99.37999725341797,86.33950805664062
2022-12-09,98.79000091552734,85.826904296875
2022-12-12,98.80999755859375,85.84427642822266
2022-12-13,99.47000122070312,86.41767883300781
2022-12-14,99.69000244140625,86.60883331298828
2022-12-15,99.61000061035156,86.73595428466797
2022-12-16,99.3499984741211,86.50955963134766
2022-12-19,98.73999786376953,85.9783706665039
2022-12-20,98.06999969482422,85.39498901367188
2022-12-21,98.33999633789062,85.63006591796875
2022-12-22,98.30999755859375,85.60397338867188
2022-12-23,97.97000122070312,85.30789184570312
2022-12-27,97.26000213623047,84.68965911865234
2022-12-28,97.08999633789062,84.54163360595703
2022-12-29,97.44999694824219,84.8551025390625
2022-12-30,96.98999786376953,84.45457458496094
2023-01-03,97.55999755859375,84.9509048461914
2023-01-04,98.0999984741211,85.42108917236328
2023-01-05,98.0199966430664,85.35142517089844
2023-01-06,99.08999633789062,86.28317260742188
2023-01-09,99.33999633789062,86.50084686279297
2023-01-10,98.95999908447266,86.16996765136719
2023-01-11,99.56999969482422,86.70111083984375
2023-01-12,100.29000091552734,87.32807159423828
2023-01-13,99.91999816894531,87.00590515136719
2023-01-17,99.73999786376953,86.84915924072266
2023-01-18,100.7300033569336,87.71117401123047
2023-01-19,100.5,87.51091766357422
2023-01-20,100.08999633789062,87.15389251708984
2023-01-23,99.83999633789062,86.93624877929688
2023-01-24,100.27999877929688,87.3193588256836
2023-01-25,100.4000015258789,87.42383575439453
2023-01-26,100.2300033569336,87.27582550048828
2023-01-27,100.08000183105469,87.14521789550781
2023-01-30,99.80999755859375,86.91006469726562
2023-01-31,100.22000122070312,87.26712799072266
2023-02-01,100.68000030517578,87.88248443603516
2023-02-02,100.79000091552734,87.978515625
2023-02-03,99.81999969482422,87.13182067871094
2023-02-06,99.2699966430664,86.6517105102539
2023-02-07,99.0999984741211,86.50332641601562
2023-02-08,99.23999786376953,86.62552642822266
2023-02-09,98.8499984741211,86.28510284423828
2023-02-10,98.41999816894531,85.90975952148438
2023-02-13,98.72000122070312,86.17163848876953
2023-02-14,98.37000274658203,85.86614227294922
2023-02-15,98.18000030517578,85.70025634765625
2023-02-16,97.7699966430664,85.34241485595703
2023-02-17,98.0,85.54318237304688
2023-02-21,97.08000183105469,84.7401123046875
2023-02-22,97.33999633789062,84.9670639038086
2023-02-23,97.69000244140625,85.27252197265625
2023-02-24,97.12999725341797,84.78376007080078
2023-02-27,97.31999969482422,84.94959259033203
2023-02-28,97.30999755859375,84.94086456298828
2023-03-01,96.5199966430664,84.45437622070312
2023-03-02,96.31999969482422,84.27935791015625
2023-03-03,97.08000183105469,84.94438171386719
2023-03-06,96.83999633789062,84.73436737060547
2023-03-07,96.70999908447266,84.62062072753906
2023-03-08,96.61000061035156,84.53314208984375
2023-03-09,96.95999908447266,84.8393325805664
2023-03-10,98.08999633789062,85.82807922363281
2023-03-13,98.87000274658203,86.5105972290039
2023-03-14,98.29000091552734,86.00310516357422
2023-03-15,99.2699966430664,86.8605728149414
2023-03-16,98.87999725341797,86.51931762695312
2023-03-17,99.5,87.06185150146484
2023-03-20,99.0999984741211,86.71183013916016
2023-03-21,98.80000305175781,86.4493408203125
2023-03-22,99.75,87.28059387207031
2023-03-23,99.98999786376953,87.4905776977539
2023-03-24,100.16000366210938,87.63932800292969
2023-03-27,99.08000183105469,86.69432830810547
2023-03-28,98.93000030517578,86.56307220458984
2023-03-29,99.05000305175781,86.66810607910156
2023-03-30,99.16000366210938,86.76437377929688
2023-03-31,99.63999938964844,87.1843490600586
2023-04-03,99.81999969482422,87.56330108642578
2023-04-04,100.19000244140625,87.88786315917969
2023-04-05,100.52999877929688,88.18610382080078
2023-04-06,100.44000244140625,88.10714721679688
2023-04-10,99.75,87.50187683105469
2023-04-11,99.80999755859375,87.55452728271484
2023-04-12,99.93000030517578,87.65978240966797
2023-04-13,99.88999938964844,87.62470245361328
2023-04-14,99.4000015258789,87.19486999511719
2023-04-17,98.9000015258789,86.75625610351562
2023-04-18,99.04000091552734,86.8790512084961
2023-04-19,98.88999938964844,86.74747467041016
2023-04-20,99.33999633789062,87.14222717285156
2023-04-21,99.16999816894531,86.99311065673828
2023-04-24,99.55999755859375,87.335205078125
2023-04-25,100.18000030517578,87.87910461425781
2023-04-26,99.80999755859375,87.55452728271484
2023-04-27,99.44999694824219,87.23870086669922
2023-04-28,99.95999908447266,87.68609619140625
2023-05-01,98.69000244140625,86.78824615478516
2023-05-02,99.6500015258789,87.6324691772461
2023-05-03,100.08999633789062,88.01937866210938
2023-05-04,99.97000122070312,87.91384887695312
2023-05-05,99.6500015258789,87.6324691772461
2023-05-08,99.0999984741211,87.14879608154297
2023-05-09,99.01000213623047,87.06964874267578
2023-05-10,99.6500015258789,87.6324691772461
2023-05-11,99.94999694824219,87.89627075195312
2023-05-12,99.38999938964844,87.40380096435547
2023-05-15,99.13999938964844,87.18397521972656
2023-05-16,98.91000366210938,86.98170471191406
2023-05-17,98.76000213623047,86.84979248046875
2023-05-18,98.30000305175781,86.44527435302734
2023-05-19,98.08000183105469,86.25177001953125
2023-05-22,97.98999786376953,86.1726303100586
2023-05-23,98.0999984741211,86.26939392089844
2023-05-24,97.8499984741211,86.04953002929688
2023-05-25,97.48999786376953,85.73294067382812
2023-05-26,97.56999969482422,85.80329132080078
2023-05-30,98.22000122070312,86.37492370605469
2023-05-31,98.56999969482422,86.68269348144531
2023-06-01,98.61000061035156,86.94546508789062
2023-06-02,98.08999633789062,86.4869613647461
2023-06-05,98.08000183105469,86.47816467285156
2023-06-06,98.19999694824219,86.58393859863281
2023-06-07,97.68000030517578,86.12545776367188
2023-06-08,98.19999694824219,86.58393859863281
2023-06-09,97.97000122070312,86.38117980957031
2023-06-12,98.13999938964844,86.53104400634766
2023-06-13,97.68000030517578,86.12545776367188
2023-06-14,97.7699966430664,86.204833984375
2023-06-15,98.44999694824219,86.80437469482422
2023-06-16,98.13999938964844,86.53104400634766
2023-06-20,98.31999969482422,86.68977355957031
2023-06-21,98.4800033569336,86.83082580566406
2023-06-22,97.97000122070312,86.38117980957031
2023-06-23,98.26000213623047,86.6368637084961
2023-06-26,98.37999725341797,86.7426528930664
2023-06-27,98.19000244140625,86.57514953613281
2023-06-28,98.4800033569336,86.83082580566406
2023-06-29,97.72000122070312,86.16072845458984
2023-06-30,97.94999694824219,86.36351013183594
2023-07-03,97.58000183105469,86.26187896728516
2023-07-05,97.13999938964844,85.87288665771484
2023-07-06,96.51000213623047,85.31599426269531
2023-07-07,96.52999877929688,85.33365631103516
2023-07-10,96.80000305175781,85.57234191894531
2023-07-11,97.01000213623047,85.75798797607422
2023-07-12,97.80000305175781,86.45634460449219
2023-07-13,98.41000366210938,86.99559783935547
2023-07-14,97.94000244140625,86.58012390136719
2023-07-17,98.05000305175781,86.67733764648438
2023-07-18,98.12999725341797,86.7480697631836
2023-07-19,98.43000030517578,87.01325988769531
2023-07-20,97.91999816894531,86.56242370605469
2023-07-21,97.98999786376953,86.6242904663086
2023-07-24,97.80999755859375,86.4651870727539
2023-07-25,97.69999694824219,86.36792755126953
2023-07-26,98.0199966430664,86.65082550048828
2023-07-27,97.18000030517578,85.90827178955078
2023-07-28,97.55999755859375,86.24417877197266
2023-07-31,97.68000030517578,86.35025024414062
2023-08-01,96.7699966430664,85.77851867675781
2023-08-02,96.54000091552734,85.57466125488281
2023-08-03,95.88999938964844,84.99846649169922
2023-08-04,96.68000030517578,85.69873809814453
2023-08-07,96.69999694824219,85.71646118164062
2023-08-08,96.93000030517578,85.92034149169922
2023-08-09,97.0,85.98241424560547
2023-08-10,96.37000274658203,85.42395782470703
2023-08-11,96.06999969482422,85.15805053710938
2023-08-14,96.0,85.09599304199219
2023-08-15,95.73999786376953,84.86551666259766
2023-08-16,95.51000213623047,84.66165924072266
2023-08-17,95.41000366210938,84.572998046875
2023-08-18,95.62000274658203,84.75916290283203
2023-08-21,95.13999938964844,84.33366394042969
2023-08-22,95.23999786376953,84.42233276367188
2023-08-23,96.1500015258789,85.22896575927734
2023-08-24,95.93000030517578,85.03395080566406
2023-08-25,95.87000274658203,84.98075103759766
2023-08-28,96.08000183105469,85.16690063476562
2023-08-29,96.69999694824219,85.71646118164062
2023-08-30,96.66000366210938,85.68101501464844
2023-08-31,96.80000305175781,85.80511474609375
2023-09-01,96.04000091552734,85.3607406616211
2023-09-05,95.5199966430664,84.89852905273438
2023-09-06,95.43000030517578,84.81852722167969
2023-09-07,95.7300033569336,85.08521270751953
2023-09-08,95.77999877929688,85.12962341308594
2023-09-11,95.66999816894531,85.0318603515625
2023-09-12,95.69999694824219,85.05854034423828
2023-09-13,95.83999633789062,85.18297576904297
2023-09-14,95.70999908447266,85.06742858886719
2023-09-15,95.48999786376953,84.87187194824219
2023-09-18,95.62999725341797,84.99629974365234
2023-09-19,95.3499984741211,84.7474594116211
2023-09-20,95.30000305175781,84.70301055908203
2023-09-21,94.6500015258789,84.12527465820312
2023-09-22,95.05000305175781,84.48082733154297
2023-09-25,94.30000305175781,83.81422424316406
2023-09-26,94.18000030517578,83.70752716064453
2023-09-27,93.8499984741211,83.41423797607422
2023-09-28,94.12999725341797,83.66310119628906
2023-09-29,94.04000091552734,83.5831069946289
2023-10-02,93.12999725341797,83.00112915039062
2023-10-03,92.4000015258789,82.35054016113281
2023-10-04,93.05000305175781,82.92984008789062
2023-10-05,93.11000061035156,82.98331451416016
2023-10-06,92.75,82.6624755859375
2023-10-09,93.70999908447266,83.5180435180664
2023-10-10,93.62000274658203,83.4378662109375
2023-10-11,94.05000305175781,83.82109069824219
2023-10-12,93.23999786376953,83.09915161132812
2023-10-13,93.63999938964844,83.45565795898438
2023-10-16,93.12000274658203,82.99224090576172
2023-10-17,92.44999694824219,82.39506530761719
2023-10-18,92.0199966430664,82.01187133789062
2023-10-19,91.66999816894531,81.69990539550781
2023-10-20,92.0,81.99402618408203
2023-10-23,92.36000061035156,82.31488800048828
2023-10-24,92.69000244140625,82.60899353027344
2023-10-25,92.0,81.99402618408203
2023-10-26,92.62000274658203,82.54661560058594
2023-10-27,92.58999633789062,82.5198745727539
2023-10-30,92.37000274658203,82.32379150390625
2023-10-31,92.30999755859375,82.27033996582031
2023-11-01,93.05000305175781,83.179443359375
2023-11-02,93.61000061035156,83.68003845214844
2023-11-03,94.18000030517578,84.18955993652344
2023-11-06,93.70999908447266,83.7694091796875
2023-11-07,94.20999908447266,84.21635437011719
2023-11-08,94.52999877929688,84.50244903564453
2023-11-09,93.73999786376953,83.79622650146484
2023-11-10,93.95999908447266,83.9928970336914
2023-11-13,93.94999694824219,83.98394775390625
2023-11-14,95.12999725341797,85.03878021240234
2023-11-15,94.54000091552734,84.51136779785156
2023-11-16,95.05999755859375,84.97621154785156
2023-11-17,95.25,85.14606475830078
2023-11-20,95.4000015258789,85.2801513671875
2023-11-21,95.5,85.36953735351562
2023-11-22,95.58999633789062,85.44999694824219
2023-11-24,95.1500015258789,85.05667114257812
2023-11-27,95.69000244140625,85.53938293457031
2023-11-28,96.11000061035156,85.91482543945312
2023-11-29,96.58000183105469,86.33497619628906
2023-11-30,96.26000213623047,86.04893493652344
2023-12-01,96.83000183105469,86.80553436279297
2023-12-04,96.45999908447266,86.47384643554688
2023-12-05,97.0999984741211,87.04761505126953
2023-12-06,97.3499984741211,87.271728515625
2023-12-07,97.37999725341797,87.29859924316406
2023-12-08,96.88999938964844,86.85932159423828
2023-12-11,96.9000015258789,86.86830139160156
2023-12-12,97.19000244140625,87.12828063964844
2023-12-13,98.41000366210938,88.22197723388672
2023-12-14,98.91999816894531,88.93402862548828
2023-12-15,98.69000244140625,88.72725677490234
2023-12-18,98.48999786376953,88.54742431640625
2023-12-19,98.61000061035156,88.65531921386719
2023-12-20,98.97000122070312,88.9789810180664
2023-12-21,98.95999908447266,88.96997833251953
2023-12-22,98.83000183105469,88.85308837890625
2023-12-26,99.02999877929688,89.03292083740234
2023-12-27,99.66000366210938,89.59931182861328
2023-12-28,99.44000244140625,89.40152740478516
2023-12-29,99.25,89.23070526123047
2024-01-02,98.77999877929688,88.80816650390625
2024-01-03,98.83000183105469,88.85308837890625
2024-01-04,98.43000030517578,88.49347686767578
2024-01-05,98.19999694824219,88.28669738769531
2024-01-08,98.56999969482422,88.61934661865234
2024-01-09,98.55000305175781,88.60134887695312
2024-01-10,98.36000061035156,88.4305648803711
2024-01-11,98.91999816894531,88.93402862548828
2024-01-12,99.0999984741211,89.09584045410156
2024-01-16,98.36000061035156,88.4305648803711
2024-01-17,98.08999633789062,88.18779754638672
2024-01-18,98.0,88.10689544677734
2024-01-19,98.0199966430664,88.12486267089844
2024-01-22,98.19999694824219,88.28669738769531
2024-01-23,97.95999908447266,88.07093811035156
2024-01-24,97.73999786376953,87.87313079833984
2024-01-25,98.18000030517578,88.26872253417969
2024-01-26,98.06999969482422,88.16984558105469
2024-01-29,98.45999908447266,88.52046203613281
2024-01-30,98.6500015258789,88.69123840332031
2024-01-31,99.0999984741211,89.09584045410156
2024-02-01,99.37000274658203,89.60350799560547
2024-02-02,98.45999908447266,88.78294372558594
2024-02-05,97.6500015258789,88.05258178710938
2024-02-06,98.16000366210938,88.51243591308594
2024-02-07,97.95999908447266,88.33210754394531
2024-02-08,97.66000366210938,88.06159210205078
2024-02-09,97.62999725341797,88.0345458984375
2024-02-12,97.6500015258789,88.05258178710938
2024-02-13,96.75,87.24102020263672
2024-02-14,97.18000030517578,87.62876892089844
2024-02-15,97.41000366210938,87.83616638183594
2024-02-16,97.0999984741211,87.55663299560547
2024-02-20,97.19000244140625,87.63777923583984
2024-02-21,96.9000015258789,87.37628173828125
2024-02-22,96.9800033569336,87.44841003417969
2024-02-23,97.33999633789062,87.77302551269531
2024-02-26,97.12999725341797,87.58365631103516
2024-02-27,97.0,87.4664306640625
2024-02-28,97.19000244140625,87.63777923583984
2024-02-29,97.3499984741211,87.78206634521484
2024-03-01,97.52999877929688,88.20348358154297
2024-03-04,97.29000091552734,87.98643493652344
2024-03-05,97.81999969482422,88.46575164794922
2024-03-06,97.97000122070312,88.60140228271484
2024-03-07,98.18000030517578,88.79132843017578
2024-03-08,98.2699966430664,88.87271881103516
2024-03-11,98.16000366210938,88.77324676513672
2024-03-12,97.91000366210938,88.54712677001953
2024-03-13,97.7300033569336,88.38436126708984
2024-03-14,97.11000061035156,87.82365417480469
2024-03-15,97.0999984741211,87.81460571289062
2024-03-18,97.0,87.72415924072266
2024-03-19,97.23999786376953,87.94121551513672
2024-03-20,97.44000244140625,88.1220932006836
2024-03-21,97.51000213623047,88.18540954589844
2024-03-22,97.81999969482422,88.46575164794922
2024-03-25,97.63999938964844,88.30297088623047
2024-03-26,97.73999786376953,88.39339447021484
2024-03-27,98.05999755859375,88.68280029296875
2024-03-28,97.94000244140625,88.57427978515625
2024-04-01,96.94000244140625,87.93029022216797
2024-04-02,96.87000274658203,87.86676788330078
2024-04-03,96.93000030517578,87.92118835449219
2024-04-04,97.16000366210938,88.12982940673828
2024-04-05,96.68000030517578,87.69444274902344
2024-04-08,96.58999633789062,87.61279296875
2024-04-09,96.91999816894531,87.91210174560547
2024-04-10,95.76000213623047,86.85993194580078
2024-04-11,95.77999877929688,86.87808990478516
2024-04-12,95.95999908447266,87.04132843017578
2024-04-15,95.37999725341797,86.51524353027344
2024-04-16,95.11000061035156,86.27034759521484
2024-04-17,95.55000305175781,86.66948699951172
2024-04-18,95.27999877929688,86.42454528808594
2024-04-19,95.37999725341797,86.51524353027344
2024-04-22,95.44000244140625,86.56968688964844
2024-04-23,95.63999938964844,86.75108337402344
2024-04-24,95.38999938964844,86.52432250976562
2024-04-25,95.12000274658203,86.2794418334961
2024-04-26,95.33000183105469,86.46991729736328
2024-04-29,95.62000274658203,86.73296356201172
2024-04-30,95.2300033569336,86.37918853759766
2024-05-01,95.2699966430664,86.68399047851562
2024-05-02,95.69999694824219,87.07524108886719
2024-05-03,96.19000244140625,87.52111053466797
2024-05-06,96.26000213623047,87.58480834960938
2024-05-07,96.45999908447266,87.76676177978516
2024-05-08,96.26000213623047,87.58480834960938
2024-05-09,96.44000244140625,87.74858856201172
2024-05-10,96.23999786376953,87.56659698486328
2024-05-13,96.29000091552734,87.6120834350586
2024-05-14,96.55000305175781,87.84866333007812
2024-05-15,97.19000244140625,88.43096923828125
2024-05-16,97.08000183105469,88.33088684082031
2024-05-17,96.7699966430664,88.0488052368164
2024-05-20,96.68000030517578,87.96693420410156
2024-05-21,96.86000061035156,88.1307144165039
2024-05-22,96.73999786376953,88.02151489257812
2024-05-23,96.47000122070312,87.77586364746094
2024-05-24,96.58000183105469,87.87593841552734
2024-05-28,96.12999725341797,87.46648406982422
2024-05-29,95.76000213623047,87.12982940673828
2024-05-30,96.20999908447266,87.53929138183594
2024-05-31,96.5199966430664,87.82134246826172
2024-06-03,96.80000305175781,88.35257720947266
2024-06-04,97.1500015258789,88.67204284667969
2024-06-05,97.44999694824219,88.94583892822266
2024-06-06,97.4800033569336,88.97323608398438
2024-06-07,96.62000274658203,88.1882553100586
2024-06-10,96.54000091552734,88.11526489257812
2024-06-11,96.87000274658203,88.41643524169922
2024-06-12,97.33000183105469,88.83631134033203
2024-06-13,97.81999969482422,89.2835464477539
2024-06-14,97.91999816894531,89.37481689453125
2024-06-17,97.56999969482422,89.05535125732422
2024-06-18,97.91999816894531,89.37481689453125
2024-06-20,97.75,89.21965789794922
2024-06-21,97.76000213623047,89.22881317138672
2024-06-24,97.83999633789062,89.30180358886719
2024-06-25,97.83000183105469,89.29268646240234
2024-06-26,97.38999938964844,88.89108276367188
2024-06-27,97.55000305175781,89.03710174560547
2024-06-28,97.06999969482422,88.5989761352539
2024-07-01,96.25,88.12381744384766
2024-07-02,96.56999969482422,88.41679382324219
2024-07-03,97.08999633789062,88.89290618896484
2024-07-05,97.58000183105469,89.3415298461914
2024-07-08,97.61000061035156,89.36900329589844
2024-07-09,97.5199966430664,89.28660583496094
2024-07-10,97.62000274658203,89.37815856933594
2024-07-11,98.12000274658203,89.83592987060547
2024-07-12,98.38999938964844,90.08314514160156
2024-07-15,98.05000305175781,89.77186584472656
2024-07-16,98.44999694824219,90.13807678222656
2024-07-17,98.5199966430664,90.20218658447266
2024-07-18,98.25,89.9549789428711
2024-07-19,98.05000305175781,89.77186584472656
2024-07-22,98.01000213623047,89.7352523803711
2024-07-23,98.0,89.72608184814453
2024-07-24,97.69999694824219,89.4513931274414
2024-07-25,97.97000122070312,89.6986083984375
2024-07-26,98.31999969482422,90.0190658569336
2024-07-29,98.4800033569336,90.16554260253906
2024-07-30,98.58000183105469,90.25711059570312
2024-07-31,99.11000061035156,90.74237823486328
2024-08-01,99.22000122070312,91.1225814819336
2024-08-02,100.33000183105469,92.14203643798828
2024-08-05,100.25,92.0685043334961
2024-08-06,99.6500015258789,91.5174789428711
2024-08-07,99.3499984741211,91.24197387695312
2024-08-08,99.19999694824219,91.10420989990234
2024-08-09,99.55000305175781,91.42565155029297
2024-08-12,99.72000122070312,91.58177185058594
2024-08-13,100.12000274658203,91.94913482666016
2024-08-14,100.30000305175781,92.11444091796875
2024-08-15,99.87999725341797,91.72872924804688
2024-08-16,100.12000274658203,91.94913482666016
2024-08-19,100.2300033569336,92.05014038085938
2024-08-20,100.52999877929688,92.32566833496094
2024-08-21,100.72000122070312,92.50015258789062
2024-08-22,100.30999755859375,92.12362670898438
2024-08-23,100.7699966430664,92.54608154296875
2024-08-26,100.68000030517578,92.46340942382812
2024-08-27,100.70999908447266,92.49095916748047
2024-08-28,100.62000274658203,92.40834045410156
2024-08-29,100.48999786376953,92.28893280029297
2024-08-30,100.25,92.0685043334961
2024-09-03,100.36000061035156,92.457275390625
2024-09-04,100.80000305175781,92.8626480102539
2024-09-05,101.05999755859375,93.1021728515625
2024-09-06,101.19000244140625,93.22191619873047
2024-09-09,101.33999633789062,93.360107421875
2024-09-10,101.6500015258789,93.64569854736328
2024-09-11,101.62000274658203,93.6180648803711
2024-09-12,101.52999877929688,93.53514862060547
2024-09-13,101.73999786376953,93.72863006591797
2024-09-16,101.9800033569336,93.9497299194336
2024-09-17,101.87999725341797,93.85758972167969
2024-09-18,101.55999755859375,93.56278991699219
2024-09-19,101.56999969482422,93.5719985961914
2024-09-20,101.4800033569336,93.48908996582031
2024-09-23,101.44000244140625,93.4522476196289
2024-09-24,101.58000183105469,93.58121490478516
2024-09-25,101.19000244140625,93.22191619873047
2024-09-26,101.20999908447266,93.24031829833984
2024-09-27,101.5,93.50748443603516
2024-09-30,101.2699966430664,93.29563903808594
2024-10-01,101.2300033569336,93.54235076904297
2024-10-02,101.0199966430664,93.34829711914062
2024-10-03,100.61000061035156,92.96943664550781
2024-10-04,99.95999908447266,92.3687973022461
2024-10-07,99.62000274658203,92.05461883544922
2024-10-08,99.79000091552734,92.21170043945312
2024-10-09,99.52999877929688,91.97145080566406
2024-10-10,99.47000122070312,91.91600799560547
2024-10-11,99.5,91.94373321533203
2024-10-14,99.41000366210938,91.8605728149414
2024-10-15,99.80999755859375,92.23017120361328
2024-10-16,99.94000244140625,92.35032653808594
2024-10-17,99.44999694824219,91.89750671386719
2024-10-18,99.5199966430664,91.96221160888672
2024-10-21,98.83000183105469,91.32462310791016
2024-10-22,98.8499984741211,91.34310150146484
2024-10-23,98.5999984741211,91.11209106445312
2024-10-24,98.79000091552734,91.28765106201172
2024-10-25,98.58999633789062,91.10282897949219
2024-10-28,98.43000030517578,90.9549789428711
2024-10-29,98.54000091552734,91.05662536621094
2024-10-30,98.44000244140625,90.96424865722656
2024-10-31,98.41999816894531,90.94575500488281
2024-11-01,97.72000122070312,90.58422088623047
2024-11-04,98.12999725341797,90.96430206298828
2024-11-05,98.36000061035156,91.177490234375
2024-11-06,97.58999633789062,90.46371459960938
2024-11-07,98.33000183105469,91.14967346191406
2024-11-08,98.5,91.30726623535156
2024-11-11,98.27999877929688,91.10330963134766
2024-11-12,97.70999908447266,90.57495880126953
2024-11-13,97.69000244140625,90.55642700195312
2024-11-14,97.6500015258789,90.51933288574219
2024-11-15,97.66000366210938,90.52859497070312
2024-11-18,97.75,90.6120376586914
2024-11-19,97.88999938964844,90.74181365966797
2024-11-20,97.79000091552734,90.64910888671875
2024-11-21,97.73999786376953,90.60274505615234
2024-11-22,97.80999755859375,90.66764831542969
2024-11-25,98.69000244140625,91.48338317871094
2024-11-26,98.54000091552734,91.3443374633789
2024-11-27,98.80999755859375,91.59463500976562
2024-11-29,99.19999694824219,91.95613861083984
2024-12-02,98.9000015258789,91.96732330322266
2024-12-03,98.70999908447266,91.79064178466797
2024-12-04,99.02999877929688,92.08819580078125
2024-12-05,99.05000305175781,92.10679626464844
2024-12-06,99.33000183105469,92.36717224121094
2024-12-09,99.04000091552734,92.09750366210938
2024-12-10,98.91999816894531,91.98590087890625
2024-12-11,98.69000244140625,91.77203369140625
2024-12-12,98.29000091552734,91.40008544921875
2024-12-13,97.91999816894531,91.05599212646484
2024-12-16,98.01000213623047,91.13971710205078
2024-12-17,98.01000213623047,91.13971710205078
2024-12-18,96.94999694824219,90.44561767578125
2024-12-19,96.69999694824219,90.21237182617188
2024-12-20,96.95999908447266,90.45492553710938
2024-12-23,96.66000366210938,90.17506408691406
2024-12-24,96.7699966430664,90.27767944335938
2024-12-26,96.83999633789062,90.34297943115234
2024-12-27,96.63999938964844,90.15641021728516
2024-12-30,97.0199966430664,90.51091003417969
2024-12-31,96.9000015258789,90.39896392822266
2025-01-02,96.91000366210938,90.40829467773438
2025-01-03,96.80999755859375,90.31501007080078
2025-01-06,96.70999908447266,90.2217025756836
2025-01-07,96.37000274658203,89.9045181274414
2025-01-08,96.4800033569336,90.00714111328125
2025-01-10,95.94000244140625,89.50338745117188
2025-01-13,95.8499984741211,89.4194107055664
2025-01-14,95.87999725341797,89.44739532470703
2025-01-15,96.70999908447266,90.2217025756836
2025-01-16,96.91999816894531,90.4176254272461
2025-01-17,96.91999816894531,90.4176254272461
2025-01-21,97.23999786376953,90.71615600585938
2025-01-22,97.01000213623047,90.50157928466797
2025-01-23,96.8499984741211,90.3523178100586
2025-01-24,97.01000213623047,90.50157928466797
2025-01-27,97.55000305175781,91.00537872314453
2025-01-28,97.5199966430664,90.97735595703125
2025-01-29,97.45999908447266,90.92140197753906
2025-01-30,97.5999984741211,91.052001953125
2025-01-31,97.4000015258789,90.86540222167969
2025-02-03,97.16999816894531,90.9515151977539
2025-02-04,97.3499984741211,91.12002563476562
2025-02-05,97.87000274658203,91.60672760009766
2025-02-06,97.7699966430664,91.51313781738281
2025-02-07,97.45999908447266,91.22296142578125
2025-02-10,97.48999786376953,91.25105285644531
2025-02-11,97.2699966430664,91.0451431274414
2025-02-12,96.76000213623047,90.56775665283203
2025-02-13,97.33999633789062,91.11065673828125
2025-02-14,97.69999694824219,91.44761657714844
2025-02-18,97.30999755859375,91.08256530761719
2025-02-19,97.44999694824219,91.213623046875
2025-02-20,97.5999984741211,91.35401916503906
2025-02-21,98.0199966430664,91.74714660644531
2025-02-24,98.19000244140625,91.90625762939453
2025-02-25,98.80000305175781,92.47722625732422
2025-02-26,98.95999908447266,92.6269760131836
2025-02-27,98.80999755859375,92.48656463623047
2025-02-28,99.25,92.89842224121094
2025-03-03,99.16000366210938,93.09935760498047
2025-03-04,98.91000366210938,92.86461639404297
2025-03-05,98.56999969482422,92.54541778564453
2025-03-06,98.47000122070312,92.45153045654297
2025-03-07,98.3499984741211,92.3388442993164
2025-03-10,98.81999969482422,92.7801284790039
2025-03-11,98.47000122070312,92.45153045654297
2025-03-12,98.18000030517578,92.1792221069336
2025-03-13,98.4800033569336,92.4609146118164
2025-03-14,98.27999877929688,92.27311706542969
2025-03-17,98.41000366210938,92.39518737792969
2025-03-18,98.51000213623047,92.48906707763672
2025-03-19,98.80000305175781,92.76136016845703
2025-03-20,98.86000061035156,92.81767272949219
2025-03-21,98.73999786376953,92.70500946044922
2025-03-24,98.36000061035156,92.34823608398438
2025-03-25,98.44999694824219,92.4327163696289
2025-03-26,98.20999908447266,92.2073974609375
2025-03-27,98.16000366210938,92.16047668457031
2025-03-28,98.7300033569336,92.69564056396484
2025-03-31,98.91999816894531,92.87400817871094
2025-04-01,98.95999908447266,93.21781158447266
2025-04-02,98.8499984741211,93.11421203613281
2025-04-03,99.37000274658203,93.60404205322266
2025-04-04,99.45999908447266,93.6888198852539
2025-04-07,98.19999694824219,92.50193786621094
2025-04-08,97.69000244140625,92.02152252197266
2025-04-09,97.91000366210938,92.228759765625
2025-04-10,97.13999938964844,91.5034408569336
2025-04-11,97.04000091552734,91.40926361083984
2025-04-14,97.61000061035156,91.94615936279297
2025-04-15,97.80999755859375,92.13456726074219
2025-04-16,98.12000274658203,92.42655944824219
2025-04-17,97.87000274658203,92.19107055664062
2025-04-21,97.27999877929688,91.63529968261719
2025-04-22,97.45999908447266,91.80486297607422
2025-04-23,97.69999694824219,92.03094482421875
2025-04-24,98.23999786376953,92.53961181640625
2025-04-25,98.5999984741211,92.87873077392578
2025-04-28,98.87000274658203,93.133056640625
2025-04-29,99.11000061035156,93.35912322998047
2025-04-30,99.0199966430664,93.27434539794922
2025-05-01,98.43000030517578,93.02013397216797
2025-05-02,97.94999694824219,92.5665054321289
2025-05-05,97.77999877929688,92.40585327148438
2025-05-06,98.0199966430664,92.63265991210938
2025-05-07,98.16999816894531,92.7744369506836
2025-05-08,97.66000366210938,92.29243469238281
2025-05-09,97.76000213623047,92.38697814941406
2025-05-12,97.43000030517578,92.07510375976562
2025-05-13,97.33000183105469,91.98060607910156
2025-05-14,97.05000305175781,91.71598052978516
2025-05-15,97.5999984741211,92.23575592041016
2025-05-16,97.66000366210938,92.29243469238281
2025-05-19,97.62999725341797,92.26409149169922
2025-05-20,97.45999908447266,92.10346221923828
2025-05-21,96.81999969482422,91.49861907958984
2025-05-22,97.0999984741211,91.76324462890625
2025-05-23,97.23999786376953,91.8955307006836
2025-05-27,97.68000030517578,92.31134796142578
2025-05-28,97.5,92.14125061035156
2025-05-29,97.86000061035156,92.48146057128906
2025-05-30,98.0999984741211,92.70826721191406
2025-06-02,97.5199966430664,92.464599609375
2025-06-03,97.44999694824219,92.39823150634766
2025-06-04,98.02999877929688,92.9481430053711
2025-06-05,97.77999877929688,92.71111297607422
2025-06-06,97.27999877929688,92.23703002929688
2025-06-09,97.4000015258789,92.35081481933594
2025-06-10,97.62000274658203,92.55941772460938
2025-06-11,97.94999694824219,92.8722915649414
2025-06-12,98.30999755859375,93.21363830566406
2025-06-13,97.95999908447266,92.88178253173828
2025-06-16,97.76000213623047,92.69216918945312
2025-06-17,98.05999755859375,92.97660827636719
2025-06-18,98.12999725341797,93.04296875
2025-06-20,98.22000122070312,93.12831115722656
2025-06-23,98.41999816894531,93.31794738769531
2025-06-24,98.81999969482422,93.69719696044922
2025-06-25,98.80999755859375,93.68771362304688
2025-06-26,99.08000183105469,93.94373321533203
2025-06-27,98.80000305175781,93.67823791503906
2025-06-30,99.19999694824219,94.05750274658203
2025-07-01,98.79000091552734,93.97095489501953
2025-07-02,98.66999816894531,93.8567886352539
2025-07-03,98.47000122070312,93.66654205322266
2025-07-07,98.12000274658203,93.33363342285156
2025-07-08,98.08000183105469,93.29556274414062
2025-07-09,98.48999786376953,93.68557739257812
2025-07-10,98.45999908447266,93.65704345703125
2025-07-11,98.05000305175781,93.26704406738281
2025-07-14,98.04000091552734,93.25753784179688
2025-07-15,97.75,92.98165893554688
2025-07-16,97.88999938964844,93.11485290527344
2025-07-17,97.93000030517578,93.15289306640625
2025-07-18,98.11000061035156,93.3241195678711
2025-07-21,98.37999725341797,93.5809326171875
2025-07-22,98.56999969482422,93.76168060302734
2025-07-23,98.3499984741211,93.55242156982422
2025-07-24,98.29000091552734,93.4953384399414
2025-07-25,98.44999694824219,93.64752197265625
2025-07-28,98.31999969482422,93.52386474609375
2025-07-29,98.8499984741211,94.02801513671875
2025-07-30,98.56999969482422,93.76168060302734
2025-07-31,98.62000274658203,93.80924987792969
2025-08-01,99.13999938964844,94.62047576904297
2025-08-04,99.22000122070312,94.69684600830078
2025-08-05,99.25,94.72547149658203
2025-08-06,99.20999908447266,94.68728637695312
2025-08-07,99.12999725341797,94.61094665527344
2025-08-08,98.94000244140625,94.42960357666016
2025-08-11,99.01000213623047,94.49641418457031
2025-08-12,99.01000213623047,94.49641418457031
2025-08-13,99.37000274658203,94.84001922607422
2025-08-14,99.08999633789062,94.57276916503906
2025-08-15,98.94000244140625,94.42960357666016
2025-08-18,98.83000183105469,94.3246078491211
2025-08-19,99.0199966430664,94.5059585571289
2025-08-20,99.08000183105469,94.56321716308594
2025-08-21,98.8499984741211,94.34371948242188
2025-08-22,99.4000015258789,94.8686294555664
2025-08-25,99.25,94.72547149658203
2025-08-26,99.37000274658203,94.84001922607422
2025-08-27,99.47000122070312,94.93545532226562
2025-08-28,99.58999633789062,95.04997253417969
2025-08-29,99.45999908447266,94.9259033203125
2025-09-02,98.87000274658203,94.67406463623047
2025-09-03,99.2300033569336,95.01876831054688
2025-09-04,99.62999725341797,95.40180206298828
2025-09-05,100.0999984741211,95.85185241699219
2025-09-08,100.44000244140625,96.17744445800781
2025-09-09,100.23999786376953,95.98591613769531
2025-09-10,100.44000244140625,96.17744445800781
2025-09-11,100.62999725341797,96.35936737060547
2025-09-12,100.54000091552734,96.27317810058594
2025-09-15,100.70999908447266,96.43597412109375
2025-09-16,100.75,96.47428894042969
2025-09-17,100.56999969482422,96.30191802978516
2025-09-18,100.29000091552734,96.03380584716797
2025-09-19,100.29000091552734,96.03380584716797
2025-09-22,100.16999816894531,95.91888427734375
2025-09-23,100.33000183105469,96.07210540771484
2025-09-24,100.13999938964844,95.89015197753906
2025-09-25,100.0,95.75609588623047
2025-09-26,100.06999969482422,95.82313537597656
2025-09-29,100.26000213623047,96.00508117675781
2025-09-30,100.25,95.9955062866211
2025-10-01,100.18000030517578,96.24047088623047
2025-10-02,100.29000091552734,96.34614562988281
2025-10-03,100.18000030517578,96.24047088623047
2025-10-06,99.95999908447266,96.02912902832031
2025-10-07,100.12999725341797,96.19242858886719
2025-10-08,100.13999938964844,96.20203399658203
2025-10-09,100.0199966430664,96.08675384521484
2025-10-10,100.43000030517578,96.48062896728516
2025-10-13,100.62000274658203,96.66316986083984
2025-10-14,100.77999877929688,96.81687927246094
2025-10-15,100.73999786376953,96.7784423828125
2025-10-16,101.0999984741211,97.12428283691406
2025-10-17,100.95999908447266,96.98979187011719
2025-10-20,101.12999725341797,97.15310668945312
2025-10-21,101.2300033569336,97.24919128417969
2025-10-22,101.22000122070312,97.23957061767578
2025-10-23,101.04000091552734,97.06665802001953
2025-10-24,101.13999938964844,97.1627197265625
2025-10-27,101.20999908447266,97.2299575805664
2025-10-28,101.2699966430664,97.28761291503906
2025-10-29,100.79000091552734,96.82647705078125
2025-10-30,100.5999984741211,96.64395141601562
2025-10-31,100.54000091552734,96.5863037109375
2025-11-03,100.08999633789062,96.46775817871094
2025-11-04,100.13999938964844,96.51595306396484
2025-11-05,99.87000274658203,96.2557144165039
2025-11-06,100.23999786376953,96.61231994628906
2025-11-07,100.19999694824219,96.57378387451172
2025-11-10,100.16000366210938,96.53524017333984
2025-11-11,100.45999908447266,96.8243637084961
2025-11-12,100.41999816894531,96.78583526611328
2025-11-13,100.12000274658203,96.4966812133789
2025-11-14,100.0,96.38101959228516
2025-11-17,100.0199966430664,96.4002914428711
2025-11-18,100.08000183105469,96.45812225341797
2025-11-19,100.08000183105469,96.45812225341797
2025-11-20,100.19999694824219,96.57378387451172
2025-11-21,100.44000244140625,96.80510711669922
2025-11-24,100.63999938964844,96.99787139892578
2025-11-25,100.80000305175781,97.15206146240234
2025-11-26,100.95999908447266,97.30628204345703
2025-11-28,100.81999969482422,97.17134094238281
2025-12-01,100.05999755859375,96.75169372558594
2025-12-02,100.19000244140625,96.87738800048828
2025-12-03,100.37999725341797,97.06111907958984
2025-12-04,100.13999938964844,96.82904815673828
2025-12-05,100.02999877929688,96.72269439697266
2025-12-08,99.87000274658203,96.56796264648438
2025-12-09,99.77999877929688,96.48094177246094
2025-12-10,100.0999984741211,96.79035949707031
2025-12-11,100.12000274658203,96.8097152709961
2025-12-12,99.80999755859375,96.50995635986328
2025-12-15,99.91000366210938,96.60665130615234
2025-12-16,100.0999984741211,96.79035949707031
2025-12-17,100.06999969482422,96.76136779785156
2025-12-18,100.31999969482422,97.00308990478516
2025-12-19,99.83999633789062,96.86144256591797
2025-12-22,99.80000305175781,96.82264709472656
2025-12-23,99.80000305175781,96.82264709472656
2025-12-24,100.0199966430664,97.03607940673828
2025-12-26,100.04000091552734,97.05548858642578
2025-12-29,100.16000366210938,97.17192077636719
2025-12-30,100.12000274658203,97.13310241699219
2025-12-31,99.87999725341797,96.90025329589844
