Date,Close,AdjustedClose
2017-01-03,225.24000549316406,193.48765563964844
2017-01-04,226.5800018310547,194.63876342773438
2017-01-05,226.39999389648438,194.48410034179688
2017-01-06,227.2100067138672,195.1799774169922
2017-01-09,226.4600067138672,194.53573608398438
2017-01-10,226.4600067138672,194.53573608398438
2017-01-11,227.10000610351562,195.08551025390625
2017-01-12,226.52999877929688,194.5958709716797
2017-01-13,227.0500030517578,195.0425262451172
2017-01-17,226.25,194.3553009033203
2017-01-18,226.75,194.78482055664062
2017-01-19,225.91000366210938,194.063232421875
2017-01-20,226.74000549316406,194.77627563476562
2017-01-23,226.14999389648438,194.26943969726562
2017-01-24,227.60000610351562,195.51498413085938
2017-01-25,229.57000732421875,197.20729064941406
2017-01-26,229.3300018310547,197.00112915039062
2017-01-27,228.97000122070312,196.6918487548828
2017-01-30,227.5500030517578,195.47201538085938
2017-01-31,227.52999877929688,195.45481872558594
2017-02-01,227.6199951171875,195.53216552734375
2017-02-02,227.77000427246094,195.66102600097656
2017-02-03,229.33999633789062,197.0097198486328
2017-02-06,228.92999267578125,196.657470703125
2017-02-07,228.94000244140625,196.6660919189453
2017-02-08,229.24000549316406,196.92379760742188
2017-02-09,230.60000610351562,198.0921173095703
2017-02-10,231.50999450683594,198.87380981445312
2017-02-13,232.77000427246094,199.9561767578125
2017-02-14,233.6999969482422,200.75506591796875
2017-02-15,234.9199981689453,201.80313110351562
2017-02-16,234.72000122070312,201.6312713623047
2017-02-17,235.08999633789062,201.94911193847656
2017-02-21,236.49000549316406,203.15179443359375
2017-02-22,236.27999877929688,202.9713897705078
2017-02-23,236.44000244140625,203.1088409423828
2017-02-24,236.74000549316406,203.3665313720703
2017-02-27,237.11000061035156,203.68438720703125
2017-02-28,236.47000122070312,203.13458251953125
2017-03-01,239.77999877929688,205.97796630859375
2017-03-02,238.27000427246094,204.68081665039062
2017-03-03,238.4199981689453,204.8096923828125
2017-03-06,237.7100067138672,204.19976806640625
2017-03-07,237.0,203.58990478515625
2017-03-08,236.55999755859375,203.21185302734375
2017-03-09,236.86000061035156,203.4695587158203
2017-03-10,237.69000244140625,204.18258666992188
2017-03-13,237.80999755859375,204.28564453125
2017-03-14,236.89999389648438,203.50396728515625
2017-03-15,238.9499969482422,205.26495361328125
2017-03-16,238.47999572753906,204.86117553710938
2017-03-17,237.02999877929688,204.5014190673828
2017-03-20,236.77000427246094,204.27711486816406
2017-03-21,233.72999572753906,201.654296875
2017-03-22,234.27999877929688,202.1288299560547
2017-03-23,234.02999877929688,201.91314697265625
2017-03-24,233.86000061035156,201.76646423339844
2017-03-27,233.6199951171875,201.5594024658203
2017-03-28,235.32000732421875,203.02610778808594
2017-03-29,235.5399932861328,203.21595764160156
2017-03-30,236.2899932861328,203.86302185058594
2017-03-31,235.74000549316406,203.38848876953125
2017-04-03,235.3300018310547,203.03477478027344
2017-04-04,235.47999572753906,203.16419982910156
2017-04-05,234.77999877929688,202.56019592285156
2017-04-06,235.44000244140625,203.129638671875
2017-04-07,235.1999969482422,202.92259216308594
2017-04-10,235.33999633789062,203.04335021972656
2017-04-11,235.05999755859375,202.8017578125
2017-04-12,234.02999877929688,201.91314697265625
2017-04-13,232.50999450683594,200.60174560546875
2017-04-17,234.57000732421875,202.3790740966797
2017-04-18,233.8699951171875,201.7750701904297
2017-04-19,233.44000244140625,201.404052734375
2017-04-20,235.33999633789062,203.04335021972656
2017-04-21,234.58999633789062,202.3963165283203
2017-04-24,237.1699981689453,204.62225341796875
2017-04-25,238.5500030517578,205.81280517578125
2017-04-26,238.39999389648438,205.68344116210938
2017-04-27,238.60000610351562,205.85601806640625
2017-04-28,238.0800018310547,205.40733337402344
2017-05-01,238.67999267578125,205.92501831054688
2017-05-02,238.77000427246094,206.00267028808594
2017-05-03,238.47999572753906,205.75244140625
2017-05-04,238.75999450683594,205.9940185546875
2017-05-05,239.6999969482422,206.8050537109375
2017-05-08,239.66000366210938,206.7705078125
2017-05-09,239.44000244140625,206.5806884765625
2017-05-10,239.8699951171875,206.95169067382812
2017-05-11,239.3800048828125,206.5289306640625
2017-05-12,238.97999572753906,206.18385314941406
2017-05-15,240.3000030517578,207.32266235351562
2017-05-16,240.0800018310547,207.13291931152344
2017-05-17,235.82000732421875,203.45748901367188
2017-05-18,236.77000427246094,204.27711486816406
2017-05-19,238.30999755859375,205.6057891845703
2017-05-22,239.52000427246094,206.64976501464844
2017-05-23,240.0500030517578,207.10702514648438
2017-05-24,240.61000061035156,207.5901336669922
2017-05-25,241.75999450683594,208.58230590820312
2017-05-26,241.7100067138672,208.53919982910156
2017-05-30,241.5,208.35797119140625
2017-05-31,241.44000244140625,208.30624389648438
2017-06-01,243.36000061035156,209.96275329589844
2017-06-02,244.1699981689453,210.66162109375
2017-06-05,243.99000549316406,210.5063018798828
2017-06-06,243.2100067138672,209.83334350585938
2017-06-07,243.66000366210938,210.2216033935547
2017-06-08,243.77999877929688,210.32508850097656
2017-06-09,243.41000366210938,210.0059051513672
2017-06-12,243.36000061035156,209.96275329589844
2017-06-13,244.5500030517578,210.9894561767578
2017-06-14,244.24000549316406,210.72198486328125
2017-06-15,243.77000427246094,210.31651306152344
2017-06-16,242.63999938964844,210.3624267578125
2017-06-19,244.66000366210938,212.11373901367188
2017-06-20,243.00999450683594,210.6832275390625
2017-06-21,242.9499969482422,210.6311798095703
2017-06-22,242.83999633789062,210.53587341308594
2017-06-23,243.1300048828125,210.7872772216797
2017-06-26,243.2899932861328,210.9259490966797
2017-06-27,241.3300018310547,209.22677612304688
2017-06-28,243.49000549316406,211.09938049316406
2017-06-29,241.35000610351562,209.24407958984375
2017-06-30,241.8000030517578,209.6342010498047
2017-07-03,242.2100067138672,209.98963928222656
2017-07-05,242.77000427246094,210.47518920898438
2017-07-06,240.5500030517578,208.5504608154297
2017-07-07,242.11000061035156,209.90292358398438
2017-07-10,242.3699951171875,210.12835693359375
2017-07-11,242.19000244140625,209.9722900390625
2017-07-12,244.00999450683594,211.55023193359375
2017-07-13,244.4199981689453,211.90567016601562
2017-07-14,245.55999755859375,212.89401245117188
2017-07-17,245.52999877929688,212.86798095703125
2017-07-18,245.66000366210938,212.980712890625
2017-07-19,246.99000549316406,214.1337432861328
2017-07-20,247.10000610351562,214.22914123535156
2017-07-21,246.8800048828125,214.0383758544922
2017-07-24,246.82000732421875,213.9864044189453
2017-07-25,247.4199981689453,214.50660705566406
2017-07-26,247.42999267578125,214.51519775390625
2017-07-27,247.1999969482422,214.3157958984375
2017-07-28,246.91000366210938,214.064453125
2017-07-31,246.77000427246094,213.94300842285156
2017-08-01,247.32000732421875,214.4198455810547
2017-08-02,247.44000244140625,214.52389526367188
2017-08-03,246.9600067138672,214.10775756835938
2017-08-04,247.41000366210938,214.49786376953125
2017-08-07,247.8699951171875,214.89671325683594
2017-08-08,247.25999450683594,214.3678741455078
2017-08-09,247.25,214.35919189453125
2017-08-10,243.75999450683594,211.3334503173828
2017-08-11,244.1199951171875,211.64559936523438
2017-08-14,246.5399932861328,213.74362182617188
2017-08-15,246.50999450683594,213.71766662597656
2017-08-16,246.94000244140625,214.09042358398438
2017-08-17,243.08999633789062,210.75259399414062
2017-08-18,242.7100067138672,210.4231414794922
2017-08-21,242.89999389648438,210.58787536621094
2017-08-22,245.44000244140625,212.7899627685547
2017-08-23,244.55999755859375,212.02699279785156
2017-08-24,243.99000549316406,211.53285217285156
2017-08-25,244.55999755859375,212.02699279785156
2017-08-28,244.57000732421875,212.03570556640625
2017-08-29,244.85000610351562,212.2784881591797
2017-08-30,246.00999450683594,213.28411865234375
2017-08-31,247.49000549316406,214.56727600097656
2017-09-01,247.83999633789062,214.87069702148438
2017-09-05,246.05999755859375,213.3275146484375
2017-09-06,246.89999389648438,214.05575561523438
2017-09-07,246.8699951171875,214.0297393798828
2017-09-08,246.5800018310547,213.77833557128906
2017-09-11,249.2100067138672,216.05845642089844
2017-09-12,250.0500030517578,216.78668212890625
2017-09-13,250.1699981689453,216.89073181152344
2017-09-14,250.08999633789062,216.8213653564453
2017-09-15,249.19000244140625,217.11325073242188
2017-09-18,249.72000122070312,217.57505798339844
2017-09-19,249.97000122070312,217.79286193847656
2017-09-20,250.05999755859375,217.8712615966797
2017-09-21,249.38999938964844,217.28753662109375
2017-09-22,249.44000244140625,217.3311004638672
2017-09-25,248.92999267578125,216.88674926757812
2017-09-26,249.0800018310547,217.01744079589844
2017-09-27,250.0500030517578,217.862548828125
2017-09-28,250.35000610351562,218.12400817871094
2017-09-29,251.22999572753906,218.89071655273438
2017-10-02,252.32000732421875,219.8403778076172
2017-10-03,252.86000061035156,220.31085205078125
2017-10-04,253.16000366210938,220.57228088378906
2017-10-05,254.66000366210938,221.8791961669922
2017-10-06,254.3699951171875,221.62648010253906
2017-10-09,253.9499969482422,221.26055908203125
2017-10-10,254.6199951171875,221.8443145751953
2017-10-11,255.02000427246094,222.19281005859375
2017-10-12,254.63999938964844,221.86170959472656
2017-10-13,254.9499969482422,222.13186645507812
2017-10-16,255.2899932861328,222.4280242919922
2017-10-17,255.47000122070312,222.5848846435547
2017-10-18,255.72000122070312,222.8026580810547
2017-10-19,255.7899932861328,222.86370849609375
2017-10-20,257.1099853515625,224.0137481689453
2017-10-23,256.1099853515625,223.14251708984375
2017-10-24,256.55999755859375,223.53460693359375
2017-10-25,255.2899932861328,222.4280242919922
2017-10-26,255.6199951171875,222.71559143066406
2017-10-27,257.7099914550781,224.53652954101562
2017-10-30,256.75,223.7001495361328
2017-10-31,257.1499938964844,224.0486297607422
2017-11-01,257.489990234375,224.3448486328125
2017-11-02,257.5899963378906,224.43199157714844
2017-11-03,258.45001220703125,225.1813201904297
2017-11-06,258.8500061035156,225.52980041503906
2017-11-07,258.6700134277344,225.37298583984375
2017-11-08,259.1099853515625,225.7562713623047
2017-11-09,258.1700134277344,224.93736267089844
2017-11-10,258.0899963378906,224.86767578125
2017-11-13,258.3299865722656,225.0767059326172
2017-11-14,257.7300109863281,224.5540313720703
2017-11-15,256.44000244140625,223.43002319335938
2017-11-16,258.6199951171875,225.32940673828125
2017-11-17,257.8599853515625,224.667236328125
2017-11-20,258.29998779296875,225.05056762695312
2017-11-21,259.989990234375,226.52297973632812
2017-11-22,259.760009765625,226.3227081298828
2017-11-24,260.3599853515625,226.84542846679688
2017-11-27,260.2300109863281,226.732177734375
2017-11-28,262.8699951171875,229.0323944091797
2017-11-29,262.7099914550781,228.89288330078125
2017-11-30,265.010009765625,230.8968963623047
2017-12-01,264.4599914550781,230.4176025390625
2017-12-04,264.1400146484375,230.13885498046875
2017-12-05,263.19000244140625,229.31112670898438
2017-12-06,263.239990234375,229.35464477539062
2017-12-07,264.07000732421875,230.07789611816406
2017-12-08,265.510009765625,231.33251953125
2017-12-11,266.30999755859375,232.02951049804688
2017-12-12,266.7799987792969,232.43899536132812
2017-12-13,266.75,232.4128875732422
2017-12-14,265.6600036621094,231.4631805419922
2017-12-15,266.510009765625,233.39071655273438
2017-12-18,268.20001220703125,234.87066650390625
2017-12-19,267.1700134277344,233.96865844726562
2017-12-20,267.0299987792969,233.84605407714844
2017-12-21,267.5799865722656,234.3277130126953
2017-12-22,267.510009765625,234.266357421875
2017-12-26,267.19000244140625,233.98614501953125
2017-12-27,267.32000732421875,234.1000518798828
2017-12-28,267.8699951171875,234.5816192626953
2017-12-29,266.8599853515625,233.6971893310547
2018-01-02,268.7699890136719,235.3697967529297
2018-01-03,270.4700012207031,236.8586883544922
2018-01-04,271.6099853515625,237.85690307617188
2018-01-05,273.4200134277344,239.4419708251953
2018-01-08,273.9200134277344,239.8798065185547
2018-01-09,274.5400085449219,240.4228057861328
2018-01-10,274.1199951171875,240.05496215820312
2018-01-11,276.1199951171875,241.806396484375
2018-01-12,277.9200134277344,243.3827667236328
2018-01-16,276.9700012207031,242.5508575439453
2018-01-17,279.6099853515625,244.86268615722656
2018-01-18,279.1400146484375,244.4511260986328
2018-01-19,280.4100036621094,245.5633544921875
2018-01-22,282.69000244140625,247.5600128173828
2018-01-23,283.2900085449219,248.08544921875
2018-01-24,283.17999267578125,247.98907470703125
2018-01-25,283.29998779296875,248.09417724609375
2018-01-26,286.5799865722656,250.9666290283203
2018-01-29,284.67999267578125,249.302734375
2018-01-30,281.760009765625,246.74559020996094
2018-01-31,281.8999938964844,246.86817932128906
2018-02-01,281.5799865722656,246.58795166015625
2018-02-02,275.45001220703125,241.2197723388672
2018-02-05,263.92999267578125,231.1313018798828
2018-02-06,269.1300048828125,235.68504333496094
2018-02-07,267.6700134277344,234.40658569335938
2018-02-08,257.6300048828125,225.61424255371094
2018-02-09,261.5,229.00326538085938
2018-02-12,265.3399963378906,232.36610412597656
2018-02-13,266.0,232.94407653808594
2018-02-14,269.5899963378906,236.087890625
2018-02-15,273.0299987792969,239.1004638671875
2018-02-16,273.1099853515625,239.1704864501953
2018-02-20,271.3999938964844,237.67286682128906
2018-02-21,270.04998779296875,236.49075317382812
2018-02-22,270.3999938964844,236.79722595214844
2018-02-23,274.7099914550781,240.57171630859375
2018-02-26,277.8999938964844,243.3652801513672
2018-02-27,274.42999267578125,240.3263702392578
2018-02-28,271.6499938964844,237.89193725585938
2018-03-01,267.70001220703125,234.43276977539062
2018-03-02,269.0799865722656,235.64129638671875
2018-03-05,272.19000244140625,238.3648223876953
2018-03-06,272.8800048828125,238.9691162109375
2018-03-07,272.7799987792969,238.88145446777344
2018-03-08,274.1000061035156,240.03744506835938
2018-03-09,278.8699951171875,244.21469116210938
2018-03-12,278.5199890136719,243.90814208984375
2018-03-13,276.7200012207031,242.33180236816406
2018-03-14,275.29998779296875,241.0883331298828
2018-03-15,275.0,240.8256378173828
2018-03-16,274.20001220703125,241.0867156982422
2018-03-19,270.489990234375,237.82481384277344
2018-03-20,270.95001220703125,238.22927856445312
2018-03-21,270.42999267578125,237.77206420898438
2018-03-22,263.6700134277344,231.828369140625
2018-03-23,258.04998779296875,226.88706970214844
2018-03-26,265.1099853515625,233.0944061279297
2018-03-27,260.6000061035156,229.12913513183594
2018-03-28,259.8299865722656,228.45208740234375
2018-03-29,263.1499938964844,231.37120056152344
2018-04-02,257.4700012207031,226.3771514892578
2018-04-03,260.7699890136719,229.27854919433594
2018-04-04,263.55999755859375,231.73170471191406
2018-04-05,265.6400146484375,233.56053161621094
2018-04-06,259.7200012207031,228.35537719726562
2018-04-09,261.0,229.48085021972656
2018-04-10,265.1499938964844,233.12962341308594
2018-04-11,263.760009765625,231.90760803222656
2018-04-12,265.92999267578125,233.81544494628906
2018-04-13,265.1499938964844,233.12962341308594
2018-04-16,267.3299865722656,235.04638671875
2018-04-17,270.19000244140625,237.56101989746094
2018-04-18,270.3900146484375,237.7368621826172
2018-04-19,268.8900146484375,236.41802978515625
2018-04-20,266.6099853515625,234.41336059570312
2018-04-23,266.57000732421875,234.378173828125
2018-04-24,262.9800109863281,231.22177124023438
2018-04-25,263.6300048828125,231.79324340820312
2018-04-26,266.30999755859375,234.14956665039062
2018-04-27,266.55999755859375,234.36940002441406
2018-04-30,264.510009765625,232.56695556640625
2018-05-01,264.9800109863281,232.98019409179688
2018-05-02,263.20001220703125,231.4151611328125
2018-05-03,262.6199951171875,230.90521240234375
2018-05-04,266.0199890136719,233.8945770263672
2018-05-07,266.9200134277344,234.68589782714844
2018-05-08,266.9200134277344,234.68589782714844
2018-05-09,269.5,236.95431518554688
2018-05-10,272.0199890136719,239.1699676513672
2018-05-11,272.8500061035156,239.89976501464844
2018-05-14,272.9800109863281,240.01406860351562
2018-05-15,271.1000061035156,238.36109924316406
2018-05-16,272.239990234375,239.3634033203125
2018-05-17,272.010009765625,239.1612091064453
2018-05-18,271.3299865722656,238.56332397460938
2018-05-21,273.3699951171875,240.3569793701172
2018-05-22,272.6099853515625,239.6887664794922
2018-05-23,273.3599853515625,240.3481903076172
2018-05-24,272.79998779296875,239.8557891845703
2018-05-25,272.1499938964844,239.2843475341797
2018-05-29,269.0199890136719,236.53228759765625
2018-05-30,272.6099853515625,239.6887664794922
2018-05-31,270.94000244140625,238.2204132080078
2018-06-01,273.6000061035156,240.55918884277344
2018-06-04,274.8999938964844,241.70220947265625
2018-06-05,275.1000061035156,241.8780975341797
2018-06-06,277.3999938964844,243.90028381347656
2018-06-07,277.3699951171875,243.87391662597656
2018-06-08,278.19000244140625,244.59494018554688
2018-06-11,278.55999755859375,244.9202423095703
2018-06-12,278.9200134277344,245.23675537109375
2018-06-13,278.0299987792969,244.45420837402344
2018-06-14,278.7300109863281,245.06971740722656
2018-06-15,277.1300048828125,244.757080078125
2018-06-18,276.55999755859375,244.25369262695312
2018-06-19,275.5,243.3173828125
2018-06-20,275.9700012207031,243.73251342773438
2018-06-21,274.239990234375,242.20465087890625
2018-06-22,274.739990234375,242.646240234375
2018-06-25,271.0,239.3431854248047
2018-06-26,271.6000061035156,239.873046875
2018-06-27,269.3500061035156,237.8859100341797
2018-06-28,270.8900146484375,239.24600219726562
2018-06-29,271.2799987792969,239.5904083251953
2018-07-02,271.8599853515625,240.10263061523438
2018-07-03,270.8999938964844,239.25474548339844
2018-07-05,273.1099853515625,241.20660400390625
2018-07-06,275.4200134277344,243.24684143066406
2018-07-09,277.8999938964844,245.43714904785156
2018-07-10,278.8999938964844,246.32037353515625
2018-07-11,276.8599853515625,244.51852416992188
2018-07-12,279.3699951171875,246.73536682128906
2018-07-13,279.5899963378906,246.9296112060547
2018-07-16,279.3399963378906,246.70895385742188
2018-07-17,280.4700012207031,247.7069091796875
2018-07-18,281.05999755859375,248.22799682617188
2018-07-19,280.0,247.29183959960938
2018-07-20,279.67999267578125,247.0091552734375
2018-07-23,280.20001220703125,247.46839904785156
2018-07-24,281.6099853515625,248.71365356445312
2018-07-25,284.010009765625,250.83335876464844
2018-07-26,283.3399963378906,250.24166870117188
2018-07-27,281.4200134277344,248.54592895507812
2018-07-30,279.95001220703125,247.24766540527344
2018-07-31,281.3299865722656,248.4664764404297
2018-08-01,280.8599853515625,248.0513458251953
2018-08-02,282.3900146484375,249.40267944335938
2018-08-03,283.6000061035156,250.47125244140625
2018-08-06,284.6400146484375,251.38980102539062
2018-08-07,285.5799865722656,252.219970703125
2018-08-08,285.4599914550781,252.11402893066406
2018-08-09,285.07000732421875,251.76954650878906
2018-08-10,283.1600036621094,250.08262634277344
2018-08-13,282.1000061035156,249.146484375
2018-08-14,283.8999938964844,250.73619079589844
2018-08-15,281.7799987792969,248.86392211914062
2018-08-16,284.05999755859375,250.87757873535156
2018-08-17,285.05999755859375,251.76071166992188
2018-08-20,285.6700134277344,252.2995147705078
2018-08-21,286.3399963378906,252.89114379882812
2018-08-22,286.1700134277344,252.74111938476562
2018-08-23,285.7900085449219,252.40548706054688
2018-08-24,287.510009765625,253.924560546875
2018-08-27,289.7799987792969,255.9293212890625
2018-08-28,289.9200134277344,256.0530090332031
2018-08-29,291.4800109863281,257.43072509765625
2018-08-30,290.29998779296875,256.38861083984375
2018-08-31,290.30999755859375,256.3973693847656
2018-09-04,289.80999755859375,255.95582580566406
2018-09-05,289.0299987792969,255.26695251464844
2018-09-06,288.1600036621094,254.49864196777344
2018-09-07,287.6000061035156,254.0039520263672
2018-09-10,288.1000061035156,254.44554138183594
2018-09-11,289.04998779296875,255.28463745117188
2018-09-12,289.1199951171875,255.34654235839844
2018-09-13,290.8299865722656,256.85675048828125
2018-09-14,290.8800048828125,256.9009704589844
2018-09-17,289.3399963378906,255.540771484375
2018-09-18,290.9100036621094,256.9273986816406
2018-09-19,291.2200012207031,257.2010498046875
2018-09-20,293.5799865722656,259.2853698730469
2018-09-21,291.989990234375,259.0485534667969
2018-09-24,291.0199890136719,258.1880187988281
2018-09-25,290.75,257.94842529296875
2018-09-26,289.8800048828125,257.17669677734375
2018-09-27,290.69000244140625,257.89520263671875
2018-09-28,290.7200012207031,257.92181396484375
2018-10-01,291.7300109863281,258.81793212890625
2018-10-02,291.55999755859375,258.66705322265625
2018-10-03,291.7200012207031,258.8090515136719
2018-10-04,289.44000244140625,256.78619384765625
2018-10-05,287.82000732421875,255.34906005859375
2018-10-08,287.82000732421875,255.34906005859375
2018-10-09,287.3999938964844,254.97642517089844
2018-10-10,278.29998779296875,246.90310668945312
2018-10-11,272.1700134277344,241.46466064453125
2018-10-12,275.95001220703125,244.81813049316406
2018-10-15,274.3999938964844,243.4430694580078
2018-10-16,280.3999938964844,248.76614379882812
2018-10-17,280.45001220703125,248.8104248046875
2018-10-18,276.3999938964844,245.2174072265625
2018-10-19,276.25,245.08421325683594
2018-10-22,275.010009765625,243.98423767089844
2018-10-23,273.6099853515625,242.74212646484375
2018-10-24,265.32000732421875,235.38739013671875
2018-10-25,270.0799865722656,239.61044311523438
2018-10-26,265.3299865722656,235.396240234375
2018-10-29,263.8599853515625,234.0920867919922
2018-10-30,267.7699890136719,237.56097412109375
2018-10-31,270.6300048828125,240.09835815429688
2018-11-01,273.510009765625,242.65345764160156
2018-11-02,271.8900146484375,241.21617126464844
2018-11-05,273.3900146484375,242.54701232910156
2018-11-06,275.1199951171875,244.0818328857422
2018-11-07,281.010009765625,249.30735778808594
2018-11-08,280.5,248.8549041748047
2018-11-09,277.760009765625,246.4239501953125
2018-11-12,272.57000732421875,241.81948852539062
2018-11-13,272.05999755859375,241.36700439453125
2018-11-14,270.20001220703125,239.7168426513672
2018-11-15,273.0199890136719,242.21873474121094
2018-11-16,273.7300109863281,242.8485565185547
2018-11-19,269.1000061035156,238.740966796875
2018-11-20,264.1199951171875,234.32273864746094
2018-11-21,265.0199890136719,235.1212615966797
2018-11-23,263.25,233.55091857910156
2018-11-26,267.5,237.32144165039062
2018-11-27,268.3999938964844,238.1199188232422
2018-11-28,274.5799865722656,243.60264587402344
2018-11-29,273.9800109863281,243.07037353515625
2018-11-30,275.6499938964844,244.55203247070312
2018-12-03,279.29998779296875,247.7902069091797
2018-12-04,270.25,239.76123046875
2018-12-06,269.8399963378906,239.39743041992188
2018-12-07,263.57000732421875,233.83482360839844
2018-12-10,264.07000732421875,234.27845764160156
2018-12-11,264.1300048828125,234.33164978027344
2018-12-12,265.4599914550781,235.51156616210938
2018-12-13,265.3699951171875,235.4317626953125
2018-12-14,260.4700012207031,231.08453369140625
2018-12-17,255.36000061035156,226.55104064941406
2018-12-18,255.0800018310547,226.30264282226562
2018-12-19,251.25999450683594,222.91360473632812
2018-12-20,247.1699981689453,219.28501892089844
2018-12-21,240.6999969482422,214.79193115234375
2018-12-24,234.33999633789062,209.11651611328125
2018-12-26,246.17999267578125,219.68212890625
2018-12-27,248.07000732421875,221.36871337890625
2018-12-28,247.75,221.08309936523438
2018-12-31,249.9199981689453,223.01959228515625
2019-01-02,250.17999267578125,223.25155639648438
2019-01-03,244.2100067138672,217.92416381835938
2019-01-04,252.38999938964844,225.22369384765625
2019-01-07,254.3800048828125,226.99952697753906
2019-01-08,256.7699890136719,229.13223266601562
2019-01-09,257.9700012207031,230.20309448242188
2019-01-10,258.8800048828125,231.01516723632812
2019-01-11,258.9800109863281,231.1043701171875
2019-01-14,257.3999938964844,229.6944580078125
2019-01-15,260.3500061035156,232.32691955566406
2019-01-16,260.9800109863281,232.88912963867188
2019-01-17,262.9599914550781,234.65599060058594
2019-01-18,266.4599914550781,237.77926635742188
2019-01-22,262.8599853515625,234.56671142578125
2019-01-23,263.4100036621094,235.05751037597656
2019-01-24,263.54998779296875,235.1824951171875
2019-01-25,265.7799987792969,237.17242431640625
2019-01-28,263.760009765625,235.3699493408203
2019-01-29,263.4100036621094,235.05751037597656
2019-01-30,267.5799865722656,238.77871704101562
2019-01-31,269.92999267578125,240.87576293945312
2019-02-01,270.05999755859375,240.99180603027344
2019-02-04,271.9599914550781,242.6872100830078
2019-02-05,273.1000061035156,243.70455932617188
2019-02-06,272.739990234375,243.38330078125
2019-02-07,270.1400146484375,241.06320190429688
2019-02-08,270.4700012207031,241.357666015625
2019-02-11,270.6199951171875,241.49151611328125
2019-02-12,274.1000061035156,244.596923828125
2019-02-13,274.989990234375,245.39108276367188
2019-02-14,274.3800048828125,244.8468017578125
2019-02-15,277.3699951171875,247.51498413085938
2019-02-19,277.8500061035156,247.94326782226562
2019-02-20,278.4100036621094,248.44293212890625
2019-02-21,277.4200134277344,247.55963134765625
2019-02-22,279.1400146484375,249.09446716308594
2019-02-25,279.5199890136719,249.4334259033203
2019-02-26,279.32000732421875,249.25506591796875
2019-02-27,279.20001220703125,249.1480255126953
2019-02-28,278.67999267578125,248.68389892578125
2019-03-01,280.4200134277344,250.23663330078125
2019-03-04,279.3999938964844,249.32643127441406
2019-03-05,279.0199890136719,248.98733520507812
2019-03-06,277.3299865722656,247.47921752929688
2019-03-07,275.010009765625,245.4090118408203
2019-03-08,274.4599914550781,244.918212890625
2019-03-11,278.44000244140625,248.46974182128906
2019-03-12,279.489990234375,249.40675354003906
2019-03-13,281.3399963378906,251.0576171875
2019-03-14,281.1600036621094,250.89707946777344
2019-03-15,281.30999755859375,252.1365966796875
2019-03-18,282.3299865722656,253.05081176757812
2019-03-19,282.3999938964844,253.11354064941406
2019-03-20,281.54998779296875,252.35166931152344
2019-03-21,284.7300109863281,255.2019500732422
2019-03-22,279.25,250.29019165039062
2019-03-25,279.0400085449219,250.10208129882812
2019-03-26,281.1199951171875,251.9662628173828
2019-03-27,279.6499938964844,250.648681640625
2019-03-28,280.7099914550781,251.598876953125
2019-03-29,282.4800109863281,253.185302734375
2019-04-01,285.8299865722656,256.1878662109375
2019-04-02,285.9700012207031,256.3133239746094
2019-04-03,286.4200134277344,256.71661376953125
2019-04-04,287.17999267578125,257.39788818359375
2019-04-05,288.57000732421875,258.6437072753906
2019-04-08,288.7900085449219,258.8408508300781
2019-04-09,287.30999755859375,257.5143737792969
2019-04-10,288.2900085449219,258.3927917480469
2019-04-11,288.2099914550781,258.321044921875
2019-04-12,290.1600036621094,260.06878662109375
2019-04-15,289.9700012207031,259.89849853515625
2019-04-16,290.1600036621094,260.06878662109375
2019-04-17,289.45001220703125,259.4324035644531
2019-04-18,290.0199890136719,259.9432678222656
2019-04-22,290.2699890136719,260.16741943359375
2019-04-23,292.8800048828125,262.50677490234375
2019-04-24,292.2300109863281,261.92413330078125
2019-04-25,292.04998779296875,261.76275634765625
2019-04-26,293.4100036621094,262.9818420410156
2019-04-29,293.8699951171875,263.39404296875
2019-04-30,294.0199890136719,263.5284423828125
2019-05-01,291.80999755859375,261.5476989746094
2019-05-02,291.17999267578125,260.9831237792969
2019-05-03,294.0299987792969,263.5374450683594
2019-05-06,292.82000732421875,262.4529113769531
2019-05-07,287.92999267578125,258.0700378417969
2019-05-08,287.5299987792969,257.71148681640625
2019-05-09,286.6600036621094,256.9317321777344
2019-05-10,288.1000061035156,258.2224426269531
2019-05-13,280.8599853515625,251.7332763671875
2019-05-14,283.3999938964844,254.0098876953125
2019-05-15,285.05999755859375,255.49769592285156
2019-05-16,287.70001220703125,257.8639221191406
2019-05-17,285.8399963378906,256.1968688964844
2019-05-20,283.95001220703125,254.5028839111328
2019-05-21,286.510009765625,256.7973937988281
2019-05-22,285.6300048828125,256.00848388671875
2019-05-23,282.1400146484375,252.88050842285156
2019-05-24,282.7799987792969,253.4541778564453
2019-05-28,280.1499938964844,251.096923828125
2019-05-29,278.2699890136719,249.41184997558594
2019-05-30,279.0299987792969,250.09304809570312
2019-05-31,275.2699890136719,246.72293090820312
2019-06-03,274.57000732421875,246.09556579589844
2019-06-04,280.5299987792969,251.43746948242188
2019-06-05,282.9599914550781,253.61546325683594
2019-06-06,284.79998779296875,255.26446533203125
2019-06-07,287.6499938964844,257.819091796875
2019-06-10,288.9700012207031,259.002197265625
2019-06-11,288.8999938964844,258.93951416015625
2019-06-12,288.3900146484375,258.4823303222656
2019-06-13,289.5799865722656,259.54888916015625
2019-06-14,289.260009765625,259.26214599609375
2019-06-17,289.3699951171875,259.3607482910156
2019-06-18,292.3999938964844,262.0764465332031
2019-06-19,293.05999755859375,262.6681213378906
2019-06-20,295.8599853515625,265.1777038574219
2019-06-21,294.0,264.7922058105469
2019-06-24,293.6400146484375,264.4679870605469
2019-06-25,290.760009765625,261.8740539550781
2019-06-26,290.4700012207031,261.6128845214844
2019-06-27,291.5,262.5405578613281
2019-06-28,293.0,263.8915100097656
2019-07-01,295.6600036621094,266.2873229980469
2019-07-02,296.42999267578125,266.98077392578125
2019-07-03,298.79998779296875,269.1153259277344
2019-07-05,298.4599914550781,268.8090515136719
2019-07-08,296.82000732421875,267.3321228027344
2019-07-09,297.19000244140625,267.6653137207031
2019-07-10,298.6099853515625,268.9441833496094
2019-07-11,299.30999755859375,269.5746765136719
2019-07-12,300.6499938964844,270.7815246582031
2019-07-15,300.75,270.87158203125
2019-07-16,299.7799987792969,269.998046875
2019-07-17,297.739990234375,268.16058349609375
2019-07-18,298.8299865722656,269.14239501953125
2019-07-19,297.1700134277344,267.64727783203125
2019-07-22,297.8999938964844,268.3047790527344
2019-07-23,300.0299987792969,270.2231140136719
2019-07-24,301.44000244140625,271.4930419921875
2019-07-25,300.0,270.19610595703125
2019-07-26,302.010009765625,272.0064392089844
2019-07-29,301.4599914550781,271.51104736328125
2019-07-30,300.7200012207031,270.8446044921875
2019-07-31,297.42999267578125,267.8814392089844
2019-08-01,294.8399963378906,265.5486755371094
2019-08-02,292.6199951171875,263.54925537109375
2019-08-05,283.82000732421875,255.62350463867188
2019-08-06,287.79998779296875,259.2081604003906
2019-08-07,287.9700012207031,259.3612365722656
2019-08-08,293.6199951171875,264.45001220703125
2019-08-09,291.6199951171875,262.648681640625
2019-08-12,288.07000732421875,259.4513244628906
2019-08-13,292.54998779296875,263.4862060546875
2019-08-14,283.8999938964844,255.6956329345703
2019-08-15,284.6499938964844,256.3710632324219
2019-08-16,288.8500061035156,260.15380859375
2019-08-19,292.3299865722656,263.2881164550781
2019-08-20,290.0899963378906,261.2706298828125
2019-08-21,292.45001220703125,263.39617919921875
2019-08-22,292.3599853515625,263.3150939941406
2019-08-23,284.8500061035156,256.55133056640625
2019-08-26,288.0,259.3883056640625
2019-08-27,286.8699951171875,258.37054443359375
2019-08-28,288.8900146484375,260.1897888183594
2019-08-29,292.5799865722656,263.5132141113281
2019-08-30,292.45001220703125,263.39617919921875
2019-09-03,290.739990234375,261.8560791015625
2019-09-04,294.0400085449219,264.82818603515625
2019-09-05,297.82000732421875,268.232666015625
2019-09-06,298.04998779296875,268.4397888183594
2019-09-09,298.20001220703125,268.57501220703125
2019-09-10,298.1300048828125,268.51190185546875
2019-09-11,300.25,270.4212341308594
2019-09-12,301.2900085449219,271.3579406738281
2019-09-13,301.0899963378906,271.17791748046875
2019-09-16,300.1600036621094,270.34027099609375
2019-09-17,300.9200134277344,271.0247497558594
2019-09-18,301.1000061035156,271.1868896484375
2019-09-19,301.0799865722656,271.1688232421875
2019-09-20,298.2799987792969,269.8876037597656
2019-09-23,298.2099914550781,269.8242492675781
2019-09-24,295.8699951171875,267.7070617675781
2019-09-25,297.6199951171875,269.2903747558594
2019-09-26,297.0,268.7294921875
2019-09-27,295.3999938964844,267.2816162109375
2019-09-30,296.7699890136719,268.5213317871094
2019-10-01,293.239990234375,265.32733154296875
2019-10-02,288.05999755859375,260.640380859375
2019-10-03,290.4200134277344,262.77581787109375
2019-10-04,294.3500061035156,266.3317565917969
2019-10-07,293.0799865722656,265.18255615234375
2019-10-08,288.5299987792969,261.06573486328125
2019-10-09,291.2699890136719,263.5448913574219
2019-10-10,293.239990234375,265.32733154296875
2019-10-11,296.2799987792969,268.0780029296875
2019-10-14,295.95001220703125,267.7794494628906
2019-10-15,298.8800048828125,270.43048095703125
2019-10-16,298.3999938964844,269.9962158203125
2019-10-17,299.2799987792969,270.7924499511719
2019-10-18,297.9700012207031,269.6071472167969
2019-10-21,299.989990234375,271.4348449707031
2019-10-22,299.010009765625,270.5481262207031
2019-10-23,299.8800048828125,271.3352966308594
2019-10-24,300.3699951171875,271.77862548828125
2019-10-25,301.6000061035156,272.8916015625
2019-10-28,303.29998779296875,274.4297180175781
2019-10-29,303.2099914550781,274.348388671875
2019-10-30,304.1400146484375,275.1897888183594
2019-10-31,303.3299865722656,274.4569091796875
2019-11-01,306.1400146484375,276.9994201660156
2019-11-04,307.3699951171875,278.11236572265625
2019-11-05,307.0299987792969,277.8046875
2019-11-06,307.1000061035156,277.8680114746094
2019-11-07,308.17999267578125,278.8452453613281
2019-11-08,308.94000244140625,279.5328063964844
2019-11-11,308.3500061035156,278.99908447265625
2019-11-12,309.0,279.5872497558594
2019-11-13,309.1000061035156,279.67767333984375
2019-11-14,309.54998779296875,280.0848388671875
2019-11-15,311.7900085449219,282.11163330078125
2019-11-18,312.0199890136719,282.3197021484375
2019-11-19,311.92999267578125,282.23834228515625
2019-11-20,310.7699890136719,281.1887512207031
2019-11-21,310.2699890136719,280.73626708984375
2019-11-22,310.9599914550781,281.3605041503906
2019-11-25,313.3699951171875,283.5413513183594
2019-11-26,314.0799865722656,284.1835632324219
2019-11-27,315.4800109863281,285.45037841796875
2019-11-29,314.30999755859375,284.3918151855469
2019-12-02,311.6400146484375,281.97589111328125
2019-12-03,309.54998779296875,280.0848388671875
2019-12-04,311.4599914550781,281.8130187988281
2019-12-05,312.0199890136719,282.3197021484375
2019-12-06,314.8699951171875,284.8984375
2019-12-09,313.8800048828125,284.0027160644531
2019-12-10,313.5299987792969,283.6859436035156
2019-12-11,314.4200134277344,284.4913330078125
2019-12-12,317.1300048828125,286.9432678222656
2019-12-13,317.32000732421875,287.1152648925781
2019-12-16,319.5,289.0877685546875
2019-12-17,319.57000732421875,289.151123046875
2019-12-18,319.5899963378906,289.169189453125
2019-12-19,320.8999938964844,290.3544921875
2019-12-20,320.7300109863281,291.6274719238281
2019-12-23,321.2200012207031,292.07293701171875
2019-12-24,321.2300109863281,292.0820617675781
2019-12-26,322.94000244140625,293.636962890625
2019-12-27,322.8599853515625,293.56414794921875
2019-12-30,321.0799865722656,291.94573974609375
2019-12-31,321.8599853515625,292.6549072265625
2020-01-02,324.8699951171875,295.3918151855469
2020-01-03,322.4100036621094,293.15496826171875
2020-01-06,323.6400146484375,294.2734069824219
2020-01-07,322.7300109863281,293.4460144042969
2020-01-08,324.45001220703125,295.00994873046875
2020-01-09,326.6499938964844,297.0102844238281
2020-01-10,325.7099914550781,296.15545654296875
2020-01-13,327.95001220703125,298.1922607421875
2020-01-14,327.45001220703125,297.7377014160156
2020-01-15,328.19000244140625,298.4104919433594
2020-01-16,330.9200134277344,300.892822265625
2020-01-17,331.95001220703125,301.8293151855469
2020-01-21,331.29998779296875,301.2384033203125
2020-01-22,331.3399963378906,301.2746887207031
2020-01-23,331.7200012207031,301.6202087402344
2020-01-24,328.7699890136719,298.9378967285156
2020-01-27,323.5,294.1461181640625
2020-01-28,326.8900146484375,297.228515625
2020-01-29,326.6199951171875,296.9829406738281
2020-01-30,327.67999267578125,297.9468078613281
2020-01-31,321.7300109863281,292.5367431640625
2020-02-03,324.1199951171875,294.7098083496094
2020-02-04,329.05999755859375,299.2015686035156
2020-02-05,332.8599853515625,302.6568298339844
2020-02-06,333.9800109863281,303.6751708984375
2020-02-07,332.20001220703125,302.0566711425781
2020-02-10,334.67999267578125,304.3116455078125
2020-02-11,335.260009765625,304.8389892578125
2020-02-12,337.4200134277344,306.8030700683594
2020-02-13,337.05999755859375,306.4756774902344
2020-02-14,337.6000061035156,306.9666442871094
2020-02-18,336.7300109863281,306.1756591796875
2020-02-19,338.3399963378906,307.6395263671875
2020-02-20,336.95001220703125,306.37567138671875
2020-02-21,333.4800109863281,303.2205810546875
2020-02-24,322.4200134277344,293.1640319824219
2020-02-25,312.6499938964844,284.28057861328125
2020-02-26,311.5,283.2348937988281
2020-02-27,297.510009765625,270.5142822265625
2020-02-28,296.260009765625,269.3778076171875
2020-03-02,309.0899963378906,281.0435791015625
2020-03-03,300.239990234375,272.9966125488281
2020-03-04,312.8599853515625,284.4715270996094
2020-03-05,302.4599914550781,275.0152587890625
2020-03-06,297.4599914550781,270.4688415527344
2020-03-09,274.2300109863281,249.3468017578125
2020-03-10,288.4200134277344,262.2491760253906
2020-03-11,274.3599853515625,249.46493530273438
2020-03-12,248.11000061035156,225.59689331054688
2020-03-13,269.32000732421875,244.8822784423828
2020-03-16,239.85000610351562,218.0863494873047
2020-03-17,252.8000030517578,229.8612823486328
2020-03-18,240.0,218.22274780273438
2020-03-19,240.50999450683594,218.6864776611328
2020-03-20,228.8000030517578,209.2623748779297
2020-03-23,222.9499969482422,203.9119415283203
2020-03-24,243.14999389648438,222.3870086669922
2020-03-25,246.7899932861328,225.71617126464844
2020-03-26,261.20001220703125,238.8957061767578
2020-03-27,253.4199981689453,231.7799835205078
2020-03-30,261.6499938964844,239.30722045898438
2020-03-31,257.75,235.74024963378906
2020-04-01,246.14999389648438,225.1308135986328
2020-04-02,251.8300018310547,230.32577514648438
2020-04-03,248.19000244140625,226.99659729003906
2020-04-06,264.8599853515625,242.24307250976562
2020-04-07,265.1300048828125,242.4900665283203
2020-04-08,274.0299987792969,250.6300506591797
2020-04-09,278.20001220703125,254.4440155029297
2020-04-13,275.6600036621094,252.12091064453125
2020-04-14,283.7900085449219,259.5566711425781
2020-04-15,277.760009765625,254.04159545898438
2020-04-16,279.1000061035156,255.26719665527344
2020-04-17,286.6400146484375,262.1632995605469
2020-04-20,281.5899963378906,257.5445251464844
2020-04-21,273.0400085449219,249.72459411621094
2020-04-22,279.1000061035156,255.26719665527344
2020-04-23,279.0799865722656,255.2488555908203
2020-04-24,282.9700012207031,258.8066711425781
2020-04-27,287.04998779296875,262.53826904296875
2020-04-28,285.7300109863281,261.33099365234375
2020-04-29,293.2099914550781,268.17230224609375
2020-04-30,290.4800109863281,265.6754150390625
2020-05-01,282.7900085449219,258.64208984375
2020-05-04,283.57000732421875,259.3554382324219
2020-05-05,286.19000244140625,261.7516784667969
2020-05-06,284.25,259.9773254394531
2020-05-07,287.67999267578125,263.11444091796875
2020-05-08,292.44000244140625,267.468017578125
2020-05-11,292.5,267.5229187011719
2020-05-12,286.6700134277344,262.1907653808594
2020-05-13,281.6000061035156,257.5537109375
2020-05-14,284.9700012207031,260.6358642578125
2020-05-15,286.2799987792969,261.833984375
2020-05-18,295.0,269.80938720703125
2020-05-19,291.9700012207031,267.0381164550781
2020-05-20,296.92999267578125,271.5746154785156
2020-05-21,294.8800048828125,269.6997375488281
2020-05-22,295.44000244140625,270.2117919921875
2020-05-26,299.0799865722656,273.54095458984375
2020-05-27,303.5299987792969,277.6109619140625
2020-05-28,302.9700012207031,277.098876953125
2020-05-29,304.32000732421875,278.3335876464844
2020-06-01,305.54998779296875,279.4585266113281
2020-06-02,308.0799865722656,281.7724609375
2020-06-03,312.17999267578125,285.52239990234375
2020-06-04,311.3599853515625,284.7723693847656
2020-06-05,319.3399963378906,292.071044921875
2020-06-08,323.20001220703125,295.601318359375
2020-06-09,320.7900085449219,293.3972473144531
2020-06-10,319.0,291.7599792480469
2020-06-11,300.6099853515625,274.9403381347656
2020-06-12,304.2099914550781,278.23284912109375
2020-06-15,307.04998779296875,280.83050537109375
2020-06-16,312.9599914550781,286.2358703613281
2020-06-17,311.6600036621094,285.0467834472656
2020-06-18,311.7799987792969,285.1565246582031
2020-06-19,308.6400146484375,283.52691650390625
2020-06-22,310.6199951171875,285.3457946777344
2020-06-23,312.04998779296875,286.65936279296875
2020-06-24,304.0899963378906,279.34710693359375
2020-06-25,307.3500061035156,282.3418273925781
2020-06-26,300.04998779296875,275.6358337402344
2020-06-29,304.4599914550781,279.6869201660156
2020-06-30,308.3599853515625,283.2696838378906
2020-07-01,310.5199890136719,285.25390625
2020-07-02,312.2300109863281,286.8247375488281
2020-07-06,317.04998779296875,291.25250244140625
2020-07-07,313.7799987792969,288.2486572265625
2020-07-08,316.17999267578125,290.4533386230469
2020-07-09,314.3800048828125,288.7998962402344
2020-07-10,317.5899963378906,291.7486267089844
2020-07-13,314.8399963378906,289.222412109375
2020-07-14,318.9200134277344,292.9704895019531
2020-07-15,321.8500061035156,295.66204833984375
2020-07-16,320.7900085449219,294.68829345703125
2020-07-17,321.7200012207031,295.5426025390625
2020-07-20,324.32000732421875,297.9309997558594
2020-07-21,325.010009765625,298.56488037109375
2020-07-22,326.8599853515625,300.2643737792969
2020-07-23,322.9599914550781,296.6816711425781
2020-07-24,320.8800048828125,294.77099609375
2020-07-27,323.2200012207031,296.9205627441406
2020-07-28,321.1700134277344,295.0373840332031
2020-07-29,325.1199951171875,298.666015625
2020-07-30,323.9599914550781,297.60040283203125
2020-07-31,326.5199890136719,299.95208740234375
2020-08-03,328.7900085449219,302.03741455078125
2020-08-04,330.05999755859375,303.2040100097656
2020-08-05,332.1099853515625,305.0871887207031
2020-08-06,334.3299865722656,307.1265869140625
2020-08-07,334.57000732421875,307.3470153808594
2020-08-10,335.57000732421875,308.26568603515625
2020-08-11,332.79998779296875,305.72100830078125
2020-08-12,337.44000244140625,309.98345947265625
2020-08-13,336.8299865722656,309.4230651855469
2020-08-14,336.8399963378906,309.4322814941406
2020-08-17,337.9100036621094,310.41522216796875
2020-08-18,338.6400146484375,311.08587646484375
2020-08-19,337.2300109863281,309.7906188964844
2020-08-20,338.2799987792969,310.75518798828125
2020-08-21,339.4800109863281,311.8575134277344
2020-08-24,342.9200134277344,315.01776123046875
2020-08-25,344.1199951171875,316.11993408203125
2020-08-26,347.57000732421875,319.289306640625
2020-08-27,348.3299865722656,319.9874267578125
2020-08-28,350.5799865722656,322.0543212890625
2020-08-31,349.30999755859375,320.8876953125
2020-09-01,352.6000061035156,323.91009521484375
2020-09-02,357.70001220703125,328.5950927734375
2020-09-03,345.3900146484375,317.28662109375
2020-09-04,342.57000732421875,314.6960754394531
2020-09-08,333.2099914550781,306.09765625
2020-09-09,339.7900085449219,312.1423034667969
2020-09-10,333.8900146484375,306.7223815917969
2020-09-11,334.05999755859375,306.8785095214844
2020-09-14,338.4599914550781,310.92041015625
2020-09-15,340.1700134277344,312.4913635253906
2020-09-16,338.82000732421875,311.251220703125
2020-09-17,335.8399963378906,308.5136413574219
2020-09-18,330.6499938964844,304.96185302734375
2020-09-21,326.9700012207031,301.5677490234375
2020-09-22,330.29998779296875,304.63909912109375
2020-09-23,322.6400146484375,297.5741882324219
2020-09-24,323.5,298.3673400878906
2020-09-25,328.7300109863281,303.1910705566406
2020-09-28,334.19000244140625,308.2268981933594
2020-09-29,332.3699951171875,306.5483093261719
2020-09-30,334.8900146484375,308.8725280761719
2020-10-01,337.0400085449219,310.8554382324219
2020-10-02,333.8399963378906,307.90399169921875
2020-10-05,339.760009765625,313.3641662597656
2020-10-06,334.92999267578125,308.9093933105469
2020-10-07,340.760009765625,314.286376953125
2020-10-08,343.7799987792969,317.07177734375
2020-10-09,346.8500061035156,319.9033508300781
2020-10-12,352.42999267578125,325.0498046875
2020-10-13,350.1300048828125,322.92852783203125
2020-10-14,347.92999267578125,320.89947509765625
2020-10-15,347.5,320.5027770996094
2020-10-16,347.2900085449219,320.30914306640625
2020-10-19,342.010009765625,315.4393615722656
2020-10-20,343.3800048828125,316.702880859375
2020-10-21,342.7300109863281,316.1033935546875
2020-10-22,344.6099853515625,317.83734130859375
2020-10-23,345.7799987792969,318.9164123535156
2020-10-26,339.3900146484375,313.0229797363281
2020-10-27,338.2200012207031,311.94378662109375
2020-10-28,326.6600036621094,301.28192138671875
2020-10-29,329.9800109863281,304.34393310546875
2020-10-30,326.5400085449219,301.1712341308594
2020-11-02,330.20001220703125,304.5469055175781
2020-11-03,336.0299987792969,309.9239196777344
2020-11-04,343.5400085449219,316.85052490234375
2020-11-05,350.239990234375,323.0299072265625
2020-11-06,350.1600036621094,322.95611572265625
2020-11-09,354.55999755859375,327.0143127441406
2020-11-10,354.0400085449219,326.5347595214844
2020-11-11,356.6700134277344,328.9604187011719
2020-11-12,353.2099914550781,325.7691955566406
2020-11-13,358.1000061035156,330.2793884277344
2020-11-16,362.57000732421875,334.40203857421875
2020-11-17,360.6199951171875,332.6034851074219
2020-11-18,356.2799987792969,328.6007080078125
2020-11-19,357.7799987792969,329.9842529296875
2020-11-20,355.3299865722656,327.7245178222656
2020-11-23,357.4599914550781,329.68902587890625
2020-11-24,363.2200012207031,335.00152587890625
2020-11-25,362.6600036621094,334.48504638671875
2020-11-27,363.6700134277344,335.4165954589844
2020-11-30,362.05999755859375,333.9317321777344
2020-12-01,366.0199890136719,337.58404541015625
2020-12-02,366.7900085449219,338.294189453125
2020-12-03,366.69000244140625,338.2019958496094
2020-12-04,369.8500061035156,341.1163635253906
2020-12-07,369.0899963378906,340.4154357910156
2020-12-08,370.1700134277344,341.41162109375
2020-12-09,366.8500061035156,338.3495178222656
2020-12-10,366.7300109863281,338.23883056640625
2020-12-11,366.29998779296875,337.8422546386719
2020-12-14,364.6600036621094,336.3296203613281
2020-12-15,369.5899963378906,340.8766784667969
2020-12-16,370.1700134277344,341.41162109375
2020-12-17,372.239990234375,343.3207702636719
2020-12-18,369.17999267578125,341.9499206542969
2020-12-21,367.8599853515625,340.7272644042969
2020-12-22,367.239990234375,340.1530456542969
2020-12-23,367.57000732421875,340.4586486816406
2020-12-24,369.0,341.7831726074219
2020-12-28,372.1700134277344,344.7193908691406
2020-12-29,371.4599914550781,344.0617980957031
2020-12-30,371.989990234375,344.5526123046875
2020-12-31,373.8800048828125,346.3032531738281
2021-01-04,368.7900085449219,341.5886535644531
2021-01-05,371.3299865722656,343.94134521484375
2021-01-06,373.54998779296875,345.9976501464844
2021-01-07,379.1000061035156,351.1383056640625
2021-01-08,381.260009765625,353.13897705078125
2021-01-11,378.69000244140625,350.7584533691406
2021-01-12,378.7699890136719,350.8326110839844
2021-01-13,379.7900085449219,351.7773132324219
2021-01-14,378.4599914550781,350.54547119140625
2021-01-15,375.70001220703125,347.9890441894531
2021-01-19,378.6499938964844,350.721435546875
2021-01-20,383.8900146484375,355.574951171875
2021-01-21,384.239990234375,355.89910888671875
2021-01-22,382.8800048828125,354.6394348144531
2021-01-25,384.3900146484375,356.0380554199219
2021-01-26,383.7900085449219,355.48236083984375
2021-01-27,374.4100036621094,346.7941589355469
2021-01-28,377.6300048828125,349.77667236328125
2021-01-29,370.07000732421875,342.7742614746094
2021-02-01,376.2300109863281,348.4799499511719
2021-02-02,381.54998779296875,353.4075622558594
2021-02-03,381.8500061035156,353.6853942871094
2021-02-04,386.19000244140625,357.7052917480469
2021-02-05,387.7099914550781,359.1131286621094
2021-02-08,390.510009765625,361.7066650390625
2021-02-09,390.25,361.46588134765625
2021-02-10,390.0799865722656,361.3084411621094
2021-02-11,390.7099914550781,361.89190673828125
2021-02-12,392.6400146484375,363.6795654296875
2021-02-16,392.29998779296875,363.3646545410156
2021-02-17,392.3900146484375,363.4480285644531
2021-02-18,390.7200012207031,361.9011535644531
2021-02-19,390.0299987792969,361.2620849609375
2021-02-22,387.0299987792969,358.4832763671875
2021-02-23,387.5,358.9186096191406
2021-02-24,391.7699890136719,362.8736572265625
2021-02-25,382.3299865722656,354.1299743652344
2021-02-26,380.3599853515625,352.3052978515625
2021-03-01,389.5799865722656,360.84521484375
2021-03-02,386.5400085449219,358.029541015625
2021-03-03,381.4200134277344,353.287109375
2021-03-04,376.70001220703125,348.915283203125
2021-03-05,383.6300048828125,355.3341369628906
2021-03-08,381.7200012207031,353.56500244140625
2021-03-09,387.1700134277344,358.613037109375
2021-03-10,389.5799865722656,360.84521484375
2021-03-11,393.5299987792969,364.50390625
2021-03-12,394.05999755859375,364.99481201171875
2021-03-15,396.4100036621094,367.1714782714844
2021-03-16,395.9100036621094,366.7083435058594
2021-03-17,397.260009765625,367.9588317871094
2021-03-18,391.4800109863281,362.60516357421875
2021-03-19,389.4800109863281,361.9341735839844
2021-03-22,392.5899963378906,364.82427978515625
2021-03-23,389.5,361.95281982421875
2021-03-24,387.5199890136719,360.11279296875
2021-03-25,389.70001220703125,362.13861083984375
2021-03-26,395.9800109863281,367.9744873046875
2021-03-29,395.7799987792969,367.78863525390625
2021-03-30,394.7300109863281,366.8128356933594
2021-03-31,396.3299865722656,368.2997131347656
2021-04-01,400.6099853515625,372.277099609375
2021-04-05,406.3599853515625,377.6203308105469
2021-04-06,406.1199951171875,377.3973388671875
2021-04-07,406.5899963378906,377.8341064453125
2021-04-08,408.5199890136719,379.6275939941406
2021-04-09,411.489990234375,382.3875732421875
2021-04-12,411.6400146484375,382.5269470214844
2021-04-13,412.8599853515625,383.66064453125
2021-04-14,411.45001220703125,382.3504333496094
2021-04-15,415.8699951171875,386.4577941894531
2021-04-16,417.260009765625,387.74945068359375
2021-04-19,415.2099914550781,385.8444519042969
2021-04-20,412.1700134277344,383.0193786621094
2021-04-21,416.07000732421875,386.64361572265625
2021-04-22,412.2699890136719,383.1123352050781
2021-04-23,416.739990234375,387.2662353515625
2021-04-26,417.6099853515625,388.0746154785156
2021-04-27,417.5199890136719,387.9910888671875
2021-04-28,417.3999938964844,387.8795166015625
2021-04-29,420.05999755859375,390.3514404296875
2021-04-30,417.29998779296875,387.7865905761719
2021-05-03,418.20001220703125,388.62298583984375
2021-05-04,415.6199951171875,386.2254333496094
2021-05-05,415.75,386.3463134765625
2021-05-06,419.07000732421875,389.43145751953125
2021-05-07,422.1199951171875,392.26580810546875
2021-05-10,417.94000244140625,388.38140869140625
2021-05-11,414.2099914550781,384.9151611328125
2021-05-12,405.4100036621094,376.737548828125
2021-05-13,410.2799987792969,381.2630310058594
2021-05-14,416.5799865722656,387.1175537109375
2021-05-17,415.5199890136719,386.1325378417969
2021-05-18,411.94000244140625,382.8057861328125
2021-05-19,410.8599853515625,381.8020935058594
2021-05-20,415.2799987792969,385.90948486328125
2021-05-21,414.94000244140625,385.593505859375
2021-05-24,419.1700134277344,389.5244445800781
2021-05-25,418.239990234375,388.66009521484375
2021-05-26,419.07000732421875,389.43145751953125
2021-05-27,419.2900085449219,389.6358947753906
2021-05-28,420.0400085449219,390.3328857421875
2021-06-01,419.6700134277344,389.9890441894531
2021-06-02,420.3299865722656,390.602294921875
2021-06-03,418.7699890136719,389.1526794433594
2021-06-04,422.6000061035156,392.7118225097656
2021-06-07,422.19000244140625,392.330810546875
2021-06-08,422.2799987792969,392.4143981933594
2021-06-09,421.6499938964844,391.82904052734375
2021-06-10,423.6099853515625,393.6503601074219
2021-06-11,424.30999755859375,394.3008728027344
2021-06-14,425.260009765625,395.1836242675781
2021-06-15,424.4800109863281,394.45880126953125
2021-06-16,422.1099853515625,392.2564392089844
2021-06-17,421.9700012207031,392.1263427734375
2021-06-18,414.9200134277344,386.83642578125
2021-06-21,420.8599853515625,392.37432861328125
2021-06-22,423.1099853515625,394.4720153808594
2021-06-23,422.6000061035156,393.99658203125
2021-06-24,425.1000061035156,396.32733154296875
2021-06-25,426.6099853515625,397.73516845703125
2021-06-28,427.4700012207031,398.53692626953125
2021-06-29,427.70001220703125,398.7513732910156
2021-06-30,428.05999755859375,399.0870361328125
2021-07-01,430.42999267578125,401.296630859375
2021-07-02,433.7200012207031,404.3639221191406
2021-07-06,432.92999267578125,403.62738037109375
2021-07-07,434.4599914550781,405.0538024902344
2021-07-08,430.9200134277344,401.75347900390625
2021-07-09,435.5199890136719,406.0421142578125
2021-07-12,437.0799865722656,407.4965515136719
2021-07-13,435.5899963378906,406.1074523925781
2021-07-14,436.239990234375,406.71331787109375
2021-07-15,434.75,405.3242492675781
2021-07-16,431.3399963378906,402.14508056640625
2021-07-19,424.9700012207031,396.2062072753906
2021-07-20,431.05999755859375,401.8840026855469
2021-07-21,434.54998779296875,405.13775634765625
2021-07-22,435.4599914550781,405.98614501953125
2021-07-23,439.94000244140625,410.1629333496094
2021-07-26,441.0199890136719,411.1697692871094
2021-07-27,439.010009765625,409.2958679199219
2021-07-28,438.8299865722656,409.1280212402344
2021-07-29,440.6499938964844,410.8248596191406
2021-07-30,438.510009765625,408.8297424316406
2021-08-02,437.5899963378906,407.97198486328125
2021-08-03,441.1499938964844,411.29107666015625
2021-08-04,438.9800109863281,409.26788330078125
2021-08-05,441.760009765625,411.8598327636719
2021-08-06,442.489990234375,412.5403747558594
2021-08-09,442.1300048828125,412.2047119140625
2021-08-10,442.67999267578125,412.7174377441406
2021-08-11,443.7799987792969,413.7430419921875
2021-08-12,445.1099853515625,414.9830322265625
2021-08-13,445.9200134277344,415.73822021484375
2021-08-16,446.9700012207031,416.7171325683594
2021-08-17,444.0400085449219,413.9853515625
2021-08-18,439.17999267578125,409.4543151855469
2021-08-19,439.8599853515625,410.08837890625
2021-08-20,443.3599853515625,413.35137939453125
2021-08-23,447.260009765625,416.98748779296875
2021-08-24,447.9700012207031,417.64935302734375
2021-08-25,448.9100036621094,418.52581787109375
2021-08-26,446.260009765625,416.05523681640625
2021-08-27,450.25,419.7751159667969
2021-08-30,452.2300109863281,421.62115478515625
2021-08-31,451.55999755859375,420.9964904785156
2021-09-01,451.79998779296875,421.22015380859375
2021-09-02,453.19000244140625,422.51611328125
2021-09-03,453.0799865722656,422.4135437011719
2021-09-07,451.4599914550781,420.9031982421875
2021-09-08,450.9100036621094,420.3903503417969
2021-09-09,448.9800109863281,418.591064453125
2021-09-10,445.44000244140625,415.2907409667969
2021-09-13,446.5799865722656,416.353515625
2021-09-14,444.1700134277344,414.10662841796875
2021-09-15,447.8800048828125,417.5654602050781
2021-09-16,447.1700134277344,416.9035949707031
2021-09-17,441.3999938964844,412.842529296875
2021-09-20,434.0400085449219,405.9586181640625
2021-09-21,433.6300048828125,405.5752258300781
2021-09-22,437.8599853515625,409.53155517578125
2021-09-23,443.17999267578125,414.50738525390625
2021-09-24,443.9100036621094,415.19012451171875
2021-09-27,442.6400146484375,414.00225830078125
2021-09-28,433.7200012207031,405.65936279296875
2021-09-29,434.45001220703125,406.3421325683594
2021-09-30,429.1400146484375,401.3757019042969
2021-10-01,434.239990234375,406.1457824707031
2021-10-04,428.6400146484375,400.9080810546875
2021-10-05,433.1000061035156,405.0794982910156
2021-10-06,434.8999938964844,406.7630615234375
2021-10-07,438.6600036621094,410.2797546386719
2021-10-08,437.8599853515625,409.53155517578125
2021-10-11,434.69000244140625,406.5666198730469
2021-10-12,433.6199951171875,405.56585693359375
2021-10-13,435.17999267578125,407.02490234375
2021-10-14,442.5,413.8713073730469
2021-10-15,445.8699951171875,417.0232849121094
2021-10-18,447.19000244140625,418.2579040527344
2021-10-19,450.6400146484375,421.4847106933594
2021-10-20,452.4100036621094,423.1401672363281
2021-10-21,453.5899963378906,424.243896484375
2021-10-22,453.1199951171875,423.8042297363281
2021-10-25,455.54998779296875,426.0769958496094
2021-10-26,455.9599914550781,426.46051025390625
2021-10-27,453.94000244140625,424.5712585449219
2021-10-28,458.32000732421875,428.6678466796875
2021-10-29,459.25,429.5376281738281
2021-11-01,460.0400085449219,430.2765808105469
2021-11-02,461.8999938964844,432.01617431640625
2021-11-03,464.7200012207031,434.6536865234375
2021-11-04,466.9100036621094,436.7020263671875
2021-11-05,468.5299987792969,438.21728515625
2021-11-08,468.92999267578125,438.59136962890625
2021-11-09,467.3800048828125,437.14166259765625
2021-11-10,463.6199951171875,433.6248779296875
2021-11-11,463.7699890136719,433.7651672363281
2021-11-12,467.2699890136719,437.0386962890625
2021-11-15,467.42999267578125,437.1883850097656
2021-11-16,469.2799987792969,438.9186706542969
2021-11-17,468.1400146484375,437.8525390625
2021-11-18,469.7300109863281,439.3396911621094
2021-11-19,468.8900146484375,438.5539855957031
2021-11-22,467.57000732421875,437.31939697265625
2021-11-23,468.19000244140625,437.8993225097656
2021-11-24,469.44000244140625,439.0683288574219
2021-11-26,458.9700012207031,429.2757873535156
2021-11-29,464.6000061035156,434.54156494140625
2021-11-30,455.55999755859375,426.08642578125
2021-12-01,450.5,421.3537292480469
2021-12-02,457.3999938964844,427.80731201171875
2021-12-03,453.4200134277344,424.08477783203125
2021-12-06,458.7900085449219,429.107421875
2021-12-07,468.2799987792969,437.9834289550781
2021-12-08,469.5199890136719,439.1431579589844
2021-12-09,466.3500061035156,436.1783142089844
2021-12-10,470.739990234375,440.2842102050781
2021-12-13,466.57000732421875,436.38409423828125
2021-12-14,463.3599853515625,433.3817443847656
2021-12-15,470.6000061035156,440.1533508300781
2021-12-16,466.45001220703125,436.2718200683594
2021-12-17,459.8699951171875,431.6286315917969
2021-12-20,454.9800109863281,427.03900146484375
2021-12-21,463.05999755859375,434.6227111816406
2021-12-22,467.69000244140625,438.9683837890625
2021-12-23,470.6000061035156,441.69970703125
2021-12-27,477.260009765625,447.95068359375
2021-12-28,476.8699951171875,447.5846252441406
2021-12-29,477.4800109863281,448.1571350097656
2021-12-30,476.1600036621094,446.91827392578125
2021-12-31,474.9599914550781,445.79193115234375
2022-01-03,477.7099914550781,448.3730773925781
2022-01-04,477.54998779296875,448.222900390625
2022-01-05,468.3800048828125,439.61602783203125
2022-01-06,467.94000244140625,439.2030334472656
2022-01-07,466.0899963378906,437.46673583984375
2022-01-10,465.510009765625,436.92230224609375
2022-01-11,469.75,440.9018859863281
2022-01-12,471.0199890136719,442.0938720703125
2022-01-13,464.5299987792969,436.0024108886719
2022-01-14,464.7200012207031,436.1808166503906
2022-01-18,456.489990234375,428.45623779296875
2022-01-19,451.75,424.00732421875
2022-01-20,446.75,419.3143005371094
2022-01-21,437.9800109863281,411.08294677734375
2022-01-24,439.8399963378906,412.8285827636719
2022-01-25,434.4700012207031,407.7884521484375
2022-01-26,433.3800048828125,406.7653503417969
2022-01-27,431.239990234375,404.7568359375
2022-01-28,441.95001220703125,414.80914306640625
2022-01-31,449.9100036621094,422.2803039550781
2022-02-01,452.95001220703125,425.1336669921875
2022-02-02,457.3500061035156,429.2633972167969
2022-02-03,446.6000061035156,419.173583984375
2022-02-04,448.70001220703125,421.1446228027344
2022-02-07,447.260009765625,419.7929992675781
2022-02-08,450.94000244140625,423.24700927734375
2022-02-09,457.5400085449219,429.4417724609375
2022-02-10,449.32000732421875,421.72650146484375
2022-02-11,440.4599914550781,413.41064453125
2022-02-14,439.0199890136719,412.0591125488281
2022-02-15,446.1000061035156,418.7043151855469
2022-02-16,446.6000061035156,419.173583984375
2022-02-17,437.05999755859375,410.21942138671875
2022-02-18,434.2300109863281,407.5632019042969
2022-02-22,429.57000732421875,403.189453125
2022-02-23,421.95001220703125,396.0373229980469
2022-02-24,428.29998779296875,401.9974365234375
2022-02-25,437.75,410.86700439453125
2022-02-28,436.6300048828125,409.81585693359375
2022-03-01,429.9800109863281,403.5742492675781
2022-03-02,437.8900146484375,410.9985046386719
2022-03-03,435.7099914550781,408.9523620605469
2022-03-04,432.1700134277344,405.6297607421875
2022-03-07,419.42999267578125,393.6720886230469
2022-03-08,416.25,390.6874694824219
2022-03-09,427.4100036621094,401.16204833984375
2022-03-10,425.4800109863281,399.3505554199219
2022-03-11,420.07000732421875,394.2728576660156
2022-03-14,417.0,391.3913879394531
2022-03-15,426.1700134277344,399.99822998046875
2022-03-16,435.6199951171875,408.8678894042969
2022-03-17,441.07000732421875,413.98321533203125
2022-03-18,444.5199890136719,418.51751708984375
2022-03-21,444.3900146484375,418.3951110839844
2022-03-22,449.5899963378906,423.2908630371094
2022-03-23,443.79998779296875,417.83953857421875
2022-03-24,450.489990234375,424.13824462890625
2022-03-25,452.69000244140625,426.2095642089844
2022-03-28,455.9100036621094,429.2412109375
2022-03-29,461.54998779296875,434.5512390136719
2022-03-30,458.70001220703125,431.86798095703125
2022-03-31,451.6400146484375,425.2209777832031
2022-04-01,452.9200134277344,426.4261779785156
2022-04-04,456.79998779296875,430.0791015625
2022-04-05,451.0299987792969,424.64666748046875
2022-04-06,446.5199890136719,420.4004211425781
2022-04-07,448.7699890136719,422.5189208984375
2022-04-08,447.57000732421875,421.3891296386719
2022-04-11,439.9200134277344,414.18658447265625
2022-04-12,438.2900085449219,412.6518859863281
2022-04-13,443.30999755859375,417.37823486328125
2022-04-14,437.7900085449219,412.1811218261719
2022-04-18,437.9700012207031,412.3505859375
2022-04-19,445.0400085449219,419.007080078125
2022-04-20,444.7099914550781,418.69635009765625
2022-04-21,438.05999755859375,412.4353332519531
2022-04-22,426.0400085449219,401.1184387207031
2022-04-25,428.510009765625,403.44390869140625
2022-04-26,416.1000061035156,391.7598876953125
2022-04-27,417.2699890136719,392.8614501953125
2022-04-28,427.80999755859375,402.784912109375
2022-04-29,412.0,387.8997802734375
2022-05-02,414.4800109863281,390.2347106933594
2022-05-03,416.3800048828125,392.02362060546875
2022-05-04,429.05999755859375,403.9617614746094
2022-05-05,413.80999755859375,389.6038513183594
2022-05-06,411.3399963378906,387.2782897949219
2022-05-09,398.1700134277344,374.87872314453125
2022-05-10,399.0899963378906,375.74493408203125
2022-05-11,392.75,369.7757873535156
2022-05-12,392.3399963378906,369.3897705078125
2022-05-13,401.7200012207031,378.2210998535156
2022-05-16,400.0899963378906,376.6864929199219
2022-05-17,408.32000732421875,384.43499755859375
2022-05-18,391.8599853515625,368.937744140625
2022-05-19,389.4599914550781,366.67828369140625
2022-05-20,389.6300048828125,366.83837890625
2022-05-23,396.9200134277344,373.70184326171875
2022-05-24,393.8900146484375,370.8491516113281
2022-05-25,397.3699951171875,374.12554931640625
2022-05-26,405.30999755859375,381.60107421875
2022-05-27,415.260009765625,390.9690246582031
2022-05-31,412.92999267578125,388.7752990722656
2022-06-01,409.5899963378906,385.6307067871094
2022-06-02,417.3900146484375,392.9744873046875
2022-06-03,410.5400085449219,386.525146484375
2022-06-06,411.7900085449219,387.7020263671875
2022-06-07,415.739990234375,391.42095947265625
2022-06-08,411.2200012207031,387.1653747558594
2022-06-09,401.44000244140625,377.9574890136719
2022-06-10,389.79998779296875,366.998291015625
2022-06-13,375.0,353.0640869140625
2022-06-14,373.8699951171875,352.0001220703125
2022-06-15,379.20001220703125,357.0184631347656
2022-06-16,366.6499938964844,345.2025146484375
2022-06-17,365.8599853515625,345.9466857910156
2022-06-21,375.07000732421875,354.6553955078125
2022-06-22,374.3900146484375,354.0124206542969
2022-06-23,378.05999755859375,357.4826354980469
2022-06-24,390.0799865722656,368.8484191894531
2022-06-27,388.5899963378906,367.43951416015625
2022-06-28,380.6499938964844,359.9316711425781
2022-06-29,380.3399963378906,359.6385498046875
2022-06-30,377.25,356.71673583984375
2022-07-01,381.239990234375,360.4896240234375
2022-07-05,381.9599914550781,361.1703796386719
2022-07-06,383.25,362.39019775390625
2022-07-07,388.989990234375,367.8177490234375
2022-07-08,388.6700134277344,367.51519775390625
2022-07-11,384.2300109863281,363.31683349609375
2022-07-12,380.8299865722656,360.1019287109375
2022-07-13,378.8299865722656,358.21075439453125
2022-07-14,377.9100036621094,357.3408203125
2022-07-15,385.1300048828125,364.16790771484375
2022-07-18,381.95001220703125,361.16094970703125
2022-07-19,392.2699890136719,370.91925048828125
2022-07-20,394.7699890136719,373.2831115722656
2022-07-21,398.7900085449219,377.0843200683594
2022-07-22,395.0899963378906,373.5857238769531
2022-07-25,395.57000732421875,374.0397033691406
2022-07-26,390.8900146484375,369.6143798828125
2022-07-27,401.0400085449219,379.2119140625
2022-07-28,406.07000732421875,383.9681701660156
2022-07-29,411.989990234375,389.5659484863281
2022-08-01,410.7699890136719,388.41229248046875
2022-08-02,408.05999755859375,385.84979248046875
2022-08-03,414.45001220703125,391.89202880859375
2022-08-04,414.1700134277344,391.627197265625
2022-08-05,413.4700012207031,390.9653625488281
2022-08-08,412.989990234375,390.511474609375
2022-08-09,411.3500061035156,388.96075439453125
2022-08-10,419.989990234375,397.1304931640625
2022-08-11,419.989990234375,397.1304931640625
2022-08-12,427.1000061035156,403.85345458984375
2022-08-15,428.8599853515625,405.5176696777344
2022-08-16,429.70001220703125,406.3119812011719
2022-08-17,426.6499938964844,403.4278564453125
2022-08-18,427.8900146484375,404.6004943847656
2022-08-19,422.1400146484375,399.1634826660156
2022-08-22,413.3500061035156,390.85186767578125
2022-08-23,412.3500061035156,389.90625
2022-08-24,413.6700134277344,391.1544189453125
2022-08-25,419.510009765625,396.67657470703125
2022-08-26,405.30999755859375,383.2494812011719
2022-08-29,402.6300048828125,380.7153625488281
2022-08-30,398.2099914550781,376.535888671875
2022-08-31,395.17999267578125,373.6708068847656
2022-09-01,396.4200134277344,374.84332275390625
2022-09-02,392.239990234375,370.8908386230469
2022-09-06,390.760009765625,369.4914855957031
2022-09-07,397.7799987792969,376.1293640136719
2022-09-08,400.3800048828125,378.5877990722656
2022-09-09,406.6000061035156,384.4692687988281
2022-09-12,410.9700012207031,388.6014099121094
2022-09-13,393.1000061035156,371.7040710449219
2022-09-14,394.6000061035156,373.1224365234375
2022-09-15,390.1199951171875,368.8862609863281
2022-09-16,385.55999755859375,366.0721130371094
2022-09-19,388.54998779296875,368.910888671875
2022-09-20,384.0899963378906,364.6763610839844
2022-09-21,377.3900146484375,358.31500244140625
2022-09-22,374.2200012207031,355.3052673339844
2022-09-23,367.95001220703125,349.3520812988281
2022-09-26,364.30999755859375,345.8960876464844
2022-09-27,363.3800048828125,345.0131530761719
2022-09-28,370.5299987792969,351.8017578125
2022-09-29,362.7900085449219,344.4529724121094
2022-09-30,357.17999267578125,339.12646484375
2022-10-03,366.6099853515625,348.0798645019531
2022-10-04,377.9700012207031,358.8656921386719
2022-10-05,377.0899963378906,358.0301818847656
2022-10-06,373.20001220703125,354.33685302734375
2022-10-07,362.7900085449219,344.4529724121094
2022-10-10,360.0199890136719,341.82293701171875
2022-10-11,357.739990234375,339.6581726074219
2022-10-12,356.55999755859375,338.5378112792969
2022-10-13,365.9700012207031,347.4722595214844
2022-10-14,357.6300048828125,339.55377197265625
2022-10-17,366.82000732421875,348.2792663574219
2022-10-18,371.1300048828125,352.3714294433594
2022-10-19,368.5,349.8742980957031
2022-10-20,365.4100036621094,346.9405212402344
2022-10-21,374.2900085449219,355.3716735839844
2022-10-24,378.8699951171875,359.7202453613281
2022-10-25,384.9200134277344,365.4644470214844
2022-10-26,382.0199890136719,362.7109680175781
2022-10-27,379.9800109863281,360.7740783691406
2022-10-28,389.0199890136719,369.35711669921875
2022-10-31,386.2099914550781,366.689208984375
2022-11-01,384.5199890136719,365.08465576171875
2022-11-02,374.8699951171875,355.9223327636719
2022-11-03,371.010009765625,352.25750732421875
2022-11-04,376.3500061035156,357.3276062011719
2022-11-07,379.95001220703125,360.74560546875
2022-11-08,382.0,362.6919860839844
2022-11-09,374.1300048828125,355.2198181152344
2022-11-10,394.69000244140625,374.7405700683594
2022-11-11,398.510009765625,378.3675231933594
2022-11-14,395.1199951171875,375.1488342285156
2022-11-15,398.489990234375,378.3485107421875
2022-11-16,395.45001220703125,375.4621887207031
2022-11-17,394.239990234375,374.3133239746094
2022-11-18,396.0299987792969,376.0128479003906
2022-11-21,394.5899963378906,374.6456604003906
2022-11-22,399.8999938964844,379.6872253417969
2022-11-23,402.4200134277344,382.07989501953125
2022-11-25,402.3299865722656,381.9944763183594
2022-11-28,395.9100036621094,375.89892578125
2022-11-29,395.2300109863281,375.2533264160156
2022-11-30,407.67999267578125,387.073974609375
2022-12-01,407.3800048828125,386.7891540527344
2022-12-02,406.9100036621094,386.3428955078125
2022-12-05,399.5899963378906,379.3929138183594
2022-12-06,393.8299865722656,373.9240417480469
2022-12-07,393.1600036621094,373.2879333496094
2022-12-08,396.239990234375,376.21221923828125
2022-12-09,393.2799987792969,373.4018249511719
2022-12-12,398.95001220703125,378.7852783203125
2022-12-13,401.9700012207031,381.65264892578125
2022-12-14,399.3999938964844,379.2125549316406
2022-12-15,389.6300048828125,369.93634033203125
2022-12-16,383.2699890136719,365.5688781738281
2022-12-19,380.0199890136719,362.4689025878906
2022-12-20,380.5400085449219,362.96484375
2022-12-21,386.2300109863281,368.3920593261719
2022-12-22,380.7200012207031,363.13665771484375
2022-12-23,382.9100036621094,365.22540283203125
2022-12-27,381.3999938964844,363.78521728515625
2022-12-28,376.6600036621094,359.2641296386719
2022-12-29,383.44000244140625,365.7309875488281
2022-12-30,382.42999267578125,364.76763916015625
2023-01-03,380.82000732421875,363.2320556640625
2023-01-04,383.760009765625,366.0362243652344
2023-01-05,379.3800048828125,361.8585205078125
2023-01-06,388.0799865722656,370.15667724609375
2023-01-09,387.8599853515625,369.94683837890625
2023-01-10,390.5799865722656,372.5411682128906
2023-01-11,395.5199890136719,377.2530822753906
2023-01-12,396.9599914550781,378.62652587890625
2023-01-13,398.5,380.095458984375
2023-01-17,397.7699890136719,379.3991394042969
2023-01-18,391.489990234375,373.4091796875
2023-01-19,388.6400146484375,370.6907958984375
2023-01-20,395.8800048828125,377.5964050292969
2023-01-23,400.6300048828125,382.1270751953125
2023-01-24,400.20001220703125,381.7169189453125
2023-01-25,400.3500061035156,381.8600158691406
2023-01-26,404.75,386.0567626953125
2023-01-27,405.67999267578125,386.9438781738281
2023-01-30,400.5899963378906,382.08892822265625
2023-01-31,406.4800109863281,387.70684814453125
2023-02-01,410.79998779296875,391.8273620605469
2023-02-02,416.7799987792969,397.5312194824219
2023-02-03,412.3500061035156,393.3057861328125
2023-02-06,409.8299865722656,390.9021911621094
2023-02-07,415.19000244140625,396.0146179199219
2023-02-08,410.6499938964844,391.68426513671875
2023-02-09,407.0899963378906,388.2887268066406
2023-02-10,408.0400085449219,389.1949157714844
2023-02-13,412.8299865722656,393.76361083984375
2023-02-14,412.6400146484375,393.5823974609375
2023-02-15,413.9800109863281,394.8605651855469
2023-02-16,408.2799987792969,389.4237365722656
2023-02-17,407.260009765625,388.45086669921875
2023-02-21,399.0899963378906,380.65814208984375
2023-02-22,398.5400085449219,380.1336364746094
2023-02-23,400.6600036621094,382.1557312011719
2023-02-24,396.3800048828125,378.0733642578125
2023-02-27,397.7300109863281,379.36102294921875
2023-02-28,396.260009765625,377.9588623046875
2023-03-01,394.739990234375,376.509033203125
2023-03-02,397.80999755859375,379.43731689453125
2023-03-03,404.19000244140625,385.5225830078125
2023-03-06,404.4700012207031,385.7897033691406
2023-03-07,398.2699890136719,379.8760681152344
2023-03-08,398.9200134277344,380.49603271484375
2023-03-09,391.55999755859375,373.47589111328125
2023-03-10,385.9100036621094,368.0869140625
2023-03-13,385.3599853515625,367.5622863769531
2023-03-14,391.7300109863281,373.6380920410156
2023-03-15,389.2799987792969,371.3013000488281
2023-03-16,396.1099853515625,377.8157653808594
2023-03-17,389.989990234375,373.3981018066406
2023-03-20,393.739990234375,376.98858642578125
2023-03-21,398.9100036621094,381.9386291503906
2023-03-22,392.1099853515625,375.42791748046875
2023-03-23,393.1700134277344,376.44287109375
2023-03-24,395.75,378.9130859375
2023-03-27,396.489990234375,379.6215515136719
2023-03-28,395.6000061035156,378.76947021484375
2023-03-29,401.3500061035156,384.2747497558594
2023-03-30,403.70001220703125,386.5248718261719
2023-03-31,409.3900146484375,391.9727783203125
2023-04-03,410.95001220703125,393.4664001464844
2023-04-04,408.6700134277344,391.28338623046875
2023-04-05,407.6000061035156,390.2589111328125
2023-04-06,409.19000244140625,391.7812805175781
2023-04-10,409.6099853515625,392.1833801269531
2023-04-11,409.7200012207031,392.2886962890625
2023-04-12,408.04998779296875,390.6897277832031
2023-04-13,413.4700012207031,395.879150390625
2023-04-14,412.4599914550781,394.9121398925781
2023-04-17,413.94000244140625,396.3292236328125
2023-04-18,414.2099914550781,396.5877380371094
2023-04-19,414.1400146484375,396.5207214355469
2023-04-20,411.8800048828125,394.3568420410156
2023-04-21,412.20001220703125,394.66326904296875
2023-04-24,412.6300048828125,395.0749206542969
2023-04-25,406.0799865722656,388.8035888671875
2023-04-26,404.3599853515625,387.1567687988281
2023-04-27,412.4100036621094,394.8642883300781
2023-04-28,415.92999267578125,398.2345275878906
2023-05-01,415.510009765625,397.83233642578125
2023-05-02,410.8399963378906,393.36102294921875
2023-05-03,408.0199890136719,390.66107177734375
2023-05-04,405.1300048828125,387.8939514160156
2023-05-05,412.6300048828125,395.0749206542969
2023-05-08,412.739990234375,395.18023681640625
2023-05-09,410.92999267578125,393.4472351074219
2023-05-10,412.8500061035156,395.28558349609375
2023-05-11,412.1300048828125,394.5962219238281
2023-05-12,411.5899963378906,394.0791931152344
2023-05-15,413.010009765625,395.43878173828125
2023-05-16,410.25,392.7961730957031
2023-05-17,415.2300109863281,397.56427001953125
2023-05-18,419.2300109863281,401.3941650390625
2023-05-19,418.6199951171875,400.81011962890625
2023-05-22,418.7900085449219,400.9728698730469
2023-05-23,414.0899963378906,396.47283935546875
2023-05-24,411.0899963378906,393.6004638671875
2023-05-25,414.6499938964844,397.0090026855469
2023-05-26,420.0199890136719,402.1504821777344
2023-05-30,420.17999267578125,402.3037109375
2023-05-31,417.8500061035156,400.07281494140625
2023-06-01,421.82000732421875,403.87396240234375
2023-06-02,427.9200134277344,409.7144470214844
2023-06-05,427.1000061035156,408.9292297363281
2023-06-06,428.0299987792969,409.8197326660156
2023-06-07,426.54998779296875,408.4026794433594
2023-06-08,429.1300048828125,410.8729248046875
2023-06-09,429.8999938964844,411.6101989746094
2023-06-12,433.79998779296875,415.3442687988281
2023-06-13,436.6600036621094,418.08258056640625
2023-06-14,437.17999267578125,418.5804748535156
2023-06-15,442.6000061035156,423.7698059082031
2023-06-16,439.4599914550781,422.3264465332031
2023-06-20,437.17999267578125,420.13531494140625
2023-06-21,434.94000244140625,417.9826354980469
2023-06-22,436.510009765625,419.4914245605469
2023-06-23,433.2099914550781,416.320068359375
2023-06-26,431.44000244140625,414.619140625
2023-06-27,436.1700134277344,419.1647033691406
2023-06-28,436.3900146484375,419.37615966796875
2023-06-29,438.1099853515625,421.0290222167969
2023-06-30,443.2799987792969,425.9974670410156
2023-07-03,443.7900085449219,426.48760986328125
2023-07-05,443.1300048828125,425.85333251953125
2023-07-06,439.6600036621094,422.5185852050781
2023-07-07,438.54998779296875,421.451904296875
2023-07-10,439.6600036621094,422.5185852050781
2023-07-11,442.4599914550781,425.2095031738281
2023-07-12,446.0199890136719,428.630615234375
2023-07-13,449.55999755859375,432.0326843261719
2023-07-14,449.2799987792969,431.7635498046875
2023-07-17,450.8399963378906,433.2626647949219
2023-07-18,454.19000244140625,436.482177734375
2023-07-19,455.20001220703125,437.4527893066406
2023-07-20,452.17999267578125,434.5505065917969
2023-07-21,452.17999267578125,434.5505065917969
2023-07-24,454.20001220703125,436.49176025390625
2023-07-25,455.44000244140625,437.683349609375
2023-07-26,455.510009765625,437.7507019042969
2023-07-27,452.489990234375,434.8483581542969
2023-07-28,456.9200134277344,439.105712890625
2023-07-31,457.7900085449219,439.94171142578125
2023-08-01,456.4800109863281,438.682861328125
2023-08-02,450.1300048828125,432.58038330078125
2023-08-03,448.8399963378906,431.3407897949219
2023-08-04,446.80999755859375,429.389892578125
2023-08-07,450.7099914550781,433.1378479003906
2023-08-08,448.75,431.2542419433594
2023-08-09,445.75,428.3712158203125
2023-08-10,445.9100036621094,428.52490234375
2023-08-11,445.6499938964844,428.2750549316406
2023-08-14,448.1099853515625,430.63916015625
2023-08-15,442.8900146484375,425.6227111816406
2023-08-16,439.6400146484375,422.4994201660156
2023-08-17,436.2900085449219,419.2799987792969
2023-08-18,436.5,419.4818115234375
2023-08-21,439.3399963378906,422.211181640625
2023-08-22,438.1499938964844,421.06756591796875
2023-08-23,443.0299987792969,425.7572021484375
2023-08-24,436.8900146484375,419.8566589355469
2023-08-25,439.9700012207031,422.8164978027344
2023-08-28,442.760009765625,425.4977111816406
2023-08-29,449.1600036621094,431.6482849121094
2023-08-30,451.010009765625,433.4261474609375
2023-08-31,450.3500061035156,432.7918701171875
2023-09-01,451.19000244140625,433.5991516113281
2023-09-05,449.239990234375,431.72509765625
2023-09-06,446.2200012207031,428.8228759765625
2023-09-07,444.8500061035156,427.5063171386719
2023-09-08,445.5199890136719,428.150146484375
2023-09-11,448.45001220703125,430.9659118652344
2023-09-12,445.989990234375,428.601806640625
2023-09-13,446.510009765625,429.1015930175781
2023-09-14,450.3599853515625,432.80145263671875
2023-09-15,443.3699951171875,427.5869445800781
2023-09-18,443.6300048828125,427.83770751953125
2023-09-19,442.7099914550781,426.9504089355469
2023-09-20,438.6400146484375,423.0252990722656
2023-09-21,431.3900146484375,416.0333557128906
2023-09-22,430.4200134277344,415.0979309082031
2023-09-25,432.2300109863281,416.8435363769531
2023-09-26,425.8800048828125,410.7195739746094
2023-09-27,426.04998779296875,410.8835144042969
2023-09-28,428.5199890136719,413.2655334472656
2023-09-29,427.4800109863281,412.2626037597656
2023-10-02,427.30999755859375,412.0986633300781
2023-10-03,421.5899963378906,406.582275390625
2023-10-04,424.6600036621094,409.5429992675781
2023-10-05,424.5,409.388671875
2023-10-06,429.5400085449219,414.249267578125
2023-10-09,432.2900085449219,416.9013977050781
2023-10-10,434.5400085449219,419.0712890625
2023-10-11,436.32000732421875,420.7879333496094
2023-10-12,433.6600036621094,418.22259521484375
2023-10-13,431.5,416.13946533203125
2023-10-16,436.0400085449219,420.517822265625
2023-10-17,436.0199890136719,420.4985656738281
2023-10-18,430.2099914550781,414.8954162597656
2023-10-19,426.42999267578125,411.25
2023-10-20,421.19000244140625,406.196533203125
2023-10-23,420.4599914550781,405.4924621582031
2023-10-24,423.6300048828125,408.5495910644531
2023-10-25,417.54998779296875,402.68603515625
2023-10-26,412.54998779296875,397.86407470703125
2023-10-27,410.67999267578125,396.0606689453125
2023-10-30,415.5899963378906,400.79583740234375
2023-10-31,418.20001220703125,403.3129577636719
2023-11-01,422.6600036621094,407.6141662597656
2023-11-02,430.760009765625,415.4258728027344
2023-11-03,434.69000244140625,419.2159423828125
2023-11-06,435.69000244140625,420.1803283691406
2023-11-07,436.92999267578125,421.37615966796875
2023-11-08,437.25,421.684814453125
2023-11-09,433.8399963378906,418.39617919921875
2023-11-10,440.6099853515625,424.9251708984375
2023-11-13,440.19000244140625,424.5201721191406
2023-11-14,448.7300109863281,432.756103515625
2023-11-15,449.67999267578125,433.67230224609375
2023-11-16,450.2300109863281,434.20269775390625
2023-11-17,450.7900085449219,434.7427978515625
2023-11-20,454.260009765625,438.0892639160156
2023-11-21,453.2699890136719,437.1344909667969
2023-11-22,455.0199890136719,438.8221740722656
2023-11-24,455.29998779296875,439.09222412109375
2023-11-27,454.4800109863281,438.301513671875
2023-11-28,454.92999267578125,438.73541259765625
2023-11-29,454.6099853515625,438.4267883300781
2023-11-30,456.3999938964844,440.15313720703125
2023-12-01,459.1000061035156,442.7569885253906
2023-12-04,456.69000244140625,440.4327697753906
2023-12-05,456.6000061035156,440.3459777832031
2023-12-06,454.760009765625,438.5714416503906
2023-12-07,458.2300109863281,441.9179992675781
2023-12-08,460.20001220703125,443.81787109375
2023-12-11,461.989990234375,445.54412841796875
2023-12-12,464.1000061035156,447.5789489746094
2023-12-13,470.5,453.75115966796875
2023-12-14,472.010009765625,455.20745849609375
2023-12-15,469.3299865722656,454.4579162597656
2023-12-18,471.9700012207031,457.0142822265625
2023-12-19,474.8399963378906,459.7933044433594
2023-12-20,468.260009765625,453.42181396484375
2023-12-21,472.70001220703125,457.72119140625
2023-12-22,473.6499938964844,458.64105224609375
2023-12-26,475.6499938964844,460.5776062011719
2023-12-27,476.510009765625,461.41046142578125
2023-12-28,476.69000244140625,461.5846862792969
2023-12-29,475.30999755859375,460.2484130859375
2024-01-02,472.6499938964844,457.6727294921875
2024-01-03,468.7900085449219,453.93505859375
2024-01-04,467.2799987792969,452.4728698730469
2024-01-05,467.9200134277344,453.0926513671875
2024-01-08,474.6000061035156,459.5610046386719
2024-01-09,473.8800048828125,458.86370849609375
2024-01-10,476.55999755859375,461.4588623046875
2024-01-11,476.3500061035156,461.2554626464844
2024-01-12,476.67999267578125,461.57501220703125
2024-01-16,474.92999267578125,459.88043212890625
2024-01-17,472.2900085449219,457.3241882324219
2024-01-18,476.489990234375,461.3909606933594
2024-01-19,482.42999267578125,467.1427917480469
2024-01-22,483.45001220703125,468.1304931640625
2024-01-23,484.8599853515625,469.4958190917969
2024-01-24,485.3900146484375,470.0090026855469
2024-01-25,488.0299987792969,472.56536865234375
2024-01-26,487.4100036621094,471.96502685546875
2024-01-29,491.2699890136719,475.70269775390625
2024-01-30,490.8900146484375,475.33477783203125
2024-01-31,482.8800048828125,467.5785217285156
2024-02-01,489.20001220703125,473.6982727050781
2024-02-02,494.3500061035156,478.68511962890625
2024-02-05,492.54998779296875,476.942138671875
2024-02-06,493.9800109863281,478.3268737792969
2024-02-07,498.1000061035156,482.3163146972656
2024-02-08,498.32000732421875,482.529296875
2024-02-09,501.20001220703125,485.31805419921875
2024-02-12,500.9800109863281,485.1050720214844
2024-02-13,494.0799865722656,478.42364501953125
2024-02-14,498.57000732421875,482.7713928222656
2024-02-15,502.010009765625,486.10235595703125
2024-02-16,499.510009765625,483.68157958984375
2024-02-20,496.760009765625,481.01873779296875
2024-02-21,497.2099914550781,481.4544372558594
2024-02-22,507.5,491.41839599609375
2024-02-23,507.8500061035156,491.7572937011719
2024-02-26,505.989990234375,489.9562072753906
2024-02-27,506.92999267578125,490.8664245605469
2024-02-28,506.260009765625,490.2176818847656
2024-02-29,508.0799865722656,491.9799499511719
2024-03-01,512.8499755859375,496.598876953125
2024-03-04,512.2999877929688,496.0662841796875
2024-03-05,507.17999267578125,491.10858154296875
2024-03-06,509.75,493.5970458984375
2024-03-07,514.8099975585938,498.496826171875
2024-03-08,511.7200012207031,495.5047302246094
2024-03-11,511.2799987792969,495.0786437988281
2024-03-12,516.780029296875,500.4043273925781
2024-03-13,515.969970703125,499.6199645996094
2024-03-14,514.9500122070312,498.63232421875
2024-03-15,509.8299865722656,495.20843505859375
2024-03-18,512.8599853515625,498.15155029296875
2024-03-19,515.7100219726562,500.9197692871094
2024-03-20,520.47998046875,505.552978515625
2024-03-21,522.2000122070312,507.2236328125
2024-03-22,521.2100219726562,506.2620544433594
2024-03-25,519.77001953125,504.8634033203125
2024-03-26,518.8099975585938,503.930908203125
2024-03-27,523.1699829101562,508.16583251953125
2024-03-28,523.0700073242188,508.0687255859375
2024-04-01,522.1599731445312,507.18475341796875
2024-04-02,518.8400268554688,503.96002197265625
2024-04-03,519.4099731445312,504.513671875
2024-04-04,513.0700073242188,498.35552978515625
2024-04-05,518.4299926757812,503.5617980957031
2024-04-08,518.719970703125,503.8434143066406
2024-04-09,519.3200073242188,504.42620849609375
2024-04-10,514.1199951171875,499.3753662109375
2024-04-11,518.0,503.14410400390625
2024-04-12,510.8500061035156,496.19921875
2024-04-15,504.45001220703125,489.98272705078125
2024-04-16,503.5299987792969,489.089111328125
2024-04-17,500.54998779296875,486.194580078125
2024-04-18,499.5199890136719,485.194091796875
2024-04-19,495.1600036621094,480.959228515625
2024-04-22,499.7200012207031,485.38836669921875
2024-04-23,505.6499938964844,491.1483154296875
2024-04-24,505.4100036621094,490.9151916503906
2024-04-25,503.489990234375,489.0502624511719
2024-04-26,508.260009765625,493.6834716796875
2024-04-29,510.05999755859375,495.43182373046875
2024-04-30,501.9800109863281,487.5836181640625
2024-05-01,500.3500061035156,486.0003356933594
2024-05-02,505.0299987792969,490.5461120605469
2024-05-03,511.2900085449219,496.6265869140625
2024-05-06,516.5700073242188,501.755126953125
2024-05-07,517.1400146484375,502.30877685546875
2024-05-08,517.1900024414062,502.3573303222656
2024-05-09,520.1699829101562,505.2518615722656
2024-05-10,520.8400268554688,505.9027099609375
2024-05-13,520.9099731445312,505.9705505371094
2024-05-14,523.2999877929688,508.2921142578125
2024-05-15,529.780029296875,514.5863037109375
2024-05-16,528.6900024414062,513.5275268554688
2024-05-17,529.4500122070312,514.2656860351562
2024-05-20,530.0599975585938,514.8582763671875
2024-05-21,531.3599853515625,516.1210327148438
2024-05-22,529.8300170898438,514.6348266601562
2024-05-23,525.9600219726562,510.8758544921875
2024-05-24,529.4400024414062,514.2561645507812
2024-05-28,529.8099975585938,514.6153564453125
2024-05-29,526.0999755859375,511.0117492675781
2024-05-30,522.6099853515625,507.6218566894531
2024-05-31,527.3699951171875,512.2454223632812
2024-06-03,527.7999877929688,512.6630859375
2024-06-04,528.3900146484375,513.236083984375
2024-06-05,534.6699829101562,519.3359375
2024-06-06,534.6599731445312,519.3263549804688
2024-06-07,534.010009765625,518.6948852539062
2024-06-10,535.6599731445312,520.2976684570312
2024-06-11,536.9500122070312,521.5506591796875
2024-06-12,541.3599853515625,525.8341674804688
2024-06-13,542.4500122070312,526.892822265625
2024-06-14,542.780029296875,527.2135009765625
2024-06-17,547.0999755859375,531.4095458984375
2024-06-18,548.489990234375,532.7596435546875
2024-06-20,547.0,531.3123779296875
2024-06-21,544.510009765625,530.6000366210938
2024-06-24,542.739990234375,528.875244140625
2024-06-25,544.8300170898438,530.911865234375
2024-06-26,545.510009765625,531.5745849609375
2024-06-27,546.3699951171875,532.41259765625
2024-06-28,544.219970703125,530.3174438476562
2024-07-01,545.3400268554688,531.408935546875
2024-07-02,549.010009765625,534.985107421875
2024-07-03,551.4600219726562,537.3726196289062
2024-07-05,554.6400146484375,540.4713134765625
2024-07-08,555.280029296875,541.0950317382812
2024-07-09,555.8200073242188,541.6211547851562
2024-07-10,561.3200073242188,546.980712890625
2024-07-11,556.47998046875,542.2642211914062
2024-07-12,559.989990234375,545.6847534179688
2024-07-15,561.530029296875,547.185302734375
2024-07-16,564.8599853515625,550.43017578125
2024-07-17,556.9400024414062,542.712646484375
2024-07-18,552.6599731445312,538.5418701171875
2024-07-19,548.989990234375,534.9656372070312
2024-07-22,554.6500244140625,540.481201171875
2024-07-23,553.780029296875,539.63330078125
2024-07-24,541.22998046875,527.4039306640625
2024-07-25,538.4099731445312,524.6558837890625
2024-07-26,544.4400024414062,530.531982421875
2024-07-29,544.760009765625,530.8436279296875
2024-07-30,542.0,528.1541748046875
2024-07-31,550.8099975585938,536.7391357421875
2024-08-01,543.010009765625,529.138427734375
2024-08-02,532.9000244140625,519.2867431640625
2024-08-05,517.3800048828125,504.1632080078125
2024-08-06,522.1500244140625,508.8114013671875
2024-08-07,518.6599731445312,505.410400390625
2024-08-08,530.6500244140625,517.0941162109375
2024-08-09,532.989990234375,519.3743286132812
2024-08-12,533.27001953125,519.647216796875
2024-08-13,542.0399780273438,528.1931762695312
2024-08-14,543.75,529.8594970703125
2024-08-15,553.0700073242188,538.94140625
2024-08-16,554.3099975585938,540.1497192382812
2024-08-19,559.6099853515625,545.3143920898438
2024-08-20,558.7000122070312,544.4275512695312
2024-08-21,560.6199951171875,546.298583984375
2024-08-22,556.219970703125,542.0108642578125
2024-08-23,562.1300048828125,547.7699584960938
2024-08-26,560.7899780273438,546.4642333984375
2024-08-27,561.5599975585938,547.214599609375
2024-08-28,558.2999877929688,544.037841796875
2024-08-29,558.3499755859375,544.0864868164062
2024-08-30,563.6799926757812,549.2804565429688
2024-09-03,552.0800170898438,537.976806640625
2024-09-04,550.9500122070312,536.8756103515625
2024-09-05,549.6099853515625,535.56982421875
2024-09-06,540.3599853515625,526.5560913085938
2024-09-09,546.4099731445312,532.4515991210938
2024-09-10,548.7899780273438,534.7708129882812
2024-09-11,554.4199829101562,540.2570190429688
2024-09-12,559.0900268554688,544.8076782226562
2024-09-13,562.010009765625,547.6530151367188
2024-09-16,562.8400268554688,548.4619140625
2024-09-17,563.0700073242188,548.6859741210938
2024-09-18,561.4000244140625,547.05859375
2024-09-19,570.97998046875,556.3939819335938
2024-09-20,568.25,555.4320678710938
2024-09-23,569.6699829101562,556.820068359375
2024-09-24,571.2999877929688,558.4132690429688
2024-09-25,570.0399780273438,557.181640625
2024-09-26,572.2999877929688,559.3906860351562
2024-09-27,571.469970703125,558.5794067382812
2024-09-30,573.760009765625,560.8177490234375
2024-10-01,568.6199951171875,555.7937622070312
2024-10-02,568.8599853515625,556.0284423828125
2024-10-03,567.8200073242188,555.0117797851562
2024-10-04,572.97998046875,560.0553588867188
2024-10-07,567.7999877929688,554.9922485351562
2024-10-08,573.1699829101562,560.2411499023438
2024-10-09,577.1400146484375,564.1216430664062
2024-10-10,576.1300048828125,563.1343383789062
2024-10-11,579.5800170898438,566.5064697265625
2024-10-14,584.3200073242188,571.1396484375
2024-10-15,579.780029296875,566.7021484375
2024-10-16,582.2999877929688,569.1651611328125
2024-10-17,582.3499755859375,569.2140502929688
2024-10-18,584.5900268554688,571.4036254882812
2024-10-21,583.6300048828125,570.4652099609375
2024-10-22,583.3200073242188,570.1622314453125
2024-10-23,577.989990234375,564.9523315429688
2024-10-24,579.239990234375,566.1741943359375
2024-10-25,579.0399780273438,565.9786376953125
2024-10-28,580.8300170898438,567.728271484375
2024-10-29,581.77001953125,568.6471557617188
2024-10-30,580.010009765625,566.9268798828125
2024-10-31,568.6400146484375,555.8132934570312
2024-11-01,571.0399780273438,558.1591796875
2024-11-04,569.8099975585938,556.9568481445312
2024-11-05,576.7000122070312,563.6915283203125
2024-11-06,591.0399780273438,577.7079467773438
2024-11-07,595.6099853515625,582.1749877929688
2024-11-08,598.1900024414062,584.69677734375
2024-11-11,598.760009765625,585.2539672851562
2024-11-12,596.9000244140625,583.4359130859375
2024-11-13,597.1900024414062,583.7192993164062
2024-11-14,593.3499755859375,579.9659423828125
2024-11-15,585.75,572.537353515625
2024-11-18,588.1500244140625,574.88330078125
2024-11-19,590.2999877929688,576.9847412109375
2024-11-20,590.5,577.18017578125
2024-11-21,593.6699829101562,580.2786865234375
2024-11-22,595.510009765625,582.0771484375
2024-11-25,597.530029296875,584.0516357421875
2024-11-26,600.6500244140625,587.1013793945312
2024-11-27,598.8300170898438,585.322265625
2024-11-29,602.5499877929688,588.9583740234375
2024-12-02,603.6300048828125,590.013916015625
2024-12-03,603.9099731445312,590.2877197265625
2024-12-04,607.6599731445312,593.953125
2024-12-05,606.6599731445312,592.9756469726562
2024-12-06,607.8099975585938,594.0997314453125
2024-12-09,604.6799926757812,591.0404052734375
2024-12-10,602.7999877929688,589.2027587890625
2024-12-11,607.4600219726562,593.7578125
2024-12-12,604.3300170898438,590.6983032226562
2024-12-13,604.2100219726562,590.5809326171875
2024-12-16,606.7899780273438,593.102783203125
2024-12-17,604.2899780273438,590.6591796875
2024-12-18,586.280029296875,573.0553588867188
2024-12-19,586.0999755859375,572.8795166015625
2024-12-20,591.1500244140625,579.7603149414062
2024-12-23,594.6900024414062,583.2321166992188
2024-12-24,601.2999877929688,589.7147216796875
2024-12-26,601.3400268554688,589.7540283203125
2024-12-27,595.010009765625,583.5459594726562
2024-12-30,588.219970703125,576.88671875
2024-12-31,586.0800170898438,574.7880249023438
2025-01-02,584.6400146484375,573.3756713867188
2025-01-03,591.9500122070312,580.544921875
2025-01-06,595.3599853515625,583.88916015625
2025-01-07,588.6300048828125,577.288818359375
2025-01-08,589.489990234375,578.1322021484375
2025-01-10,580.489990234375,569.3056030273438
2025-01-13,581.3900146484375,570.1882934570312
2025-01-14,582.1900024414062,570.9728393554688
2025-01-15,592.780029296875,581.35888671875
2025-01-16,591.6400146484375,580.2408447265625
2025-01-17,597.5800170898438,586.0664672851562
2025-01-21,603.0499877929688,591.430908203125
2025-01-22,606.4400024414062,594.7557373046875
2025-01-23,609.75,598.0018920898438
2025-01-24,607.969970703125,596.2561645507812
2025-01-27,599.3699951171875,587.8219604492188
2025-01-28,604.52001953125,592.8726806640625
2025-01-29,601.8099975585938,590.2149047851562
2025-01-30,605.0399780273438,593.3826293945312
2025-01-31,601.8200073242188,590.224609375
2025-02-03,597.77001953125,586.252685546875
2025-02-04,601.780029296875,590.1854248046875
2025-02-05,604.219970703125,592.5784301757812
2025-02-06,606.3200073242188,594.6380004882812
2025-02-07,600.77001953125,589.1949462890625
2025-02-10,604.8499755859375,593.1963500976562
2025-02-11,605.3099975585938,593.6475219726562
2025-02-12,603.3599853515625,591.7350463867188
2025-02-13,609.72998046875,597.9822387695312
2025-02-14,609.7000122070312,597.9528198242188
2025-02-18,611.489990234375,599.7084350585938
2025-02-19,612.9299926757812,601.12060546875
2025-02-20,610.3800048828125,598.6197509765625
2025-02-21,599.9400024414062,588.3809204101562
2025-02-24,597.2100219726562,585.7034912109375
2025-02-25,594.239990234375,582.790771484375
2025-02-26,594.5399780273438,583.0849609375
2025-02-27,585.0499877929688,573.7777099609375
2025-02-28,594.1799926757812,582.73193359375
2025-03-03,583.77001953125,572.5224609375
2025-03-04,576.8599853515625,565.74560546875
2025-03-05,583.0599975585938,571.8261108398438
2025-03-06,572.7100219726562,561.6755981445312
2025-03-07,575.9199829101562,564.8236083984375
2025-03-10,560.5800170898438,549.779296875
2025-03-11,555.9199829101562,545.2089233398438
2025-03-12,558.8699951171875,548.1022338867188
2025-03-13,551.4199829101562,540.7957763671875
2025-03-14,562.8099975585938,551.96630859375
2025-03-17,567.1500244140625,556.22265625
2025-03-18,561.02001953125,550.2107543945312
2025-03-19,567.1300048828125,556.2030639648438
2025-03-20,565.489990234375,554.5946655273438
2025-03-21,563.97998046875,554.7776489257812
2025-03-24,574.0800170898438,564.712890625
2025-03-25,575.4600219726562,566.0703125
2025-03-26,568.5900268554688,559.3125
2025-03-27,567.0800170898438,557.8271484375
2025-03-28,555.6599731445312,546.5933227539062
2025-03-31,559.3900146484375,550.2625732421875
2025-04-01,560.969970703125,551.816650390625
2025-04-02,564.52001953125,555.3087768554688
2025-04-03,536.7000122070312,527.9427490234375
2025-04-04,505.2799987792969,497.0354309082031
2025-04-07,504.3800048828125,496.1501159667969
2025-04-08,496.4800109863281,488.3790283203125
2025-04-09,548.6199951171875,539.6683349609375
2025-04-10,524.5800170898438,516.0205078125
2025-04-11,533.9400024414062,525.2277221679688
2025-04-14,539.1199951171875,530.3233032226562
2025-04-15,537.6099853515625,528.837890625
2025-04-16,525.6599731445312,517.0828857421875
2025-04-17,526.4099731445312,517.8206176757812
2025-04-21,513.8800048828125,505.4951171875
2025-04-22,527.25,518.64697265625
2025-04-23,535.4199829101562,526.6836547851562
2025-04-24,546.6900024414062,537.769775390625
2025-04-25,550.6400146484375,541.6552734375
2025-04-28,550.8499755859375,541.86181640625
2025-04-29,554.3200073242188,545.2753295898438
2025-04-30,554.5399780273438,545.4916381835938
2025-05-01,558.469970703125,549.3574829101562
2025-05-02,566.760009765625,557.5122680664062
2025-05-05,563.510009765625,554.3153686523438
2025-05-06,558.7999877929688,549.6821899414062
2025-05-07,561.1500244140625,551.9938354492188
2025-05-08,565.0599975585938,555.8400268554688
2025-05-09,564.3400268554688,555.1317749023438
2025-05-12,582.989990234375,573.4774780273438
2025-05-13,586.8400268554688,577.2646484375
2025-05-14,587.5900268554688,578.00244140625
2025-05-15,590.4600219726562,580.8255615234375
2025-05-16,594.2000122070312,584.504638671875
2025-05-19,594.8499755859375,585.1439208984375
2025-05-20,592.8499755859375,583.176513671875
2025-05-21,582.8599853515625,573.349609375
2025-05-22,583.0900268554688,573.5758666992188
2025-05-23,579.1099853515625,569.6607055664062
2025-05-27,591.1500244140625,581.50439453125
2025-05-28,587.72998046875,578.14013671875
2025-05-29,590.0499877929688,580.4223022460938
2025-05-30,589.3900146484375,579.7730102539062
2025-06-02,592.7100219726562,583.0389404296875
2025-06-03,596.0900268554688,586.3637084960938
2025-06-04,595.9299926757812,586.2062377929688
2025-06-05,593.0499877929688,583.3733520507812
2025-06-06,599.1400146484375,589.3639526367188
2025-06-09,599.6799926757812,589.8950805664062
2025-06-10,603.0800170898438,593.2396850585938
2025-06-11,601.3599853515625,591.5477294921875
2025-06-12,603.75,593.8987426757812
2025-06-13,597.0,587.2589111328125
2025-06-16,602.6799926757812,592.84619140625
2025-06-17,597.530029296875,587.7802124023438
2025-06-18,597.4400024414062,587.6917114257812
2025-06-20,594.280029296875,586.3114624023438
2025-06-23,600.1500244140625,592.1027221679688
2025-06-24,606.780029296875,598.643798828125
2025-06-25,607.1199951171875,598.9793090820312
2025-06-26,611.8699951171875,603.6655883789062
2025-06-27,614.9099731445312,606.664794921875
2025-06-30,617.8499755859375,609.5654296875
2025-07-01,617.6500244140625,609.3681030273438
2025-07-02,620.4500122070312,612.130615234375
2025-07-03,625.3400268554688,616.9549560546875
2025-07-07,620.6799926757812,612.357421875
2025-07-08,620.3400268554688,612.0220336914062
2025-07-09,624.0599975585938,615.692138671875
2025-07-10,625.8200073242188,617.4285278320312
2025-07-11,623.6199951171875,615.2579956054688
2025-07-14,624.8099975585938,616.43212890625
2025-07-15,622.1400146484375,613.7979125976562
2025-07-16,624.219970703125,615.8499755859375
2025-07-17,628.0399780273438,619.6187133789062
2025-07-18,627.5800170898438,619.1649169921875
2025-07-21,628.77001953125,620.3389892578125
2025-07-22,628.8599853515625,620.4277954101562
2025-07-23,634.2100219726562,625.7060546875
2025-07-24,634.4199829101562,625.9131469726562
2025-07-25,637.0999755859375,628.5572509765625
2025-07-28,636.9400024414062,628.3994140625
2025-07-29,635.260009765625,626.7420043945312
2025-07-30,634.4600219726562,625.95263671875
2025-07-31,632.0800170898438,623.6045532226562
2025-08-01,621.719970703125,613.3834838867188
2025-08-04,631.1699829101562,622.7067260742188
2025-08-05,627.969970703125,619.5496826171875
2025-08-06,632.780029296875,624.2952270507812
2025-08-07,632.25,623.7722778320312
2025-08-08,637.1799926757812,628.6361694335938
2025-08-11,635.9199829101562,627.3931274414062
2025-08-12,642.6900024414062,634.0723266601562
2025-08-13,644.8900146484375,636.242919921875
2025-08-14,644.9500122070312,636.302001953125
2025-08-15,643.4400024414062,634.8123168945312
2025-08-18,643.2999877929688,634.674072265625
2025-08-19,639.8099975585938,631.23095703125
2025-08-20,638.1099853515625,629.5536499023438
2025-08-21,635.5499877929688,627.0281372070312
2025-08-22,645.3099975585938,636.6572265625
2025-08-25,642.469970703125,633.8552856445312
2025-08-26,645.1599731445312,636.5092163085938
2025-08-27,646.6300048828125,637.9595336914062
2025-08-28,648.9199829101562,640.2188110351562
2025-08-29,645.0499877929688,636.400634765625
2025-09-02,640.27001953125,631.684814453125
2025-09-03,643.739990234375,635.1082763671875
2025-09-04,649.1199951171875,640.4161376953125
2025-09-05,647.239990234375,638.5612182617188
2025-09-08,648.8300170898438,640.1300048828125
2025-09-09,650.3300170898438,641.60986328125
2025-09-10,652.2100219726562,643.4646606445312
2025-09-11,657.6300048828125,648.81201171875
2025-09-12,657.4099731445312,648.5948486328125
2025-09-15,660.9099731445312,652.0480346679688
2025-09-16,660.0,651.150146484375
2025-09-17,659.1799926757812,650.3411865234375
2025-09-18,662.260009765625,653.3799438476562
2025-09-19,663.7000122070312,656.6160278320312
2025-09-22,666.8400268554688,659.722412109375
2025-09-23,663.2100219726562,656.1312866210938
2025-09-24,661.0999755859375,654.0436401367188
2025-09-25,658.0499877929688,651.0263061523438
2025-09-26,661.8200073242188,654.7560424804688
2025-09-29,663.6799926757812,656.5962524414062
2025-09-30,666.1799926757812,659.0695190429688
2025-10-01,668.4500122070312,661.3153686523438
2025-10-02,669.219970703125,662.0770263671875
2025-10-03,669.2100219726562,662.0671997070312
2025-10-06,671.6099853515625,664.4415283203125
2025-10-07,669.1199951171875,661.9781494140625
2025-10-08,673.1099853515625,665.925537109375
2025-10-09,671.1599731445312,663.996337890625
2025-10-10,653.02001953125,646.0499877929688
2025-10-13,663.0399780273438,655.9630126953125
2025-10-14,662.22998046875,655.1616821289062
2025-10-15,665.1699829101562,658.0703125
2025-10-16,660.6400146484375,653.5887451171875
2025-10-17,664.3900146484375,657.2986450195312
2025-10-20,671.2999877929688,664.1348876953125
2025-10-21,671.2899780273438,664.1249389648438
2025-10-22,667.7999877929688,660.6722412109375
2025-10-23,671.760009765625,664.5899658203125
2025-10-24,677.25,670.0213623046875
2025-10-27,685.239990234375,677.9260864257812
2025-10-28,687.0599975585938,679.7266235351562
2025-10-29,687.3900146484375,680.0531616210938
2025-10-30,679.8300170898438,672.5737915039062
2025-10-31,682.0599975585938,674.780029296875
2025-11-03,683.3400268554688,676.04638671875
2025-11-04,675.239990234375,668.0328369140625
2025-11-05,677.5800170898438,670.347900390625
2025-11-06,670.3099975585938,663.1554565429688
2025-11-07,670.969970703125,663.808349609375
2025-11-10,681.4400024414062,674.1666870117188
2025-11-11,683.0,675.7099609375
2025-11-12,683.3800048828125,676.0859375
2025-11-13,672.0399780273438,664.866943359375
2025-11-14,671.9299926757812,664.7581787109375
2025-11-17,665.6699829101562,658.5648803710938
2025-11-18,660.0800170898438,653.0346069335938
2025-11-19,662.6300048828125,655.5574340820312
2025-11-20,652.530029296875,645.5652465820312
2025-11-21,659.030029296875,651.995849609375
2025-11-24,668.72998046875,661.59228515625
2025-11-25,675.02001953125,667.8151245117188
2025-11-26,679.6799926757812,672.4254760742188
2025-11-28,683.3900146484375,676.0958251953125
2025-12-01,680.27001953125,673.0091552734375
2025-12-02,681.530029296875,674.2557373046875
2025-12-03,683.8900146484375,676.5905151367188
2025-12-04,684.3900146484375,677.085205078125
2025-12-05,685.6900024414062,678.3712768554688
2025-12-08,683.6300048828125,676.3333129882812
2025-12-09,683.0399780273438,675.74951171875
2025-12-10,687.5700073242188,680.2312622070312
2025-12-11,689.1699829101562,681.8141479492188
2025-12-12,681.760009765625,674.4832153320312
2025-12-15,680.72998046875,673.4641723632812
2025-12-16,678.8699951171875,671.6240844726562
2025-12-17,671.4000244140625,664.2338256835938
2025-12-18,676.469970703125,669.2496337890625
2025-12-19,680.5900268554688,675.3153686523438
2025-12-22,684.8300170898438,679.5224609375
2025-12-23,687.9600219726562,682.628173828125
2025-12-24,690.3800048828125,685.0294799804688
2025-12-26,690.3099975585938,684.9600219726562
2025-12-29,687.8499755859375,682.51904296875
2025-12-30,687.010009765625,681.685546875
2025-12-31,681.9199829101562,676.635009765625
